2,3933060E+03	1,1319761E+0	7,8124995E+1	7,8302813E-1	4,9432743E-1	1,4221297E-1	-7,6713045E-2	7,8124995E+1	-3,3706429E-1	0,0000000E+0	0,0000000E+0
2,3950635E+03	1,1304580E+0	7,8124995E+1	7,8264629E-1	4,9458820E-1	1,4219434E-1	-7,6778238E-2	7,8124995E+1	-3,3730643E-1	0,0000000E+0	0,0000000E+0
2,3968190E+03	1,1274871E+0	7,8124995E+1	7,8238552E-1	4,9436468E-1	1,4222228E-1	-7,6871370E-2	7,8124995E+1	-3,3737162E-1	0,0000000E+0	0,0000000E+0
2,3985743E+03	1,1248515E+0	7,8124995E+1	7,8203161E-1	4,9441124E-1	1,4208258E-1	-7,6908623E-2	7,8124995E+1	-3,3759514E-1	0,0000000E+0	0,0000000E+0
2,4003293E+03	1,1210237E+0	7,8124995E+1	7,8147282E-1	4,9425292E-1	1,4217571E-1	-7,7048321E-2	7,8124995E+1	-3,3779072E-1	0,0000000E+0	0,0000000E+0
2,4020865E+03	1,1183043E+0	7,8124995E+1	7,8084883E-1	4,9412253E-1	1,4216640E-1	-7,7299778E-2	7,8124995E+1	-3,3793973E-1	0,0000000E+0	0,0000000E+0
2,4038425E+03	1,1146907E+0	7,8124995E+1	7,8002927E-1	4,9399215E-1	1,4215709E-1	-7,7271839E-2	7,8124995E+1	-3,3812599E-1	0,0000000E+0	0,0000000E+0
2,4055981E+03	1,1102111E+0	7,8124995E+1	7,7907932E-1	4,9366619E-1	1,4216640E-1	-7,7271839E-2	7,8124995E+1	-3,3837745E-1	0,0000000E+0	0,0000000E+0
2,4073539E+03	1,1086651E+0	7,8124995E+1	7,7810143E-1	4,9341473E-1	1,4214777E-1	-7,7327718E-2	7,8124995E+1	-3,3846127E-1	0,0000000E+0	0,0000000E+0
2,4091095E+03	1,1051633E+0	7,8124995E+1	7,7693728E-1	4,9303289E-1	1,4228747E-1	-7,7458103E-2	7,8124995E+1	-3,3873135E-1	0,0000000E+0	0,0000000E+0
2,4108663E+03	1,1033193E+0	7,8124995E+1	7,7553098E-1	4,9272555E-1	1,4231541E-1	-7,7597802E-2	7,8124995E+1	-3,3883380E-1	0,0000000E+0	0,0000000E+0
2,4126206E+03	1,1002646E+0	7,8124995E+1	7,7405018E-1	4,9218538E-1	1,4205464E-1	-7,7802693E-2	7,8124995E+1	-3,3902006E-1	0,0000000E+0	0,0000000E+0
2,4143727E+03	1,0978059E+0	7,8124995E+1	7,7249487E-1	4,9163590E-1	1,4219434E-1	-7,8007583E-2	7,8124995E+1	-3,3917839E-1	0,0000000E+0	0,0000000E+0
2,4161275E+03	1,0984019E+0	7,8124995E+1	7,7099544E-1	4,9100260E-1	1,4200807E-1	-7,7942391E-2	7,8124995E+1	-3,3939259E-1	0,0000000E+0	0,0000000E+0
2,4178809E+03	1,0890514E+0	7,8124995E+1	7,6860194E-1	4,9010853E-1	1,4189632E-1	-7,7933078E-2	7,8124995E+1	-3,3940191E-1	0,0000000E+0	0,0000000E+0
2,4196347E+03	1,0869094E+0	7,8124995E+1	7,6620844E-1	4,8922378E-1	1,4151447E-1	-7,7728187E-2	7,8124995E+1	-3,3947641E-1	0,0000000E+0	0,0000000E+0
2,4213899E+03	1,0856428E+0	7,8124995E+1	7,6418747E-1	4,8810619E-1	1,4134684E-1	-7,7895825E-2	7,8124995E+1	-3,3919702E-1	0,0000000E+0	0,0000000E+0
2,4231443E+03	1,0878873E+0	7,8124995E+1	7,6193367E-1	4,8695135E-1	1,4111400E-1	-7,7979644E-2	7,8124995E+1	-3,3898281E-1	0,0000000E+0	0,0000000E+0
2,4248977E+03	1,0888093E+0	7,8124995E+1	7,5981025E-1	4,8537742E-1	1,4079736E-1	-7,7914451E-2	7,8124995E+1	-3,3861960E-1	0,0000000E+0	0,0000000E+0
2,4266529E+03	1,0865741E+0	7,8124995E+1	7,5706285E-1	4,8391524E-1	1,4043414E-1	-7,7569862E-2	7,8124995E+1	-3,3807943E-1	0,0000000E+0	0,0000000E+0
2,4284075E+03	1,0798220E+0	7,8124995E+1	7,5368215E-1	4,8238787E-1	1,3990329E-1	-7,7737500E-2	7,8124995E+1	-3,3743682E-1	0,0000000E+0	0,0000000E+0
2,4301624E+03	1,0581129E+0	7,8124995E+1	7,5047840E-1	4,8074874E-1	1,3916754E-1	-7,8035523E-2	7,8124995E+1	-3,3722261E-1	0,0000000E+0	0,0000000E+0
2,4319156E+03	1,0480080E+0	7,8124995E+1	7,4754474E-1	4,7904442E-1	1,3854355E-1	-7,7830632E-2	7,8124995E+1	-3,3713879E-1	0,0000000E+0	0,0000000E+0
2,4336689E+03	1,0334235E+0	7,8124995E+1	7,4445274E-1	4,7750774E-1	1,3806858E-1	-7,8128655E-2	7,8124995E+1	-3,3735300E-1	0,0000000E+0	0,0000000E+0
2,4354243E+03	1,0273792E+0	7,8124995E+1	7,4136075E-1	4,7598037E-1	1,3764948E-1	-7,8501184E-2	7,8124995E+1	-3,3754857E-1	0,0000000E+0	0,0000000E+0
2,4371806E+03	1,0241941E+0	7,8124995E+1	7,3845503E-1	4,7427605E-1	1,3715588E-1	-7,8799208E-2	7,8124995E+1	-3,3776278E-1	0,0000000E+0	0,0000000E+0
2,4389355E+03	1,0192395E+0	7,8124995E+1	7,3537235E-1	4,7266486E-1	1,3686717E-1	-7,9069291E-2	7,8124995E+1	-3,3797698E-1	0,0000000E+0	0,0000000E+0
2,4406910E+03	1,0161009E+0	7,8124995E+1	7,3208478E-1	4,7103505E-1	1,3656915E-1	-7,9218303E-2	7,8124995E+1	-3,3836814E-1	0,0000000E+0	0,0000000E+0
2,4424446E+03	1,0112208E+0	7,8124995E+1	7,2897416E-1	4,6935867E-1	1,3615937E-1	-7,9441820E-2	7,8124995E+1	-3,3859166E-1	0,0000000E+0	0,0000000E+0
2,4441987E+03	1,0079984E+0	7,8124995E+1	7,2564003E-1	4,6770091E-1	1,3575890E-1	-7,9721217E-2	7,8124995E+1	-3,3894556E-1	0,0000000E+0	0,0000000E+0
2,4459522E+03	1,0016841E+0	7,8124995E+1	7,2221276E-1	4,6583827E-1	1,3530255E-1	-8,0121686E-2	7,8124995E+1	-3,3918770E-1	0,0000000E+0	0,0000000E+0
2,4477081E+03	9,9840580E-1	7,8124995E+1	7,1879481E-1	4,6397562E-1	1,3493934E-1	-8,0289324E-2	7,8124995E+1	-3,3948573E-1	0,0000000E+0	0,0000000E+0
2,4494645E+03	9,9129981E-1	7,8124995E+1	7,1542342E-1	4,6201053E-1	1,3457612E-1	-8,0708419E-2	7,8124995E+1	-3,3981169E-1	0,0000000E+0	0,0000000E+0
2,4512206E+03	9,8725787E-1	7,8124995E+1	7,1209860E-1	4,6002681E-1	1,3404527E-1	-8,0978503E-2	7,8124995E+1	-3,4008177E-1	0,0000000E+0	0,0000000E+0
2,4529746E+03	9,8432420E-1	7,8124995E+1	7,0854094E-1	4,5785683E-1	1,3359823E-1	-8,1183394E-2	7,8124995E+1	-3,4038911E-1	0,0000000E+0	0,0000000E+0
2,4547316E+03	9,8217285E-1	7,8124995E+1	7,0430343E-1	4,5573342E-1	1,3300218E-1	-8,1630429E-2	7,8124995E+1	-3,4064057E-1	0,0000000E+0	0,0000000E+0
2,4564865E+03	9,7443355E-1	7,8124995E+1	6,9926497E-1	4,5349824E-1	1,3221987E-1	-8,2086777E-2	7,8124995E+1	-3,4077095E-1	0,0000000E+0	0,0000000E+0
2,4582427E+03	9,7071758E-1	7,8124995E+1	6,9472943E-1	4,5095573E-1	1,3157726E-1	-8,2422053E-2	7,8124995E+1	-3,4088271E-1	0,0000000E+0	0,0000000E+0
2,4599977E+03	9,6597715E-1	7,8124995E+1	6,9083650E-1	4,4848773E-1	1,3087877E-1	-8,2692136E-2	7,8124995E+1	-3,4093859E-1	0,0000000E+0	0,0000000E+0
2,4617526E+03	9,5925300E-1	7,8124995E+1	6,8708327E-1	4,4589865E-1	1,3013371E-1	-8,3297496E-2	7,8124995E+1	-3,4101309E-1	0,0000000E+0	0,0000000E+0
2,4635077E+03	9,5164409E-1	7,8124995E+1	6,8339523E-1	4,4326301E-1	1,2953766E-1	-8,3660712E-2	7,8124995E+1	-3,4129249E-1	0,0000000E+0	0,0000000E+0
2,4652620E+03	9,4219117E-1	7,8124995E+1	6,7977239E-1	4,4089745E-1	1,2876467E-1	-8,4182253E-2	7,8124995E+1	-3,4139494E-1	0,0000000E+0	0,0000000E+0
2,4670166E+03	9,3393033E-1	7,8124995E+1	6,7608435E-1	4,3843875E-1	1,2801961E-1	-8,4517529E-2	7,8124995E+1	-3,4171159E-1	0,0000000E+0	0,0000000E+0
2,4687718E+03	9,2997221E-1	7,8124995E+1	6,7241494E-1	4,3604526E-1	1,2732112E-1	-8,4955250E-2	7,8124995E+1	-3,4188854E-1	0,0000000E+0	0,0000000E+0
2,4705263E+03	9,2198146E-1	7,8124995E+1	6,6866171E-1	4,3352137E-1	1,2635254E-1	-8,5439538E-2	7,8124995E+1	-3,4220519E-1	0,0000000E+0	0,0000000E+0
2,4722819E+03	9,1583473E-1	7,8124995E+1	6,6476878E-1	4,3112787E-1	1,2542122E-1	-8,6007645E-2	7,8124995E+1	-3,4250321E-1	0,0000000E+0	0,0000000E+0
2,4740372E+03	9,1210013E-1	7,8124995E+1	6,6091310E-1	4,2858536E-1	1,2453646E-1	-8,6361547E-2	7,8124995E+1	-3,4262428E-1	0,0000000E+0	0,0000000E+0
2,4757899E+03	9,0781605E-1	7,8124995E+1	6,5709468E-1	4,2605216E-1	1,2377278E-1	-8,6734077E-2	7,8124995E+1	-3,4276398E-1	0,0000000E+0	0,0000000E+0
2,4775465E+03	9,0209773E-1	7,8124995E+1	6,5325763E-1	4,2349103E-1	1,2279489E-1	-8,7376689E-2	7,8124995E+1	-3,4315514E-1	0,0000000E+0	0,0000000E+0
2,4793030E+03	8,9301733E-1	7,8124995E+1	6,4934608E-1	4,2106027E-1	1,2175181E-1	-8,7944796E-2	7,8124995E+1	-3,4242870E-1	0,0000000E+0	0,0000000E+0
2,4810586E+03	8,8875187E-1	7,8124995E+1	6,4558353E-1	4,1851776E-1	1,2092293E-1	-8,8680541E-2	7,8124995E+1	-3,4274535E-1	0,0000000E+0	0,0000000E+0
2,4828140E+03	8,8012783E-1	7,8124995E+1	6,4146709E-1	4,1570517E-1	1,1985191E-1	-8,9667743E-2	7,8124995E+1	-3,4311788E-1	0,0000000E+0	0,0000000E+0
2,4845696E+03	8,7307771E-1	7,8124995E+1	6,3759279E-1	4,1306021E-1	1,1875295E-1	-9,0068212E-2	7,8124995E+1	-3,4362080E-1	0,0000000E+0	0,0000000E+0
2,4863240E+03	8,6447229E-1	7,8124995E+1	6,3352291E-1	4,1032212E-1	1,1726283E-1	-9,0701511E-2	7,8124995E+1	-3,4415165E-1	0,0000000E+0	0,0000000E+0
2,4880800E+03	8,6065387E-1	7,8124995E+1	6,2939715E-1	4,0762129E-1	1,1691824E-1	-9,1148546E-2	7,8124995E+1	-3,4794213E-1	0,0000000E+0	0,0000000E+0
2,4898331E+03	8,5832556E-1	7,8124995E+1	6,2569980E-1	4,0470625E-1	1,1512079E-1	-9,1884291E-2	7,8124995E+1	-3,4541825E-1	0,0000000E+0	0,0000000E+0
2,4915886E+03	8,5469340E-1	7,8124995E+1	6,2162060E-1	4,0194953E-1	1,1407771E-1	-9,2713168E-2	7,8124995E+1	-3,4536237E-1	0,0000000E+0	0,0000000E+0
2,4933447E+03	8,5050245E-1	7,8124995E+1	6,1774630E-1	3,9913694E-1	1,1331402E-1	-9,3439599E-2	7,8124995E+1	-3,4475701E-1	0,0000000E+0	0,0000000E+0
2,4951013E+03	8,4632081E-1	7,8124995E+1	6,1361123E-1	3,9624053E-1	1,1190773E-1	-9,4277790E-2	7,8124995E+1	-3,4498984E-1	0,0000000E+0	0,0000000E+0
2,4968545E+03	8,4071425E-1	7,8124995E+1	6,0957860E-1	3,9363282E-1	1,1092984E-1	-9,4892463E-2	7,8124995E+1	-3,4518542E-1	0,0000000E+0	0,0000000E+0
2,4986111E+03	8,3513563E-1	7,8124995E+1	6,0538765E-1	3,9076435E-1	1,0974706E-1	-9,5590955E-2	7,8124995E+1	-3,4560451E-1	0,0000000E+0	0,0000000E+0
2,5003659E+03	8,3169905E-1	7,8124995E+1	6,0138296E-1	3,8784931E-1	1,0860153E-1	-9,6280134E-2	7,8124995E+1	-3,4604224E-1	0,0000000E+0	0,0000000E+0
2,5021207E+03	8,2502147E-1	7,8124995E+1	5,9735965E-1	3,8493427E-1	1,0718592E-1	-9,7053131E-2	7,8124995E+1	-3,4646133E-1	0,0000000E+0	0,0000000E+0
2,5038757E+03	8,2015996E-1	7,8124995E+1	5,9314076E-1	3,8204717E-1	1,0592864E-1	-9,7956514E-2	7,8124995E+1	-3,4689905E-1	0,0000000E+0	0,0000000E+0
2,5056299E+03	8,1476760E-1	7,8124995E+1	5,8918264E-1	3,7916938E-1	1,0474586E-1	-9,8841271E-2	7,8124995E+1	-3,4728090E-1	0,0000000E+0	0,0000000E+0
2,5073829E+03	8,0944044E-1	7,8124995E+1	5,8511276E-1	3,7617984E-1	1,0345132E-1	-9,9707401E-2	7,8124995E+1	-3,4769068E-1	0,0000000E+0	0,0000000E+0
2,5091368E+03	8,0435542E-1	7,8124995E+1	5,8099631E-1	3,7315304E-1	1,0216609E-1	-1,0065735E-1	7,8124995E+1	-3,4801664E-1	0,0000000E+0	0,0000000E+0
2,5108910E+03	7,9839495E-1	7,8124995E+1	5,7688918E-1	3,7033113E-1	1,0079705E-1	-1,0143966E-1	7,8124995E+1	-3,4853818E-1	0,0000000E+0	0,0000000E+0
2,5126471E+03	7,9240655E-1	7,8124995E+1	5,7265166E-1	3,6731365E-1	9,9390751E-2	-1,0232442E-1	7,8124995E+1	-3,4890140E-1	0,0000000E+0	0,0000000E+0
2,5144017E+03	7,8645540E-1	7,8124995E+1	5,6866560E-1	3,6437998E-1	9,8189345E-2	-1,0318123E-1	7,8124995E+1	-3,4921805E-1	0,0000000E+0	0,0000000E+0
2,5161556E+03	7,8106304E-1	7,8124995E+1	5,6459572E-1	3,6138112E-1	9,6745795E-2	-1,0408462E-1	7,8124995E+1	-3,4967439E-1	0,0000000E+0	0,0000000E+0
2,5179124E+03	7,7581969E-1	7,8124995E+1	5,6059103E-1	3,5855921E-1	9,5469883E-2	-1,0505319E-1	7,8124995E+1	-3,4999104E-1	0,0000000E+0	0,0000000E+0
2,5196689E+03	7,7041802E-1	7,8124995E+1	5,5649321E-1	3,5570937E-1	9,4166031E-2	-1,0597520E-1	7,8124995E+1	-3,5048465E-1	0,0000000E+0	0,0000000E+0
2,5214257E+03	7,6561239E-1	7,8124995E+1	5,5265616E-1	3,5258943E-1	9,2722481E-2	-1,0675751E-1	7,8124995E+1	-3,5085717E-1	0,0000000E+0	0,0000000E+0
2,5231816E+03	7,6093715E-1	7,8124995E+1	5,4852109E-1	3,4967439E-1	9,1297557E-2	-1,0779128E-1	7,8124995E+1	-3,5118314E-1	0,0000000E+0	0,0000000E+0
2,5249363E+03	7,5600115E-1	7,8124995E+1	5,4446052E-1	3,4680592E-1	8,9928513E-2	-1,0851771E-1	7,8124995E+1	-3,5166743E-1	0,0000000E+0	0,0000000E+0
2,5266926E+03	7,5109307E-1	7,8124995E+1	5,4066073E-1	3,4398401E-1	8,8512903E-2	-1,0938384E-1	7,8124995E+1	-3,5215171E-1	0,0000000E+0	0,0000000E+0
2,5284469E+03	7,4732122E-1	7,8124995E+1	5,3651634E-1	3,4100378E-1	8,7199738E-2	-1,1016615E-1	7,8124995E+1	-3,5247768E-1	0,0000000E+0	0,0000000E+0
2,5302012E+03	7,4425717E-1	7,8124995E+1	5,3259547E-1	3,3803286E-1	8,5681682E-2	-1,1098572E-1	7,8124995E+1	-3,5283158E-1	0,0000000E+0	0,0000000E+0
2,5319583E+03	7,3957261E-1	7,8124995E+1	5,2865598E-1	3,3508988E-1	8,4294011E-2	-1,1183322E-1	7,8124995E+1	-3,5312960E-1	0,0000000E+0	0,0000000E+0
2,5337137E+03	7,3488806E-1	7,8124995E+1	5,2457678E-1	3,3222141E-1	8,2813208E-2	-1,1265279E-1	7,8124995E+1	-3,5337175E-1	0,0000000E+0	0,0000000E+0
2,5354707E+03	7,2779138E-1	7,8124995E+1	5,2055347E-1	3,2917598E-1	8,1332405E-2	-1,1349098E-1	7,8124995E+1	-3,5367908E-1	0,0000000E+0	0,0000000E+0
2,5372260E+03	7,2288331E-1	7,8124995E+1	5,1664192E-1	3,2616781E-1	8,0047180E-2	-1,1425466E-1	7,8124995E+1	-3,5383741E-1	0,0000000E+0	0,0000000E+0
2,5389807E+03	7,1836640E-1	7,8124995E+1	5,1268379E-1	3,2315033E-1	7,8557064E-2	-1,1517667E-1	7,8124995E+1	-3,5415406E-1	0,0000000E+0	0,0000000E+0
2,5407363E+03	7,1387742E-1	7,8124995E+1	5,0884675E-1	3,2022597E-1	7,7178706E-2	-1,1603349E-1	7,8124995E+1	-3,5433101E-1	0,0000000E+0	0,0000000E+0
2,5424915E+03	7,0876446E-1	7,8124995E+1	5,0488862E-1	3,1726437E-1	7,5697903E-2	-1,1683442E-1	7,8124995E+1	-3,5433101E-1	0,0000000E+0	0,0000000E+0
2,5442471E+03	7,0252460E-1	7,8124995E+1	5,0091188E-1	3,1442383E-1	7,4096028E-2	-1,1770987E-1	7,8124995E+1	-3,5434032E-1	0,0000000E+0	0,0000000E+0
2,5460026E+03	6,9759790E-1	7,8124995E+1	4,9712139E-1	3,1144360E-1	7,2671105E-2	-1,1854806E-1	7,8124995E+1	-3,5461040E-1	0,0000000E+0	0,0000000E+0
2,5477556E+03	6,9357459E-1	7,8124995E+1	4,9320053E-1	3,0860307E-1	7,1208928E-2	-1,1935831E-1	7,8124995E+1	-3,5463834E-1	0,0000000E+0	0,0000000E+0
2,5495093E+03	6,8865721E-1	7,8124995E+1	4,8934485E-1	3,0566940E-1	6,9746752E-2	-1,2009405E-1	7,8124995E+1	-3,5490843E-1	0,0000000E+0	0,0000000E+0
2,5512646E+03	6,8339523E-1	7,8124995E+1	4,8548917E-1	3,0286612E-1	6,8228696E-2	-1,2107194E-1	7,8124995E+1	-3,5503881E-1	0,0000000E+0	0,0000000E+0
2,5530196E+03	6,7957681E-1	7,8124995E+1	4,8176388E-1	2,9990451E-1	6,6803772E-2	-1,2207777E-1	7,8124995E+1	-3,5534615E-1	0,0000000E+0	0,0000000E+0
2,5547764E+03	6,7509715E-1	7,8124995E+1	4,7766606E-1	2,9706398E-1	6,5285716E-2	-1,2306497E-1	7,8124995E+1	-3,5568143E-1	0,0000000E+0	0,0000000E+0
2,5565307E+03	6,6937883E-1	7,8124995E+1	4,7387558E-1	2,9417688E-1	6,3758347E-2	-1,2415462E-1	7,8124995E+1	-3,5599808E-1	0,0000000E+0	0,0000000E+0
2,5582846E+03	6,6385608E-1	7,8124995E+1	4,7013166E-1	2,9132703E-1	6,2286858E-2	-1,2514182E-1	7,8124995E+1	-3,5653824E-1	0,0000000E+0	0,0000000E+0
2,5600409E+03	6,5885488E-1	7,8124995E+1	4,6637843E-1	2,8843062E-1	6,0684983E-2	-1,2615696E-1	7,8124995E+1	-3,5692940E-1	0,0000000E+0	0,0000000E+0
2,5617950E+03	6,5154400E-1	7,8124995E+1	4,6255070E-1	2,8547833E-1	5,9017915E-2	-1,2730249E-1	7,8124995E+1	-3,5729261E-1	0,0000000E+0	0,0000000E+0
2,5635511E+03	6,4545315E-1	7,8124995E+1	4,5876953E-1	2,8265642E-1	5,7481233E-2	-1,2835488E-1	7,8124995E+1	-3,5775828E-1	0,0000000E+0	0,0000000E+0
2,5653052E+03	6,3930642E-1	7,8124995E+1	4,5492317E-1	2,7977863E-1	5,5870045E-2	-1,2931415E-1	7,8124995E+1	-3,5822394E-1	0,0000000E+0	0,0000000E+0
2,5670589E+03	6,3472431E-1	7,8124995E+1	4,5126307E-1	2,7695672E-1	5,4370615E-2	-1,3036654E-1	7,8124995E+1	-3,5869891E-1	0,0000000E+0	0,0000000E+0
2,5688147E+03	6,3055199E-1	7,8124995E+1	4,4751915E-1	2,7400443E-1	5,2750114E-2	-1,3133512E-1	7,8124995E+1	-3,5909938E-1	0,0000000E+0	0,0000000E+0
2,5705688E+03	6,2670562E-1	7,8124995E+1	4,4385905E-1	2,7107076E-1	5,1269311E-2	-1,3224781E-1	7,8124995E+1	-3,5949985E-1	0,0000000E+0	0,0000000E+0
2,5723238E+03	6,2187206E-1	7,8124995E+1	4,4019895E-1	2,6840718E-1	4,9751255E-2	-1,3331883E-1	7,8124995E+1	-3,5994688E-1	0,0000000E+0	0,0000000E+0
2,5740775E+03	6,1600473E-1	7,8124995E+1	4,3646435E-1	2,6544558E-1	4,8065561E-2	-1,3426878E-1	7,8124995E+1	-3,6031941E-1	0,0000000E+0	0,0000000E+0
2,5758318E+03	6,1037023E-1	7,8124995E+1	4,3275769E-1	2,6263298E-1	4,6622011E-2	-1,3544225E-1	7,8124995E+1	-3,6073851E-1	0,0000000E+0	0,0000000E+0
2,5775862E+03	6,0561117E-1	7,8124995E+1	4,2912553E-1	2,5977382E-1	4,5131895E-2	-1,3637357E-1	7,8124995E+1	-3,6115760E-1	0,0000000E+0	0,0000000E+0
2,5793418E+03	6,0120601E-1	7,8124995E+1	4,2533505E-1	2,5686809E-1	4,3595212E-2	-1,3743528E-1	7,8124995E+1	-3,6169777E-1	0,0000000E+0	0,0000000E+0
2,5810966E+03	5,9670772E-1	7,8124995E+1	4,2169357E-1	2,5409275E-1	4,2077156E-2	-1,3832004E-1	7,8124995E+1	-3,6199579E-1	0,0000000E+0	0,0000000E+0
2,5828511E+03	5,9281479E-1	7,8124995E+1	4,1812661E-1	2,5109389E-1	4,0447342E-2	-1,3932587E-1	7,8124995E+1	-3,6240558E-1	0,0000000E+0	0,0000000E+0
2,5846073E+03	5,8915470E-1	7,8124995E+1	4,1454102E-1	2,4831855E-1	3,9031731E-2	-1,4029444E-1	7,8124995E+1	-3,6268497E-1	0,0000000E+0	0,0000000E+0
2,5863616E+03	5,8567155E-1	7,8124995E+1	4,1085298E-1	2,4558046E-1	3,7504362E-2	-1,4137478E-1	7,8124995E+1	-3,6318789E-1	0,0000000E+0	0,0000000E+0
2,5881172E+03	5,8171343E-1	7,8124995E+1	4,0733258E-1	2,4284238E-1	3,6023559E-2	-1,4236198E-1	7,8124995E+1	-3,6343934E-1	0,0000000E+0	0,0000000E+0
2,5898727E+03	5,7643283E-1	7,8124995E+1	4,0365385E-1	2,3992734E-1	3,4440311E-2	-1,4334918E-1	7,8124995E+1	-3,6383981E-1	0,0000000E+0	0,0000000E+0
2,5916278E+03	5,7231638E-1	7,8124995E+1	4,0025453E-1	2,3722650E-1	3,2801183E-2	-1,4428982E-1	7,8124995E+1	-3,6422165E-1	0,0000000E+0	0,0000000E+0
2,5933823E+03	5,6945722E-1	7,8124995E+1	3,9650130E-1	2,3449773E-1	3,1394886E-2	-1,4519320E-1	7,8124995E+1	-3,6445448E-1	0,0000000E+0	0,0000000E+0
2,5951376E+03	5,6550841E-1	7,8124995E+1	3,9314854E-1	2,3180620E-1	2,9886143E-2	-1,4608727E-1	7,8124995E+1	-3,6490152E-1	0,0000000E+0	0,0000000E+0
2,5968913E+03	5,6004155E-1	7,8124995E+1	3,8948844E-1	2,2901223E-1	2,8256329E-2	-1,4704653E-1	7,8124995E+1	-3,6522748E-1	0,0000000E+0	0,0000000E+0
2,5986457E+03	5,5478889E-1	7,8124995E+1	3,8607048E-1	2,2640453E-1	2,6710333E-2	-1,4797785E-1	7,8124995E+1	-3,6553482E-1	0,0000000E+0	0,0000000E+0
2,6004037E+03	5,4863285E-1	7,8124995E+1	3,8243832E-1	2,2360125E-1	2,5164337E-2	-1,4885330E-1	7,8124995E+1	-3,6597254E-1	0,0000000E+0	0,0000000E+0
2,6021604E+03	5,4336156E-1	7,8124995E+1	3,7895518E-1	2,2103080E-1	2,3553149E-2	-1,4989638E-1	7,8124995E+1	-3,6630782E-1	0,0000000E+0	0,0000000E+0
2,6039165E+03	5,3963627E-1	7,8124995E+1	3,7560242E-1	2,1819958E-1	2,2184105E-2	-1,5093946E-1	7,8124995E+1	-3,6685730E-1	0,0000000E+0	0,0000000E+0
2,6056720E+03	5,3448606E-1	7,8124995E+1	3,7198888E-1	2,1548012E-1	2,0638109E-2	-1,5182422E-1	7,8124995E+1	-3,6735090E-1	0,0000000E+0	0,0000000E+0
2,6074256E+03	5,2993189E-1	7,8124995E+1	3,6833810E-1	2,1280722E-1	1,9352884E-2	-1,5261584E-1	7,8124995E+1	-3,6764892E-1	0,0000000E+0	0,0000000E+0
2,6091806E+03	5,2629042E-1	7,8124995E+1	3,6488289E-1	2,1003188E-1	1,7872081E-2	-1,5342609E-1	7,8124995E+1	-3,6774205E-1	0,0000000E+0	0,0000000E+0
2,6109362E+03	5,2028339E-1	7,8124995E+1	3,6125073E-1	2,0742418E-1	1,6381965E-2	-1,5397557E-1	7,8124995E+1	-3,6794694E-1	0,0000000E+0	0,0000000E+0
2,6126924E+03	5,1511455E-1	7,8124995E+1	3,5773965E-1	2,0475128E-1	1,4947728E-2	-1,5452505E-1	7,8124995E+1	-3,6824497E-1	0,0000000E+0	0,0000000E+0
2,6144459E+03	5,1026236E-1	7,8124995E+1	3,5437757E-1	2,0193869E-1	1,3438986E-2	-1,5514904E-1	7,8124995E+1	-3,6863612E-1	0,0000000E+0	0,0000000E+0
2,6162001E+03	5,0698410E-1	7,8124995E+1	3,5108069E-1	1,9923785E-1	1,2088568E-2	-1,5617349E-1	7,8124995E+1	-3,6913904E-1	0,0000000E+0	0,0000000E+0
2,6179560E+03	5,0348233E-1	7,8124995E+1	3,4772793E-1	1,9664877E-1	1,0579825E-2	-1,5717932E-1	7,8124995E+1	-3,6965127E-1	0,0000000E+0	0,0000000E+0
2,6197111E+03	5,0003643E-1	7,8124995E+1	3,4439380E-1	1,9408764E-1	9,1455882E-3	-1,5823171E-1	7,8124995E+1	-3,6995860E-1	0,0000000E+0	0,0000000E+0
2,6214646E+03	4,9647878E-1	7,8124995E+1	3,4118073E-1	1,9136817E-1	7,7765440E-3	-1,5927480E-1	7,8124995E+1	-3,7037770E-1	0,0000000E+0	0,0000000E+0
2,6232176E+03	4,9268830E-1	7,8124995E+1	3,3792110E-1	1,8890017E-1	6,3609336E-3	-1,6031788E-1	7,8124995E+1	-3,7063847E-1	0,0000000E+0	0,0000000E+0
2,6249727E+03	4,8895369E-1	7,8124995E+1	3,3468941E-1	1,8638560E-1	4,8521909E-3	-1,6138890E-1	7,8124995E+1	-3,7108550E-1	0,0000000E+0	0,0000000E+0
2,6267281E+03	4,8557299E-1	7,8124995E+1	3,3150429E-1	1,8368476E-1	3,2968821E-3	-1,6233885E-1	7,8124995E+1	-3,7139284E-1	0,0000000E+0	0,0000000E+0
2,6284853E+03	4,7910961E-1	7,8124995E+1	3,2809565E-1	1,8125401E-1	1,9557775E-3	-1,6344712E-1	7,8124995E+1	-3,7182125E-1	0,0000000E+0	0,0000000E+0
2,6302399E+03	4,6708624E-1	7,8124995E+1	3,2454731E-1	1,7850661E-1	5,0291422E-4	-1,6455540E-1	7,8124995E+1	-3,7191438E-1	0,0000000E+0	0,0000000E+0
2,6319940E+03	4,7030861E-1	7,8124995E+1	3,2139013E-1	1,7596410E-1	-1,0896475E-3	-1,6544947E-1	7,8124995E+1	-3,7176537E-1	0,0000000E+0	0,0000000E+0
2,6337490E+03	4,6914446E-1	7,8124995E+1	3,1797217E-1	1,7309562E-1	-2,5052579E-3	-1,6587787E-1	7,8124995E+1	-3,7114138E-1	0,0000000E+0	0,0000000E+0
2,6355047E+03	4,6061355E-1	7,8124995E+1	3,1426551E-1	1,7043204E-1	-4,0978196E-3	-1,6668812E-1	7,8124995E+1	-3,7100168E-1	0,0000000E+0	0,0000000E+0
2,6372600E+03	4,5510943E-1	7,8124995E+1	3,1087549E-1	1,6763807E-1	-5,6624416E-3	-1,6765670E-1	7,8124995E+1	-3,7113207E-1	0,0000000E+0	0,0000000E+0
2,6390141E+03	4,4956806E-1	7,8124995E+1	3,0751342E-1	1,6500243E-1	-7,1525578E-3	-1,6851352E-1	7,8124995E+1	-3,7129039E-1	0,0000000E+0	0,0000000E+0
2,6407688E+03	4,4831077E-1	7,8124995E+1	3,0416066E-1	1,6242267E-1	-8,6519872E-3	-1,6923995E-1	7,8124995E+1	-3,7159773E-1	0,0000000E+0	0,0000000E+0
2,6425226E+03	4,4659714E-1	7,8124995E+1	3,0104073E-1	1,5986153E-1	-1,0197983E-2	-1,7001295E-1	7,8124995E+1	-3,7177468E-1	0,0000000E+0	0,0000000E+0
2,6442775E+03	4,4386837E-1	7,8124995E+1	2,9786492E-1	1,5727245E-1	-1,1669473E-2	-1,7085114E-1	7,8124995E+1	-3,7213790E-1	0,0000000E+0	0,0000000E+0
2,6460329E+03	4,4036659E-1	7,8124995E+1	2,9473567E-1	1,5474857E-1	-1,3113023E-2	-1,7162413E-1	7,8124995E+1	-3,7240798E-1	0,0000000E+0	0,0000000E+0
2,6477875E+03	4,3414536E-1	7,8124995E+1	2,9140154E-1	1,5225262E-1	-1,4528633E-2	-1,7238782E-1	7,8124995E+1	-3,7276188E-1	0,0000000E+0	0,0000000E+0
2,6495419E+03	4,2859467E-1	7,8124995E+1	2,8832817E-1	1,4985912E-1	-1,6065315E-2	-1,7340296E-1	7,8124995E+1	-3,7308785E-1	0,0000000E+0	0,0000000E+0
2,6512973E+03	4,2572620E-1	7,8124995E+1	2,8529206E-1	1,4735387E-1	-1,7480926E-2	-1,7415733E-1	7,8124995E+1	-3,7343244E-1	0,0000000E+0	0,0000000E+0
2,6530528E+03	4,2316506E-1	7,8124995E+1	2,8202312E-1	1,4494174E-1	-1,8905849E-2	-1,7503278E-1	7,8124995E+1	-3,7357213E-1	0,0000000E+0	0,0000000E+0
2,6548075E+03	4,1969123E-1	7,8124995E+1	2,7895907E-1	1,4249236E-1	-2,0386652E-2	-1,7595478E-1	7,8124995E+1	-3,7399123E-1	0,0000000E+0	0,0000000E+0
2,6565645E+03	4,1611495E-1	7,8124995E+1	2,7589502E-1	1,4008024E-1	-2,1671878E-2	-1,7681160E-1	7,8124995E+1	-3,7444758E-1	0,0000000E+0	0,0000000E+0
2,6583185E+03	4,1295777E-1	7,8124995E+1	2,7304517E-1	1,3770536E-1	-2,3003669E-2	-1,7754735E-1	7,8124995E+1	-3,7475491E-1	0,0000000E+0	0,0000000E+0
2,6600745E+03	4,0970745E-1	7,8124995E+1	2,6990661E-1	1,3536774E-1	-2,4503098E-2	-1,7849730E-1	7,8124995E+1	-3,7518332E-1	0,0000000E+0	0,0000000E+0
2,6618315E+03	4,0634538E-1	7,8124995E+1	2,6707539E-1	1,3288111E-1	-2,5862829E-2	-1,7933549E-1	7,8124995E+1	-3,7556516E-1	0,0000000E+0	0,0000000E+0
2,6635860E+03	4,0268528E-1	7,8124995E+1	2,6410447E-1	1,3057143E-1	-2,7231874E-2	-1,8032269E-1	7,8124995E+1	-3,7587250E-1	0,0000000E+0	0,0000000E+0
2,6653406E+03	3,9936046E-1	7,8124995E+1	2,6117081E-1	1,2825244E-1	-2,8796496E-2	-1,8119813E-1	7,8124995E+1	-3,7634747E-1	0,0000000E+0	0,0000000E+0
2,6670957E+03	3,9604495E-1	7,8124995E+1	2,5810675E-1	1,2590551E-1	-3,0100347E-2	-1,8202701E-1	7,8124995E+1	-3,7671069E-1	0,0000000E+0	0,0000000E+0
2,6688520E+03	3,9309266E-1	7,8124995E+1	2,5535004E-1	1,2364239E-1	-3,1404199E-2	-1,8293039E-1	7,8124995E+1	-3,7719498E-1	0,0000000E+0	0,0000000E+0
2,6706086E+03	3,9000066E-1	7,8124995E+1	2,5246294E-1	1,2126752E-1	-3,2819809E-2	-1,8377789E-1	7,8124995E+1	-3,7749300E-1	0,0000000E+0	0,0000000E+0
2,6723646E+03	3,8699249E-1	7,8124995E+1	2,4945477E-1	1,1900441E-1	-3,4188854E-2	-1,8466265E-1	7,8124995E+1	-3,7784690E-1	0,0000000E+0	0,0000000E+0
2,6741216E+03	3,8398432E-1	7,8124995E+1	2,4684706E-1	1,1674129E-1	-3,5604464E-2	-1,8554741E-1	7,8124995E+1	-3,7818218E-1	0,0000000E+0	0,0000000E+0
2,6758775E+03	3,8062225E-1	7,8124995E+1	2,4385752E-1	1,1435711E-1	-3,6973508E-2	-1,8637628E-1	7,8124995E+1	-3,7853608E-1	0,0000000E+0	0,0000000E+0
2,6776324E+03	3,7717635E-1	7,8124995E+1	2,4108218E-1	1,1222438E-1	-3,8379806E-2	-1,8732623E-1	7,8124995E+1	-3,7881548E-1	0,0000000E+0	0,0000000E+0
2,6793894E+03	3,7398192E-1	7,8124995E+1	2,3823233E-1	1,0992401E-1	-3,9683657E-2	-1,8808061E-1	7,8124995E+1	-3,7929977E-1	0,0000000E+0	0,0000000E+0
2,6811429E+03	3,7079679E-1	7,8124995E+1	2,3546630E-1	1,0775403E-1	-4,1024762E-2	-1,8892811E-1	7,8124995E+1	-3,7947672E-1	0,0000000E+0	0,0000000E+0
2,6828981E+03	3,6769549E-1	7,8124995E+1	2,3270959E-1	1,0563993E-1	-4,2337927E-2	-1,8979424E-1	7,8124995E+1	-3,7984925E-1	0,0000000E+0	0,0000000E+0
2,6846539E+03	3,6451036E-1	7,8124995E+1	2,2991562E-1	1,0339544E-1	-4,3697658E-2	-1,9055792E-1	7,8124995E+1	-3,7997032E-1	0,0000000E+0	0,0000000E+0
2,6864081E+03	3,6106447E-1	7,8124995E+1	2,2720547E-1	1,0128134E-1	-4,5066702E-2	-1,9155444E-1	7,8124995E+1	-3,8031491E-1	0,0000000E+0	0,0000000E+0
2,6881627E+03	3,5768377E-1	7,8124995E+1	2,2450463E-1	9,8990282E-2	-4,6351927E-2	-1,9242057E-1	7,8124995E+1	-3,8051980E-1	0,0000000E+0	0,0000000E+0
2,6899161E+03	3,5425650E-1	7,8124995E+1	2,2186899E-1	9,6727168E-2	-4,7618526E-2	-1,9322151E-1	7,8124995E+1	-3,8086439E-1	0,0000000E+0	0,0000000E+0
2,6916735E+03	3,5083855E-1	7,8124995E+1	2,1924266E-1	9,4650319E-2	-4,9034136E-2	-1,9397588E-1	7,8124995E+1	-3,8123692E-1	0,0000000E+0	0,0000000E+0
2,6934279E+03	3,4754167E-1	7,8124995E+1	2,1649526E-1	9,2452397E-2	-5,0179663E-2	-1,9477681E-1	7,8124995E+1	-3,8147906E-1	0,0000000E+0	0,0000000E+0
2,6951826E+03	3,4411440E-1	7,8124995E+1	2,1381305E-1	9,0375548E-2	-5,1613900E-2	-1,9561501E-1	7,8124995E+1	-3,8170258E-1	0,0000000E+0	0,0000000E+0
2,6969383E+03	3,4076164E-1	7,8124995E+1	2,1123329E-1	8,8326638E-2	-5,2852559E-2	-1,9638800E-1	7,8124995E+1	-3,8210305E-1	0,0000000E+0	0,0000000E+0
2,6986922E+03	3,3757651E-1	7,8124995E+1	2,0858833E-1	8,6314981E-2	-5,4175037E-2	-1,9734727E-1	7,8124995E+1	-3,8246626E-1	0,0000000E+0	0,0000000E+0
2,7004471E+03	3,3439139E-1	7,8124995E+1	2,0596200E-1	8,4107747E-2	-5,5478889E-2	-1,9805507E-1	7,8124995E+1	-3,8278291E-1	0,0000000E+0	0,0000000E+0
2,7022008E+03	3,3099206E-1	7,8124995E+1	2,0329842E-1	8,2161282E-2	-5,6615103E-2	-1,9893051E-1	7,8124995E+1	-3,8306231E-1	0,0000000E+0	0,0000000E+0
2,7039536E+03	3,2597223E-1	7,8124995E+1	2,0068140E-1	8,0000614E-2	-5,7974834E-2	-1,9990840E-1	7,8124995E+1	-3,8327652E-1	0,0000000E+0	0,0000000E+0
2,7057073E+03	3,2255428E-1	7,8124995E+1	1,9808301E-1	7,7858572E-2	-5,9073794E-2	-2,0056033E-1	7,8124995E+1	-3,8366767E-1	0,0000000E+0	0,0000000E+0
2,7074625E+03	3,2015147E-1	7,8124995E+1	1,9556844E-1	7,5856228E-2	-6,0433525E-2	-2,0079316E-1	7,8124995E+1	-3,8404951E-1	0,0000000E+0	0,0000000E+0
2,7092177E+03	3,1668695E-1	7,8124995E+1	1,9302593E-1	7,3825945E-2	-6,1690811E-2	-2,0110050E-1	7,8124995E+1	-3,8458968E-1	0,0000000E+0	0,0000000E+0
2,7109728E+03	3,1229110E-1	7,8124995E+1	1,9031578E-1	7,1665276E-2	-6,2836338E-2	-2,0139852E-1	7,8124995E+1	-3,8499946E-1	0,0000000E+0	0,0000000E+0
2,7127281E+03	3,0954370E-1	7,8124995E+1	1,8770808E-1	6,9653620E-2	-6,4056371E-2	-2,0220877E-1	7,8124995E+1	-3,8525092E-1	0,0000000E+0	0,0000000E+0
2,7144836E+03	3,0831436E-1	7,8124995E+1	1,8507243E-1	6,7614023E-2	-6,5350909E-2	-2,0219014E-1	7,8124995E+1	-3,8541856E-1	0,0000000E+0	0,0000000E+0
2,7162386E+03	3,0206518E-1	7,8124995E+1	1,8131920E-1	6,5611679E-2	-6,6356737E-2	-1,9895845E-1	7,8124995E+1	-3,8536268E-1	0,0000000E+0	0,0000000E+0
2,7179928E+03	2,9604884E-1	7,8124995E+1	1,7871150E-1	6,3367192E-2	-6,7483638E-2	-1,9825065E-1	7,8124995E+1	-3,8545581E-1	0,0000000E+0	0,0000000E+0
2,7197456E+03	2,9436314E-1	7,8124995E+1	1,7633663E-1	6,1318282E-2	-6,8601225E-2	-1,9890257E-1	7,8124995E+1	-3,8574452E-1	0,0000000E+0	0,0000000E+0
2,7215010E+03	2,9254706E-1	7,8124995E+1	1,7382206E-1	5,9315938E-2	-6,9737439E-2	-2,0104462E-1	7,8124995E+1	-3,8607980E-1	0,0000000E+0	0,0000000E+0
2,7232560E+03	2,9062854E-1	7,8124995E+1	1,7124229E-1	5,7257715E-2	-7,0957471E-2	-2,0292589E-1	7,8124995E+1	-3,8646164E-1	0,0000000E+0	0,0000000E+0
2,7250113E+03	2,8846787E-1	7,8124995E+1	1,6872772E-1	5,5190179E-2	-7,2121624E-2	-2,0439738E-1	7,8124995E+1	-3,8675035E-1	0,0000000E+0	0,0000000E+0
2,7267665E+03	2,8646553E-1	7,8124995E+1	1,6635285E-1	5,2982944E-2	-7,3378910E-2	-2,0558947E-1	7,8124995E+1	-3,8689936E-1	0,0000000E+0	0,0000000E+0
2,7285223E+03	2,8026292E-1	7,8124995E+1	1,6381965E-1	5,1017854E-2	-7,4468558E-2	-2,0642766E-1	7,8124995E+1	-3,8738365E-1	0,0000000E+0	0,0000000E+0
2,7302793E+03	2,7386473E-1	7,8124995E+1	1,6122126E-1	4,9192461E-2	-7,5493012E-2	-2,0769426E-1	7,8124995E+1	-3,8764442E-1	0,0000000E+0	0,0000000E+0
2,7320345E+03	2,7032571E-1	7,8124995E+1	1,5882776E-1	4,7106299E-2	-7,6834117E-2	-2,0881185E-1	7,8124995E+1	-3,8802626E-1	0,0000000E+0	0,0000000E+0
2,7337883E+03	2,6672149E-1	7,8124995E+1	1,5619212E-1	4,5085329E-2	-7,8231101E-2	-2,0954759E-1	7,8124995E+1	-3,8838948E-1	0,0000000E+0	0,0000000E+0
2,7355436E+03	2,6511030E-1	7,8124995E+1	1,5375205E-1	4,3101611E-2	-7,9255556E-2	-2,1031128E-1	7,8124995E+1	-3,8865956E-1	0,0000000E+0	0,0000000E+0
2,7372978E+03	2,6348049E-1	7,8124995E+1	1,5128405E-1	4,1276219E-2	-8,0382456E-2	-2,1046029E-1	7,8124995E+1	-3,8917179E-1	0,0000000E+0	0,0000000E+0
2,7390556E+03	2,6230702E-1	7,8124995E+1	1,4883467E-1	3,9199370E-2	-8,1453477E-2	-2,1057205E-1	7,8124995E+1	-3,8947912E-1	0,0000000E+0	0,0000000E+0
2,7408101E+03	2,5792049E-1	7,8124995E+1	1,4638529E-1	3,7308785E-2	-8,2654883E-2	-2,1123329E-1	7,8124995E+1	-3,8992616E-1	0,0000000E+0	0,0000000E+0
2,7425657E+03	2,5429764E-1	7,8124995E+1	1,4394523E-1	3,5325067E-2	-8,3595519E-2	-2,1194109E-1	7,8124995E+1	-3,9027075E-1	0,0000000E+0	0,0000000E+0
2,7443221E+03	2,5260264E-1	7,8124995E+1	1,4160761E-1	3,3425169E-2	-8,4629287E-2	-2,1209010E-1	7,8124995E+1	-3,9071778E-1	0,0000000E+0	0,0000000E+0
2,7460762E+03	2,4822542E-1	7,8124995E+1	1,3914891E-1	3,1618403E-2	-8,5961079E-2	-2,1295623E-1	7,8124995E+1	-3,9098787E-1	0,0000000E+0	0,0000000E+0
2,7478308E+03	2,4541283E-1	7,8124995E+1	1,3686717E-1	2,9578807E-2	-8,6901715E-2	-2,1394343E-1	7,8124995E+1	-3,9141627E-1	0,0000000E+0	0,0000000E+0
2,7495860E+03	2,4314040E-1	7,8124995E+1	1,3455749E-1	2,7660282E-2	-8,8084494E-2	-2,1506102E-1	7,8124995E+1	-3,9177949E-1	0,0000000E+0	0,0000000E+0
2,7513409E+03	2,4064445E-1	7,8124995E+1	1,3212674E-1	2,5816263E-2	-8,9155515E-2	-2,1627174E-1	7,8124995E+1	-3,9206820E-1	0,0000000E+0	0,0000000E+0
2,7530975E+03	2,3812988E-1	7,8124995E+1	1,2997539E-1	2,4037437E-2	-9,0375548E-2	-2,1738002E-1	7,8124995E+1	-3,9250592E-1	0,0000000E+0	0,0000000E+0
2,7548524E+03	2,3549424E-1	7,8124995E+1	1,2760983E-1	2,2072346E-2	-9,1427943E-2	-2,1831134E-1	7,8124995E+1	-3,9281326E-1	0,0000000E+0	0,0000000E+0
2,7566077E+03	2,3273753E-1	7,8124995E+1	1,2533740E-1	2,0265580E-2	-9,2620036E-2	-2,1950343E-1	7,8124995E+1	-3,9312991E-1	0,0000000E+0	0,0000000E+0
2,7583626E+03	2,3013914E-1	7,8124995E+1	1,2315810E-1	1,8505381E-2	-9,3728309E-2	-2,2030437E-1	7,8124995E+1	-3,9354900E-1	0,0000000E+0	0,0000000E+0
2,7601165E+03	2,2836962E-1	7,8124995E+1	1,2093224E-1	1,6614796E-2	-9,4743451E-2	-2,2117981E-1	7,8124995E+1	-3,9397741E-1	0,0000000E+0	0,0000000E+0
2,7618712E+03	2,2591093E-1	7,8124995E+1	1,1871570E-1	1,4817343E-2	-9,5861038E-2	-2,2206457E-1	7,8124995E+1	-3,9432200E-1	0,0000000E+0	0,0000000E+0
2,7636265E+03	2,2326597E-1	7,8124995E+1	1,1648052E-1	1,3066457E-2	-9,7099697E-2	-2,2294932E-1	7,8124995E+1	-3,9475041E-1	0,0000000E+0	0,0000000E+0
2,7653796E+03	2,2052789E-1	7,8124995E+1	1,1431054E-1	1,1138619E-2	-9,8058960E-2	-2,2362919E-1	7,8124995E+1	-3,9490873E-1	0,0000000E+0	0,0000000E+0
2,7671352E+03	2,1810645E-1	7,8124995E+1	1,1200086E-1	9,3691057E-3	-9,9223113E-2	-2,2438356E-1	7,8124995E+1	-3,9517882E-1	0,0000000E+0	0,0000000E+0
2,7688893E+03	2,1552668E-1	7,8124995E+1	1,0986813E-1	7,5623398E-3	-1,0048040E-1	-2,2506343E-1	7,8124995E+1	-3,9544890E-1	0,0000000E+0	0,0000000E+0
2,7706443E+03	2,1344983E-1	7,8124995E+1	1,0774472E-1	5,8673326E-3	-1,0151417E-1	-2,2589230E-1	7,8124995E+1	-3,9563517E-1	0,0000000E+0	0,0000000E+0
2,7723990E+03	2,1121466E-1	7,8124995E+1	1,0559336E-1	4,0698799E-3	-1,0254793E-1	-2,2663736E-1	7,8124995E+1	-3,9578418E-1	0,0000000E+0	0,0000000E+0
2,7741517E+03	2,0904468E-1	7,8124995E+1	1,0344200E-1	2,2258611E-3	-1,0361896E-1	-2,2739173E-1	7,8124995E+1	-3,9594250E-1	0,0000000E+0	0,0000000E+0
2,7759073E+03	2,0648354E-1	7,8124995E+1	1,0123477E-1	4,3772164E-4	-1,0459684E-1	-2,2804366E-1	7,8124995E+1	-3,9621259E-1	0,0000000E+0	0,0000000E+0
2,7776607E+03	2,0401554E-1	7,8124995E+1	9,9111354E-2	-1,2572856E-3	-1,0568649E-1	-2,2882597E-1	7,8124995E+1	-3,9639885E-1	0,0000000E+0	0,0000000E+0
2,7794165E+03	2,0144508E-1	7,8124995E+1	9,7081071E-2	-3,0174853E-3	-1,0671095E-1	-2,2944996E-1	7,8124995E+1	-3,9662237E-1	0,0000000E+0	0,0000000E+0
2,7811718E+03	1,9879082E-1	7,8124995E+1	9,4892463E-2	-4,6100470E-3	-1,0784716E-1	-2,3015776E-1	7,8124995E+1	-3,9671550E-1	0,0000000E+0	0,0000000E+0
2,7829249E+03	1,9595028E-1	7,8124995E+1	9,2824927E-2	-6,4074997E-3	-1,0886230E-1	-2,3083763E-1	7,8124995E+1	-3,9699490E-1	0,0000000E+0	0,0000000E+0
2,7846803E+03	1,9338914E-1	7,8124995E+1	9,0850523E-2	-8,0373143E-3	-1,0989607E-1	-2,3144299E-1	7,8124995E+1	-3,9709734E-1	0,0000000E+0	0,0000000E+0
2,7864334E+03	1,9046479E-1	7,8124995E+1	8,8820239E-2	-9,7509479E-3	-1,1092984E-1	-2,3213217E-1	7,8124995E+1	-3,9734880E-1	0,0000000E+0	0,0000000E+0
2,7881891E+03	1,8778258E-1	7,8124995E+1	8,6696824E-2	-1,1445955E-2	-1,1203811E-1	-2,3272821E-1	7,8124995E+1	-3,9764682E-1	0,0000000E+0	0,0000000E+0
2,7899425E+03	1,8519351E-1	7,8124995E+1	8,4750359E-2	-1,3075770E-2	-1,1304394E-1	-2,3324975E-1	7,8124995E+1	-3,9775858E-1	0,0000000E+0	0,0000000E+0
2,7916962E+03	1,8268825E-1	7,8124995E+1	8,2720076E-2	-1,4631079E-2	-1,1393801E-1	-2,3405069E-1	7,8124995E+1	-3,9812180E-1	0,0000000E+0	0,0000000E+0
2,7934521E+03	1,8046239E-1	7,8124995E+1	8,0745672E-2	-1,6428531E-2	-1,1504628E-1	-2,3468399E-1	7,8124995E+1	-3,9833600E-1	0,0000000E+0	0,0000000E+0
2,7952062E+03	1,7866493E-1	7,8124995E+1	7,8724702E-2	-1,7918647E-2	-1,1603349E-1	-2,3526141E-1	7,8124995E+1	-3,9841982E-1	0,0000000E+0	0,0000000E+0
2,7969596E+03	1,7592684E-1	7,8124995E+1	7,6834117E-2	-1,9511209E-2	-1,1711382E-1	-2,3559669E-1	7,8124995E+1	-3,9871784E-1	0,0000000E+0	0,0000000E+0
2,7987138E+03	1,7284417E-1	7,8124995E+1	7,4785207E-2	-2,1196903E-2	-1,1797995E-1	-2,3551287E-1	7,8124995E+1	-3,9882029E-1	0,0000000E+0	0,0000000E+0
2,8004679E+03	1,7055311E-1	7,8124995E+1	7,2801490E-2	-2,2584574E-2	-1,1890196E-1	-2,3623930E-1	7,8124995E+1	-3,9914625E-1	0,0000000E+0	0,0000000E+0
2,8022215E+03	1,6792678E-1	7,8124995E+1	7,0948158E-2	-2,4167822E-2	-1,1976809E-1	-2,3696573E-1	7,8124995E+1	-3,9932320E-1	0,0000000E+0	0,0000000E+0
2,8039749E+03	1,6534702E-1	7,8124995E+1	6,8973754E-2	-2,5779010E-2	-1,2083911E-1	-2,3783186E-1	7,8124995E+1	-3,9977024E-1	0,0000000E+0	0,0000000E+0
2,8057295E+03	1,6257168E-1	7,8124995E+1	6,6999350E-2	-2,7315693E-2	-1,2174249E-1	-2,3869799E-1	7,8124995E+1	-4,0004032E-1	0,0000000E+0	0,0000000E+0
2,8074846E+03	1,6028994E-1	7,8124995E+1	6,5090139E-2	-2,8749930E-2	-1,2269244E-1	-2,3921022E-1	7,8124995E+1	-4,0033835E-1	0,0000000E+0	0,0000000E+0
2,8092417E+03	1,5848317E-1	7,8124995E+1	6,3134361E-2	-3,0435624E-2	-1,2373552E-1	-2,3984352E-1	7,8124995E+1	-4,0058049E-1	0,0000000E+0	0,0000000E+0
2,8109968E+03	1,5627594E-1	7,8124995E+1	6,1169270E-2	-3,1907113E-2	-1,2478792E-1	-2,4050476E-1	7,8124995E+1	-4,0102752E-1	0,0000000E+0	0,0000000E+0
2,8127525E+03	1,5418977E-1	7,8124995E+1	5,9222806E-2	-3,3471735E-2	-1,2555160E-1	-2,4128707E-1	7,8124995E+1	-4,0127898E-1	0,0000000E+0	0,0000000E+0
2,8145081E+03	1,5066006E-1	7,8124995E+1	5,7509172E-2	-3,5148116E-2	-1,2664125E-1	-2,4218114E-1	7,8124995E+1	-4,0154907E-1	0,0000000E+0	0,0000000E+0
2,8162644E+03	1,4942140E-1	7,8124995E+1	5,5581335E-2	-3,6600979E-2	-1,2760983E-1	-2,4289826E-1	7,8124995E+1	-4,0180052E-1	0,0000000E+0	0,0000000E+0
2,8180209E+03	1,4808030E-1	7,8124995E+1	5,3709376E-2	-3,8081782E-2	-1,2848527E-1	-2,4334529E-1	7,8124995E+1	-4,0199610E-1	0,0000000E+0	0,0000000E+0
2,8197758E+03	1,4599414E-1	7,8124995E+1	5,1856044E-2	-3,9413574E-2	-1,2923964E-1	-2,4397859E-1	7,8124995E+1	-4,0228481E-1	0,0000000E+0	0,0000000E+0
2,8215306E+03	1,4390797E-1	7,8124995E+1	4,9918893E-2	-4,0978196E-2	-1,3023616E-1	-2,4433249E-1	7,8124995E+1	-4,0203335E-1	0,0000000E+0	0,0000000E+0
2,8232859E+03	1,4148653E-1	7,8124995E+1	4,7944489E-2	-4,2431059E-2	-1,3108366E-1	-2,4529175E-1	7,8124995E+1	-4,0206129E-1	0,0000000E+0	0,0000000E+0
2,8250416E+03	1,3857149E-1	7,8124995E+1	4,6025964E-2	-4,3967741E-2	-1,3185666E-1	-2,4601819E-1	7,8124995E+1	-4,0219168E-1	0,0000000E+0	0,0000000E+0
2,8267962E+03	1,3632701E-1	7,8124995E+1	4,3949115E-2	-4,5485797E-2	-1,3281592E-1	-2,4649316E-1	7,8124995E+1	-4,0193091E-1	0,0000000E+0	0,0000000E+0
2,8285507E+03	1,3383106E-1	7,8124995E+1	4,2170289E-2	-4,6929347E-2	-1,3371930E-1	-2,4702401E-1	7,8124995E+1	-4,0172602E-1	0,0000000E+0	0,0000000E+0
2,8303072E+03	1,3156795E-1	7,8124995E+1	4,0177258E-2	-4,8438090E-2	-1,3452024E-1	-2,4754556E-1	7,8124995E+1	-4,0162357E-1	0,0000000E+0	0,0000000E+0
2,8320623E+03	1,2957492E-1	7,8124995E+1	3,8314613E-2	-4,9946833E-2	-1,3553538E-1	-2,4789014E-1	7,8124995E+1	-4,0158632E-1	0,0000000E+0	0,0000000E+0
2,8338171E+03	1,2648293E-1	7,8124995E+1	3,6479907E-2	-5,1325190E-2	-1,3622456E-1	-2,4733135E-1	7,8124995E+1	-4,0149319E-1	0,0000000E+0	0,0000000E+0
2,8355745E+03	1,2355857E-1	7,8124995E+1	3,4691768E-2	-5,2815306E-2	-1,3695099E-1	-2,4535695E-1	7,8124995E+1	-4,0180052E-1	0,0000000E+0	0,0000000E+0
2,8373279E+03	1,2121164E-1	7,8124995E+1	3,2819809E-2	-5,4249543E-2	-1,3770536E-1	-2,4482609E-1	7,8124995E+1	-4,0180052E-1	0,0000000E+0	0,0000000E+0
2,8390834E+03	1,1937693E-1	7,8124995E+1	3,1003730E-2	-5,5497516E-2	-1,3841317E-1	-2,4556184E-1	7,8124995E+1	-4,0216374E-1	0,0000000E+0	0,0000000E+0
2,8408389E+03	1,1730940E-1	7,8124995E+1	2,9308723E-2	-5,6903813E-2	-1,3929793E-1	-2,4655835E-1	7,8124995E+1	-4,0250833E-1	0,0000000E+0	0,0000000E+0
2,8425920E+03	1,1518598E-1	7,8124995E+1	2,7408825E-2	-5,8412555E-2	-1,4021062E-1	-2,4764800E-1	7,8124995E+1	-4,0285292E-1	0,0000000E+0	0,0000000E+0
2,8443480E+03	1,1280180E-1	7,8124995E+1	2,5611372E-2	-5,9837479E-2	-1,4099293E-1	-2,4864452E-1	7,8124995E+1	-4,0315094E-1	0,0000000E+0	0,0000000E+0
2,8461019E+03	1,1063182E-1	7,8124995E+1	2,3953618E-2	-6,1253089E-2	-1,4186838E-1	-2,4946408E-1	7,8124995E+1	-4,0348622E-1	0,0000000E+0	0,0000000E+0
2,8478556E+03	1,0833145E-1	7,8124995E+1	2,2146852E-2	-6,2678013E-2	-1,4284627E-1	-2,5023708E-1	7,8124995E+1	-4,0388669E-1	0,0000000E+0	0,0000000E+0
2,8496089E+03	1,0610559E-1	7,8124995E+1	2,0442532E-2	-6,4019118E-2	-1,4364720E-1	-2,5101008E-1	7,8124995E+1	-4,0408226E-1	0,0000000E+0	0,0000000E+0
2,8513642E+03	1,0376797E-1	7,8124995E+1	1,8626453E-2	-6,5499921E-2	-1,4465303E-1	-2,5172719E-1	7,8124995E+1	-4,0451067E-1	0,0000000E+0	0,0000000E+0
2,8531206E+03	1,0184013E-1	7,8124995E+1	1,6996638E-2	-6,7045916E-2	-1,4544466E-1	-2,5236981E-1	7,8124995E+1	-4,0466900E-1	0,0000000E+0	0,0000000E+0
2,8548774E+03	9,9977484E-2	7,8124995E+1	1,5171246E-2	-6,8144877E-2	-1,4642254E-1	-2,5290066E-1	7,8124995E+1	-4,0486457E-1	0,0000000E+0	0,0000000E+0
2,8566328E+03	9,7993767E-2	7,8124995E+1	1,3560057E-2	-6,9607053E-2	-1,4713966E-1	-2,5355259E-1	7,8124995E+1	-4,0519985E-1	0,0000000E+0	0,0000000E+0
2,8583886E+03	9,6103182E-2	7,8124995E+1	1,1771918E-2	-7,1143736E-2	-1,4816412E-1	-2,5418589E-1	7,8124995E+1	-4,0552581E-1	0,0000000E+0	0,0000000E+0
2,8601441E+03	9,3970453E-2	7,8124995E+1	1,0132790E-2	-7,2438274E-2	-1,4901162E-1	-2,5484712E-1	7,8124995E+1	-4,0569345E-1	0,0000000E+0	0,0000000E+0
2,8619013E+03	9,1567641E-2	7,8124995E+1	8,4936624E-3	-7,3732813E-2	-1,4972874E-1	-2,5548974E-1	7,8124995E+1	-4,0591697E-1	0,0000000E+0	0,0000000E+0
2,8636584E+03	8,9704996E-2	7,8124995E+1	6,8079684E-3	-7,5064604E-2	-1,5079045E-1	-2,5614166E-1	7,8124995E+1	-4,0621499E-1	0,0000000E+0	0,0000000E+0
2,8654166E+03	8,7888917E-2	7,8124995E+1	5,1688406E-3	-7,6442961E-2	-1,5141443E-1	-2,5657007E-1	7,8124995E+1	-4,0625224E-1	0,0000000E+0	0,0000000E+0
2,8671723E+03	8,6044898E-2	7,8124995E+1	3,6135318E-3	-7,7867885E-2	-1,5234576E-1	-2,5712886E-1	7,8124995E+1	-4,0648508E-1	0,0000000E+0	0,0000000E+0
2,8689306E+03	8,4023928E-2	7,8124995E+1	1,9837172E-3	-7,9162424E-2	-1,5321189E-1	-2,5780873E-1	7,8124995E+1	-4,0670859E-1	0,0000000E+0	0,0000000E+0
2,8706853E+03	8,2096090E-2	7,8124995E+1	3,4458937E-4	-8,0382456E-2	-1,5407802E-1	-2,5822783E-1	7,8124995E+1	-4,0691348E-1	0,0000000E+0	0,0000000E+0
2,8724403E+03	7,9879542E-2	7,8124995E+1	-1,2665988E-3	-8,1732874E-2	-1,5482307E-1	-2,5880525E-1	7,8124995E+1	-4,0716494E-1	0,0000000E+0	0,0000000E+0
2,8741970E+03	7,7812006E-2	7,8124995E+1	-2,8125943E-3	-8,3092605E-2	-1,5566126E-1	-2,5913121E-1	7,8124995E+1	-4,0735121E-1	0,0000000E+0	0,0000000E+0
2,8759518E+03	7,5902794E-2	7,8124995E+1	-4,4330957E-3	-8,4368517E-2	-1,5642495E-1	-2,5959687E-1	7,8124995E+1	-4,0752816E-1	0,0000000E+0	0,0000000E+0
2,8777063E+03	7,3872511E-2	7,8124995E+1	-6,0070310E-3	-8,5663056E-2	-1,5726314E-1	-2,6002528E-1	7,8124995E+1	-4,0783549E-1	0,0000000E+0	0,0000000E+0
2,8794608E+03	7,1832914E-2	7,8124995E+1	-7,4133281E-3	-8,6911028E-2	-1,5806408E-1	-2,6040712E-1	7,8124995E+1	-4,0808695E-1	0,0000000E+0	0,0000000E+0
2,8812175E+03	6,9774691E-2	7,8124995E+1	-9,0710824E-3	-8,8168313E-2	-1,5879982E-1	-2,6079828E-1	7,8124995E+1	-4,0831978E-1	0,0000000E+0	0,0000000E+0
2,8829727E+03	6,8042431E-2	7,8124995E+1	-1,0617078E-2	-8,9425599E-2	-1,5956351E-1	-2,6129188E-1	7,8124995E+1	-4,0850605E-1	0,0000000E+0	0,0000000E+0
2,8847280E+03	6,6254292E-2	7,8124995E+1	-1,2051315E-2	-9,0738764E-2	-1,6024337E-1	-2,6179479E-1	7,8124995E+1	-4,0881338E-1	0,0000000E+0	0,0000000E+0
2,8864832E+03	6,4363707E-2	7,8124995E+1	-1,3699756E-2	-9,1930857E-2	-1,6105362E-1	-2,6224183E-1	7,8124995E+1	-4,0891583E-1	0,0000000E+0	0,0000000E+0
2,8882365E+03	6,2501062E-2	7,8124995E+1	-1,5255065E-2	-9,3160203E-2	-1,6185456E-1	-2,6278199E-1	7,8124995E+1	-4,0916728E-1	0,0000000E+0	0,0000000E+0
2,8899904E+03	6,0675669E-2	7,8124995E+1	-1,6726554E-2	-9,4408175E-2	-1,6265550E-1	-2,6327559E-1	7,8124995E+1	-4,0930698E-1	0,0000000E+0	0,0000000E+0
2,8917465E+03	5,9055168E-2	7,8124995E+1	-1,8244610E-2	-9,5702713E-2	-1,6340056E-1	-2,6401134E-1	7,8124995E+1	-4,0957707E-1	0,0000000E+0	0,0000000E+0
2,8935020E+03	5,7388100E-2	7,8124995E+1	-1,9744040E-2	-9,6848240E-2	-1,6424806E-1	-2,6457013E-1	7,8124995E+1	-4,0987509E-1	0,0000000E+0	0,0000000E+0
2,8952583E+03	5,5721033E-2	7,8124995E+1	-2,1168963E-2	-9,8142779E-2	-1,6493724E-1	-2,6507305E-1	7,8124995E+1	-4,1011723E-1	0,0000000E+0	0,0000000E+0
2,8970145E+03	5,3877014E-2	7,8124995E+1	-2,2714959E-2	-9,9251053E-2	-1,6570092E-1	-2,6546420E-1	7,8124995E+1	-4,1025693E-1	0,0000000E+0	0,0000000E+0
2,8987713E+03	5,2126128E-2	7,8124995E+1	-2,4084003E-2	-1,0044315E-1	-1,6631560E-1	-2,6601368E-1	7,8124995E+1	-4,1062946E-1	0,0000000E+0	0,0000000E+0
2,9005256E+03	5,0421807E-2	7,8124995E+1	-2,5592746E-2	-1,0167249E-1	-1,6720967E-1	-2,6652591E-1	7,8124995E+1	-4,1072259E-1	0,0000000E+0	0,0000000E+0
2,9022803E+03	4,8615041E-2	7,8124995E+1	-2,7045609E-2	-1,0288321E-1	-1,6790816E-1	-2,6691707E-1	7,8124995E+1	-4,1104856E-1	0,0000000E+0	0,0000000E+0
2,9040357E+03	4,6966600E-2	7,8124995E+1	-2,8554352E-2	-1,0396355E-1	-1,6874635E-1	-2,6746655E-1	7,8124995E+1	-4,1131864E-1	0,0000000E+0	0,0000000E+0
2,9057910E+03	4,5159834E-2	7,8124995E+1	-2,9979275E-2	-1,0519289E-1	-1,6942621E-1	-2,6798809E-1	7,8124995E+1	-4,1146765E-1	0,0000000E+0	0,0000000E+0
2,9075448E+03	4,3204057E-2	7,8124995E+1	-3,1404199E-2	-1,0649674E-1	-1,7006883E-1	-2,6842581E-1	7,8124995E+1	-4,1167254E-1	0,0000000E+0	0,0000000E+0
2,9093000E+03	4,1443857E-2	7,8124995E+1	-3,2801183E-2	-1,0765158E-1	-1,7086045E-1	-2,6887284E-1	7,8124995E+1	-4,1184949E-1	0,0000000E+0	0,0000000E+0
2,9110542E+03	3,9730223E-2	7,8124995E+1	-3,4365805E-2	-1,0887162E-1	-1,7169864E-1	-2,6945026E-1	7,8124995E+1	-4,1194263E-1	0,0000000E+0	0,0000000E+0
2,9128078E+03	3,8156288E-2	7,8124995E+1	-3,5753476E-2	-1,0992401E-1	-1,7245301E-1	-2,6983211E-1	7,8124995E+1	-4,1211026E-1	0,0000000E+0	0,0000000E+0
2,9145639E+03	3,6275016E-2	7,8124995E+1	-3,7197026E-2	-1,1113473E-1	-1,7311425E-1	-2,7029777E-1	7,8124995E+1	-4,1239897E-1	0,0000000E+0	0,0000000E+0
2,9163193E+03	3,4496190E-2	7,8124995E+1	-3,8510191E-2	-1,1243858E-1	-1,7385931E-1	-2,7077274E-1	7,8124995E+1	-4,1247348E-1	0,0000000E+0	0,0000000E+0
2,9180743E+03	3,2894315E-2	7,8124995E+1	-4,0065500E-2	-1,1344441E-1	-1,7456711E-1	-2,7117321E-1	7,8124995E+1	-4,1272494E-1	0,0000000E+0	0,0000000E+0
2,9198290E+03	3,1106176E-2	7,8124995E+1	-4,1332098E-2	-1,1468307E-1	-1,7520973E-1	-2,7172269E-1	7,8124995E+1	-4,1280876E-1	0,0000000E+0	0,0000000E+0
2,9215847E+03	2,9411169E-2	7,8124995E+1	-4,2663890E-2	-1,1573546E-1	-1,7610380E-1	-2,7207659E-1	7,8124995E+1	-4,1306021E-1	0,0000000E+0	0,0000000E+0
2,9233386E+03	2,7744101E-2	7,8124995E+1	-4,4163319E-2	-1,1702069E-1	-1,7675572E-1	-2,7255157E-1	7,8124995E+1	-4,1319991E-1	0,0000000E+0	0,0000000E+0
2,9250938E+03	2,6188792E-2	7,8124995E+1	-4,5625496E-2	-1,1809171E-1	-1,7746353E-1	-2,7303586E-1	7,8124995E+1	-4,1333030E-1	0,0000000E+0	0,0000000E+0
2,9268483E+03	2,4633484E-2	7,8124995E+1	-4,6854842E-2	-1,1909754E-1	-1,7810614E-1	-2,7350152E-1	7,8124995E+1	-4,1350725E-1	0,0000000E+0	0,0000000E+0
2,9286055E+03	2,2891910E-2	7,8124995E+1	-4,8261139E-2	-1,2023375E-1	-1,7882326E-1	-2,7406962E-1	7,8124995E+1	-4,1377733E-1	0,0000000E+0	0,0000000E+0
2,9303617E+03	2,1224843E-2	7,8124995E+1	-4,9732628E-2	-1,2133271E-1	-1,7953106E-1	-2,7452597E-1	7,8124995E+1	-4,1389840E-1	0,0000000E+0	0,0000000E+0
2,9321163E+03	1,9650907E-2	7,8124995E+1	-5,1064420E-2	-1,2245961E-1	-1,8030406E-1	-2,7502889E-1	7,8124995E+1	-4,1416849E-1	0,0000000E+0	0,0000000E+0
2,9338718E+03	1,7890708E-2	7,8124995E+1	-5,2405524E-2	-1,2358651E-1	-1,8081629E-1	-2,7537348E-1	7,8124995E+1	-4,1431750E-1	0,0000000E+0	0,0000000E+0
2,9356274E+03	1,6344712E-2	7,8124995E+1	-5,3811822E-2	-1,2459234E-1	-1,8155203E-1	-2,7581120E-1	7,8124995E+1	-4,1450376E-1	0,0000000E+0	0,0000000E+0
2,9373816E+03	1,4686958E-2	7,8124995E+1	-5,5041167E-2	-1,2567268E-1	-1,8226915E-1	-2,7624892E-1	7,8124995E+1	-4,1479247E-1	0,0000000E+0	0,0000000E+0
2,9391359E+03	1,2991951E-2	7,8124995E+1	-5,6410212E-2	-1,2682752E-1	-1,8293039E-1	-2,7647244E-1	7,8124995E+1	-4,1487629E-1	0,0000000E+0	0,0000000E+0
2,9408933E+03	1,1529774E-2	7,8124995E+1	-5,7760630E-2	-1,2797304E-1	-1,8361957E-1	-2,7673321E-1	7,8124995E+1	-4,1496942E-1	0,0000000E+0	0,0000000E+0
2,9426457E+03	9,9372125E-3	7,8124995E+1	-5,9036542E-2	-1,2896024E-1	-1,8430875E-1	-2,7727337E-1	7,8124995E+1	-4,1517432E-1	0,0000000E+0	0,0000000E+0
2,9444000E+03	8,2887714E-3	7,8124995E+1	-6,0368333E-2	-1,3012440E-1	-1,8483029E-1	-2,7750620E-1	7,8124995E+1	-4,1522088E-1	0,0000000E+0	0,0000000E+0
2,9461546E+03	6,7334626E-3	7,8124995E+1	-6,1653558E-2	-1,3118611E-1	-1,8549153E-1	-2,7798118E-1	7,8124995E+1	-4,1537921E-1	0,0000000E+0	0,0000000E+0
2,9479100E+03	5,1315877E-3	7,8124995E+1	-6,3003976E-2	-1,3214537E-1	-1,8623659E-1	-2,7849341E-1	7,8124995E+1	-4,1563998E-1	0,0000000E+0	0,0000000E+0
2,9496670E+03	3,6787244E-3	7,8124995E+1	-6,4242635E-2	-1,3311394E-1	-1,8693508E-1	-2,7894044E-1	7,8124995E+1	-4,1571448E-1	0,0000000E+0	0,0000000E+0
2,9514221E+03	2,1513553E-3	7,8124995E+1	-6,5676872E-2	-1,3426878E-1	-1,8748456E-1	-2,7930366E-1	7,8124995E+1	-4,1582624E-1	0,0000000E+0	0,0000000E+0
2,9531786E+03	5,4948035E-4	7,8124995E+1	-6,6859652E-2	-1,3524667E-1	-1,8812717E-1	-2,7986245E-1	7,8124995E+1	-4,1605907E-1	0,0000000E+0	0,0000000E+0
2,9549345E+03	-9,3132263E-4	7,8124995E+1	-6,8126250E-2	-1,3632701E-1	-1,8878841E-1	-2,8020704E-1	7,8124995E+1	-4,1611495E-1	0,0000000E+0	0,0000000E+0
2,9566896E+03	-2,5611372E-3	7,8124995E+1	-6,9411476E-2	-1,3728627E-1	-1,8940308E-1	-2,8064476E-1	7,8124995E+1	-4,1627328E-1	0,0000000E+0	0,0000000E+0
2,9584437E+03	-4,1071328E-3	7,8124995E+1	-7,0594255E-2	-1,3832935E-1	-1,9002707E-1	-2,8094278E-1	7,8124995E+1	-4,1644091E-1	0,0000000E+0	0,0000000E+0
2,9601979E+03	-5,4854903E-3	7,8124995E+1	-7,1926047E-2	-1,3934449E-1	-1,9063243E-1	-2,8135257E-1	7,8124995E+1	-4,1640366E-1	0,0000000E+0	0,0000000E+0
2,9619531E+03	-6,9849197E-3	7,8124995E+1	-7,3174019E-2	-1,4037826E-1	-1,9131229E-1	-2,8191136E-1	7,8124995E+1	-4,1626396E-1	0,0000000E+0	0,0000000E+0
2,9637068E+03	-8,4191566E-3	7,8124995E+1	-7,4394052E-2	-1,4140271E-1	-1,9197353E-1	-2,8217213E-1	7,8124995E+1	-4,1631053E-1	0,0000000E+0	0,0000000E+0
2,9654627E+03	-9,7975141E-3	7,8124995E+1	-7,5642024E-2	-1,4233404E-1	-1,9261615E-1	-2,8255397E-1	7,8124995E+1	-4,1643160E-1	0,0000000E+0	0,0000000E+0
2,9672194E+03	-1,1306257E-2	7,8124995E+1	-7,6675792E-2	-1,4333055E-1	-1,9330533E-1	-2,8303826E-1	7,8124995E+1	-4,1647817E-1	0,0000000E+0	0,0000000E+0
2,9689746E+03	-1,2768433E-2	7,8124995E+1	-7,7979644E-2	-1,4439226E-1	-1,9392000E-1	-2,8335491E-1	7,8124995E+1	-4,1659924E-1	0,0000000E+0	0,0000000E+0
2,9707299E+03	-1,4137478E-2	7,8124995E+1	-7,9218303E-2	-1,4537015E-1	-1,9459055E-1	-2,8369019E-1	7,8124995E+1	-4,1667374E-1	0,0000000E+0	0,0000000E+0
2,9724845E+03	-1,5897677E-2	7,8124995E+1	-8,0363830E-2	-1,4651568E-1	-1,9524248E-1	-2,8401615E-1	7,8124995E+1	-4,1687864E-1	0,0000000E+0	0,0000000E+0
2,9742419E+03	-1,7173589E-2	7,8124995E+1	-8,1639742E-2	-1,4742837E-1	-1,9588509E-1	-2,8425829E-1	7,8124995E+1	-4,1692520E-1	0,0000000E+0	0,0000000E+0
2,9759963E+03	-1,8803404E-2	7,8124995E+1	-8,2785269E-2	-1,4833176E-1	-1,9646251E-1	-2,8477983E-1	7,8124995E+1	-4,1707421E-1	0,0000000E+0	0,0000000E+0
2,9777503E+03	-2,0191075E-2	7,8124995E+1	-8,4051867E-2	-1,4922583E-1	-1,9714237E-1	-2,8515236E-1	7,8124995E+1	-4,1711147E-1	0,0000000E+0	0,0000000E+0
2,9795059E+03	-2,1681191E-2	7,8124995E+1	-8,5309153E-2	-1,5026891E-1	-1,9777567E-1	-2,8555283E-1	7,8124995E+1	-4,1724185E-1	0,0000000E+0	0,0000000E+0
2,9812609E+03	-2,3068862E-2	7,8124995E+1	-8,6454680E-2	-1,5125611E-1	-1,9839035E-1	-2,8591605E-1	7,8124995E+1	-4,1723254E-1	0,0000000E+0	0,0000000E+0
2,9830175E+03	-2,4642797E-2	7,8124995E+1	-8,7516388E-2	-1,5214086E-1	-1,9897708E-1	-2,8632583E-1	7,8124995E+1	-4,1734430E-1	0,0000000E+0	0,0000000E+0
2,9847729E+03	-2,6104973E-2	7,8124995E+1	-8,8848179E-2	-1,5311875E-1	-1,9951725E-1	-2,8661454E-1	7,8124995E+1	-4,1745606E-1	0,0000000E+0	0,0000000E+0
2,9865280E+03	-2,7595090E-2	7,8124995E+1	-8,9993706E-2	-1,5405939E-1	-2,0016917E-1	-2,8710814E-1	7,8124995E+1	-4,1753987E-1	0,0000000E+0	0,0000000E+0
2,9882812E+03	-2,9047953E-2	7,8124995E+1	-9,1111293E-2	-1,5500934E-1	-2,0064415E-1	-2,8736891E-1	7,8124995E+1	-4,1759575E-1	0,0000000E+0	0,0000000E+0
2,9900346E+03	-3,0593948E-2	7,8124995E+1	-9,2303386E-2	-1,5603379E-1	-2,0118431E-1	-2,8762968E-1	7,8124995E+1	-4,1769820E-1	0,0000000E+0	0,0000000E+0
2,9917887E+03	-3,1962993E-2	7,8124995E+1	-9,3355780E-2	-1,5683473E-1	-2,0183624E-1	-2,8798358E-1	7,8124995E+1	-4,1786584E-1	0,0000000E+0	0,0000000E+0
2,9935435E+03	-3,3201652E-2	7,8124995E+1	-9,4631692E-2	-1,5782193E-1	-2,0235778E-1	-2,8852375E-1	7,8124995E+1	-4,1789378E-1	0,0000000E+0	0,0000000E+0
2,9952976E+03	-3,4617262E-2	7,8124995E+1	-9,5739966E-2	-1,5863218E-1	-2,0297245E-1	-2,8882177E-1	7,8124995E+1	-4,1808936E-1	0,0000000E+0	0,0000000E+0
2,9970516E+03	-3,6060812E-2	7,8124995E+1	-9,6959999E-2	-1,5947037E-1	-2,0357781E-1	-2,8924087E-1	7,8124995E+1	-4,1813592E-1	0,0000000E+0	0,0000000E+0
2,9988058E+03	-3,7336724E-2	7,8124995E+1	-9,7975141E-2	-1,6039238E-1	-2,0406210E-1	-2,8952958E-1	7,8124995E+1	-4,1832219E-1	0,0000000E+0	0,0000000E+0
3,0005590E+03	-3,8603323E-2	7,8124995E+1	-9,8990282E-2	-1,6120263E-1	-2,0455570E-1	-2,8970653E-1	7,8124995E+1	-4,1860158E-1	0,0000000E+0	0,0000000E+0
3,0023118E+03	-4,0037560E-2	7,8124995E+1	-9,9921605E-2	-1,6210602E-1	-2,0505862E-1	-2,8927812E-1	7,8124995E+1	-4,1885304E-1	0,0000000E+0	0,0000000E+0
3,0040667E+03	-4,1481110E-2	7,8124995E+1	-1,0098331E-1	-1,6292558E-1	-2,0562672E-1	-2,8920362E-1	7,8124995E+1	-4,1908587E-1	0,0000000E+0	0,0000000E+0
3,0058216E+03	-4,2766335E-2	7,8124995E+1	-1,0208227E-1	-1,6370789E-1	-2,0608307E-1	-2,8922224E-1	7,8124995E+1	-4,1934664E-1	0,0000000E+0	0,0000000E+0
3,0075761E+03	-4,4163319E-2	7,8124995E+1	-1,0299497E-1	-1,6441570E-1	-2,0639972E-1	-2,8816053E-1	7,8124995E+1	-4,1953291E-1	0,0000000E+0	0,0000000E+0
3,0093297E+03	-4,5308846E-2	7,8124995E+1	-1,0412187E-1	-1,6517938E-1	-2,0668843E-1	-2,8776938E-1	7,8124995E+1	-4,1980299E-1	0,0000000E+0	0,0000000E+0
3,0110862E+03	-4,6594071E-2	7,8124995E+1	-1,0509976E-1	-1,6584062E-1	-2,0714478E-1	-2,8863551E-1	7,8124995E+1	-4,2008239E-1	0,0000000E+0	0,0000000E+0
3,0128429E+03	-4,8018995E-2	7,8124995E+1	-1,0621735E-1	-1,6661362E-1	-2,0761975E-1	-2,8938988E-1	7,8124995E+1	-4,2023140E-1	0,0000000E+0	0,0000000E+0
3,0145967E+03	-4,9453232E-2	7,8124995E+1	-1,0728837E-1	-1,6747975E-1	-2,0820649E-1	-2,9031189E-1	7,8124995E+1	-4,2031522E-1	0,0000000E+0	0,0000000E+0
3,0163522E+03	-5,0924721E-2	7,8124995E+1	-1,0830351E-1	-1,6842970E-1	-2,0870940E-1	-2,9101038E-1	7,8124995E+1	-4,2030590E-1	0,0000000E+0	0,0000000E+0
3,0181087E+03	-5,2321705E-2	7,8124995E+1	-1,0941178E-1	-1,6916544E-1	-2,0928682E-1	-2,9157849E-1	7,8124995E+1	-4,2029659E-1	0,0000000E+0	0,0000000E+0
3,0198659E+03	-5,3551051E-2	7,8124995E+1	-1,1061319E-1	-1,6999432E-1	-2,0973386E-1	-2,9210003E-1	7,8124995E+1	-4,2046423E-1	0,0000000E+0	0,0000000E+0
3,0216193E+03	-5,4845590E-2	7,8124995E+1	-1,1158176E-1	-1,7086045E-1	-2,1032059E-1	-2,9265882E-1	7,8124995E+1	-4,2048285E-1	0,0000000E+0	0,0000000E+0
3,0233752E+03	-5,6121502E-2	7,8124995E+1	-1,1257828E-1	-1,7156825E-1	-2,1092595E-1	-2,9294753E-1	7,8124995E+1	-4,2052011E-1	0,0000000E+0	0,0000000E+0
3,0251316E+03	-5,7471920E-2	7,8124995E+1	-1,1366793E-1	-1,7250889E-1	-2,1136367E-1	-2,9350633E-1	7,8124995E+1	-4,2050148E-1	0,0000000E+0	0,0000000E+0
3,0268872E+03	-5,8645386E-2	7,8124995E+1	-1,1481345E-1	-1,7330052E-1	-2,1194109E-1	-2,9374847E-1	7,8124995E+1	-4,2074362E-1	0,0000000E+0	0,0000000E+0
3,0286413E+03	-5,9921298E-2	7,8124995E+1	-1,1568890E-1	-1,7412008E-1	-2,1237881E-1	-2,9421413E-1	7,8124995E+1	-4,2075294E-1	0,0000000E+0	0,0000000E+0
3,0303965E+03	-6,1523173E-2	7,8124995E+1	-1,1649915E-1	-1,7493964E-1	-2,1285379E-1	-2,9284509E-1	7,8124995E+1	-4,2095783E-1	0,0000000E+0	0,0000000E+0
3,0321524E+03	-6,3050542E-2	7,8124995E+1	-1,1752360E-1	-1,7557294E-1	-2,1317044E-1	-2,9177407E-1	7,8124995E+1	-4,2099508E-1	0,0000000E+0	0,0000000E+0
3,0339084E+03	-6,3981865E-2	7,8124995E+1	-1,1842699E-1	-1,7618762E-1	-2,1337533E-1	-2,9156918E-1	7,8124995E+1	-4,2114409E-1	0,0000000E+0	0,0000000E+0
3,0356627E+03	-6,5276403E-2	7,8124995E+1	-1,1916273E-1	-1,7688611E-1	-2,1370129E-1	-2,9229561E-1	7,8124995E+1	-4,2113478E-1	0,0000000E+0	0,0000000E+0
3,0374192E+03	-6,6263605E-2	7,8124995E+1	-1,2021513E-1	-1,7749147E-1	-2,1390618E-1	-2,9277058E-1	7,8124995E+1	-4,2052942E-1	0,0000000E+0	0,0000000E+0
3,0391767E+03	-6,7390506E-2	7,8124995E+1	-1,2115576E-1	-1,7821790E-1	-2,1436253E-1	-2,9359946E-1	7,8124995E+1	-4,1999857E-1	0,0000000E+0	0,0000000E+0
3,0409319E+03	-6,8768863E-2	7,8124995E+1	-1,2221747E-1	-1,7888845E-1	-2,1455811E-1	-2,9413031E-1	7,8124995E+1	-4,1981230E-1	0,0000000E+0	0,0000000E+0
3,0426854E+03	-6,9839884E-2	7,8124995E+1	-1,2316742E-1	-1,7954038E-1	-2,1494926E-1	-2,9467048E-1	7,8124995E+1	-4,1976574E-1	0,0000000E+0	0,0000000E+0
3,0444398E+03	-7,1031977E-2	7,8124995E+1	-1,2411737E-1	-1,8049033E-1	-2,1525660E-1	-2,9513614E-1	7,8124995E+1	-4,1979368E-1	0,0000000E+0	0,0000000E+0
3,0461958E+03	-7,2102998E-2	7,8124995E+1	-1,2514182E-1	-1,8117019E-1	-2,1568501E-1	-2,9560180E-1	7,8124995E+1	-4,1985887E-1	0,0000000E+0	0,0000000E+0
3,0479539E+03	-7,3229898E-2	7,8124995E+1	-1,2625010E-1	-1,8191525E-1	-2,1614136E-1	-2,9603021E-1	7,8124995E+1	-4,2006376E-1	0,0000000E+0	0,0000000E+0
3,0497076E+03	-7,4403365E-2	7,8124995E+1	-1,2715348E-1	-1,8278138E-1	-2,1677466E-1	-2,9661694E-1	7,8124995E+1	-4,2030590E-1	0,0000000E+0	0,0000000E+0
3,0514634E+03	-7,5809662E-2	7,8124995E+1	-1,2802892E-1	-1,8348918E-1	-2,1711924E-1	-2,9679390E-1	7,8124995E+1	-4,2065049E-1	0,0000000E+0	0,0000000E+0
3,0532196E+03	-7,7104201E-2	7,8124995E+1	-1,2900681E-1	-1,8429944E-1	-2,1778048E-1	-2,9708261E-1	7,8124995E+1	-4,2081813E-1	0,0000000E+0	0,0000000E+0
3,0549765E+03	-7,8426679E-2	7,8124995E+1	-1,2994745E-1	-1,8504449E-1	-2,1819027E-1	-2,9751101E-1	7,8124995E+1	-4,2092989E-1	0,0000000E+0	0,0000000E+0
3,0567312E+03	-7,9711904E-2	7,8124995E+1	-1,3084152E-1	-1,8577093E-1	-2,1854417E-1	-2,9776247E-1	7,8124995E+1	-4,2080882E-1	0,0000000E+0	0,0000000E+0
3,0584865E+03	-8,0540781E-2	7,8124995E+1	-1,3172627E-1	-1,8644148E-1	-2,1891670E-1	-2,9793011E-1	7,8124995E+1	-4,2044560E-1	0,0000000E+0	0,0000000E+0
3,0602412E+03	-8,1630429E-2	7,8124995E+1	-1,3254584E-1	-1,8689783E-1	-2,1906571E-1	-2,9724093E-1	7,8124995E+1	-4,1992406E-1	0,0000000E+0	0,0000000E+0
3,0619955E+03	-8,2971533E-2	7,8124995E+1	-1,3345853E-1	-1,8755906E-1	-2,1941030E-1	-2,9764140E-1	7,8124995E+1	-4,1975642E-1	0,0000000E+0	0,0000000E+0
3,0637490E+03	-8,3893543E-2	7,8124995E+1	-1,3421290E-1	-1,8817374E-1	-2,1982939E-1	-2,9779041E-1	7,8124995E+1	-4,1965398E-1	0,0000000E+0	0,0000000E+0
3,0655023E+03	-8,4908684E-2	7,8124995E+1	-1,3514423E-1	-1,8881635E-1	-2,2021124E-1	-2,9799530E-1	7,8124995E+1	-4,1944909E-1	0,0000000E+0	0,0000000E+0
3,0672573E+03	-8,6091464E-2	7,8124995E+1	-1,3604761E-1	-1,8961729E-1	-2,2054651E-1	-2,9826539E-1	7,8124995E+1	-4,1933733E-1	0,0000000E+0	0,0000000E+0
3,0690119E+03	-8,7032100E-2	7,8124995E+1	-1,3701619E-1	-1,9035303E-1	-2,2094698E-1	-2,9841440E-1	7,8124995E+1	-4,1935595E-1	0,0000000E+0	0,0000000E+0
3,0707665E+03	-8,8047241E-2	7,8124995E+1	-1,3800339E-1	-1,9101427E-1	-2,2127294E-1	-2,9855410E-1	7,8124995E+1	-4,1943977E-1	0,0000000E+0	0,0000000E+0
3,0725225E+03	-8,9127576E-2	7,8124995E+1	-1,3873913E-1	-1,9182452E-1	-2,2185968E-1	-2,9867517E-1	7,8124995E+1	-4,1939321E-1	0,0000000E+0	0,0000000E+0
3,0742794E+03	-9,0245163E-2	7,8124995E+1	-1,3973565E-1	-1,9267203E-1	-2,2223221E-1	-2,9915014E-1	7,8124995E+1	-4,1955153E-1	0,0000000E+0	0,0000000E+0
3,0760344E+03	-9,1306871E-2	7,8124995E+1	-1,4058315E-1	-1,9341708E-1	-2,2257680E-1	-2,9968100E-1	7,8124995E+1	-4,1975642E-1	0,0000000E+0	0,0000000E+0
3,0777881E+03	-9,2284759E-2	7,8124995E+1	-1,4157035E-1	-1,9413420E-1	-2,2321009E-1	-3,0009078E-1	7,8124995E+1	-4,2001719E-1	0,0000000E+0	0,0000000E+0
3,0795449E+03	-9,3476852E-2	7,8124995E+1	-1,4252962E-1	-1,9492583E-1	-2,2355468E-1	-3,0044468E-1	7,8124995E+1	-4,2022208E-1	0,0000000E+0	0,0000000E+0
3,0812994E+03	-9,4408175E-2	7,8124995E+1	-1,4339575E-1	-1,9560569E-1	-2,2402966E-1	-3,0083584E-1	7,8124995E+1	-4,2040835E-1	0,0000000E+0	0,0000000E+0
3,0830540E+03	-9,5590955E-2	7,8124995E+1	-1,4428982E-1	-1,9630418E-1	-2,2445807E-1	-3,0108729E-1	7,8124995E+1	-4,2049217E-1	0,0000000E+0	0,0000000E+0
3,0848096E+03	-9,6568844E-2	7,8124995E+1	-1,4513732E-1	-1,9704924E-1	-2,2499823E-1	-3,0114317E-1	7,8124995E+1	-4,2073431E-1	0,0000000E+0	0,0000000E+0
3,0865648E+03	-9,7705057E-2	7,8124995E+1	-1,4589169E-1	-1,9765460E-1	-2,2540802E-1	-3,0136669E-1	7,8124995E+1	-4,2097646E-1	0,0000000E+0	0,0000000E+0
3,0883192E+03	-9,8738825E-2	7,8124995E+1	-1,4669263E-1	-1,9839035E-1	-2,2575261E-1	-3,0146914E-1	7,8124995E+1	-4,2096714E-1	0,0000000E+0	0,0000000E+0
3,0900727E+03	-9,9856412E-2	7,8124995E+1	-1,4746563E-1	-1,9897708E-1	-2,2613445E-1	-3,0172991E-1	7,8124995E+1	-4,2106027E-1	0,0000000E+0	0,0000000E+0
3,0918304E+03	-1,0096469E-1	7,8124995E+1	-1,4831313E-1	-1,9980596E-1	-2,2661874E-1	-3,0194411E-1	7,8124995E+1	-4,2115341E-1	0,0000000E+0	0,0000000E+0
3,0935862E+03	-1,0197983E-1	7,8124995E+1	-1,4920720E-1	-2,0043926E-1	-2,2704714E-1	-3,0230733E-1	7,8124995E+1	-4,2130242E-1	0,0000000E+0	0,0000000E+0
3,0953406E+03	-1,0320917E-1	7,8124995E+1	-1,5023165E-1	-2,0120294E-1	-2,2748487E-1	-3,0265192E-1	7,8124995E+1	-4,2119997E-1	0,0000000E+0	0,0000000E+0
3,0970955E+03	-1,0408462E-1	7,8124995E+1	-1,5103259E-1	-2,0195731E-1	-2,2798778E-1	-3,0294994E-1	7,8124995E+1	-4,2134898E-1	0,0000000E+0	0,0000000E+0
3,0988506E+03	-1,0517426E-1	7,8124995E+1	-1,5191735E-1	-2,0264649E-1	-2,2838825E-1	-3,0312689E-1	7,8124995E+1	-4,2151662E-1	0,0000000E+0	0,0000000E+0
3,1006061E+03	-1,0614284E-1	7,8124995E+1	-1,5279279E-1	-2,0338224E-1	-2,2878872E-1	-3,0335041E-1	7,8124995E+1	-4,2152594E-1	0,0000000E+0	0,0000000E+0
3,1023617E+03	-1,0738150E-1	7,8124995E+1	-1,5379862E-1	-2,0406210E-1	-2,2936614E-1	-3,0364843E-1	7,8124995E+1	-4,2182396E-1	0,0000000E+0	0,0000000E+0
3,1041166E+03	-1,0835007E-1	7,8124995E+1	-1,5454368E-1	-2,0464883E-1	-2,2970141E-1	-3,0405821E-1	7,8124995E+1	-4,2203816E-1	0,0000000E+0	0,0000000E+0
3,1058717E+03	-1,0941178E-1	7,8124995E+1	-1,5540049E-1	-2,0532870E-1	-2,3030677E-1	-3,0443074E-1	7,8124995E+1	-4,2214061E-1	0,0000000E+0	0,0000000E+0
3,1076268E+03	-1,1052006E-1	7,8124995E+1	-1,5638770E-1	-2,0610170E-1	-2,3066999E-1	-3,0484052E-1	7,8124995E+1	-4,2237344E-1	0,0000000E+0	0,0000000E+0
3,1093818E+03	-1,1151657E-1	7,8124995E+1	-1,5719795E-1	-2,0684676E-1	-2,3110771E-1	-3,0538069E-1	7,8124995E+1	-4,2263421E-1	0,0000000E+0	0,0000000E+0
3,1111367E+03	-1,1258759E-1	7,8124995E+1	-1,5802682E-1	-2,0746143E-1	-2,3168513E-1	-3,0571597E-1	7,8124995E+1	-4,2284841E-1	0,0000000E+0	0,0000000E+0
3,1128899E+03	-1,1361205E-1	7,8124995E+1	-1,5887433E-1	-2,0818786E-1	-2,3218804E-1	-3,0606987E-1	7,8124995E+1	-4,2316506E-1	0,0000000E+0	0,0000000E+0
3,1146441E+03	-1,1485071E-1	7,8124995E+1	-1,5975908E-1	-2,0887704E-1	-2,3262577E-1	-3,0650759E-1	7,8124995E+1	-4,2340721E-1	0,0000000E+0	0,0000000E+0
3,1163989E+03	-1,1577272E-1	7,8124995E+1	-1,6050414E-1	-2,0964072E-1	-2,3313799E-1	-3,0670317E-1	7,8124995E+1	-4,2364004E-1	0,0000000E+0	0,0000000E+0
3,1181515E+03	-1,1675992E-1	7,8124995E+1	-1,6136096E-1	-2,1019952E-1	-2,3345464E-1	-3,0661935E-1	7,8124995E+1	-4,2403119E-1	0,0000000E+0	0,0000000E+0
3,1199056E+03	-1,1755154E-1	7,8124995E+1	-1,6220846E-1	-2,1081419E-1	-2,3403206E-1	-3,0691737E-1	7,8124995E+1	-4,2435716E-1	0,0000000E+0	0,0000000E+0
3,1216597E+03	-1,1863188E-1	7,8124995E+1	-1,6301871E-1	-2,1154994E-1	-2,3448841E-1	-3,0692669E-1	7,8124995E+1	-4,2451548E-1	0,0000000E+0	0,0000000E+0
3,1234164E+03	-1,1963771E-1	7,8124995E+1	-1,6377308E-1	-2,1205285E-1	-2,3502858E-1	-3,0740166E-1	7,8124995E+1	-4,2495320E-1	0,0000000E+0	0,0000000E+0
3,1251703E+03	-1,2069941E-1	7,8124995E+1	-1,6468578E-1	-2,1293761E-1	-2,3532660E-1	-3,0780213E-1	7,8124995E+1	-4,2527917E-1	0,0000000E+0	0,0000000E+0
3,1269286E+03	-1,2174249E-1	7,8124995E+1	-1,6543084E-1	-2,1371060E-1	-2,3581089E-1	-3,0814672E-1	7,8124995E+1	-4,2553994E-1	0,0000000E+0	0,0000000E+0
3,1286844E+03	-1,2263656E-1	7,8124995E+1	-1,6630628E-1	-2,1424146E-1	-2,3623930E-1	-3,0858444E-1	7,8124995E+1	-4,2574483E-1	0,0000000E+0	0,0000000E+0
3,1304380E+03	-1,2371690E-1	7,8124995E+1	-1,6709791E-1	-2,1505171E-1	-2,3673290E-1	-3,0902216E-1	7,8124995E+1	-4,2593109E-1	0,0000000E+0	0,0000000E+0
3,1321920E+03	-1,2464822E-1	7,8124995E+1	-1,6791747E-1	-2,1568501E-1	-2,3717062E-1	-3,0932950E-1	7,8124995E+1	-4,2620118E-1	0,0000000E+0	0,0000000E+0
3,1339466E+03	-1,2563542E-1	7,8124995E+1	-1,6881154E-1	-2,1622518E-1	-2,3771079E-1	-3,0975791E-1	7,8124995E+1	-4,2648989E-1	0,0000000E+0	0,0000000E+0
3,1356997E+03	-1,2659469E-1	7,8124995E+1	-1,6951003E-1	-2,1690504E-1	-2,3807400E-1	-3,1011181E-1	7,8124995E+1	-4,2677860E-1	0,0000000E+0	0,0000000E+0
3,1374557E+03	-1,2755395E-1	7,8124995E+1	-1,7028303E-1	-2,1746383E-1	-2,3861417E-1	-3,1041915E-1	7,8124995E+1	-4,2687173E-1	0,0000000E+0	0,0000000E+0
3,1392114E+03	-1,2855046E-1	7,8124995E+1	-1,7104671E-1	-2,1817164E-1	-2,3901464E-1	-3,1069854E-1	7,8124995E+1	-4,2708593E-1	0,0000000E+0	0,0000000E+0
3,1409676E+03	-1,2959354E-1	7,8124995E+1	-1,7186628E-1	-2,1887013E-1	-2,3938717E-1	-3,1096863E-1	7,8124995E+1	-4,2733739E-1	0,0000000E+0	0,0000000E+0
3,1427225E+03	-1,3045036E-1	7,8124995E+1	-1,7255546E-1	-2,1952206E-1	-2,3991802E-1	-3,1137841E-1	7,8124995E+1	-4,2744915E-1	0,0000000E+0	0,0000000E+0
3,1444795E+03	-1,3130718E-1	7,8124995E+1	-1,7339365E-1	-2,2015536E-1	-2,4041162E-1	-3,1159261E-1	7,8124995E+1	-4,2778442E-1	0,0000000E+0	0,0000000E+0
3,1462359E+03	-1,3234095E-1	7,8124995E+1	-1,7413871E-1	-2,2076072E-1	-2,4080278E-1	-3,1186270E-1	7,8124995E+1	-4,2792412E-1	0,0000000E+0	0,0000000E+0
3,1479909E+03	-1,3324433E-1	7,8124995E+1	-1,7502346E-1	-2,2139402E-1	-2,4122187E-1	-3,1210484E-1	7,8124995E+1	-4,2801725E-1	0,0000000E+0	0,0000000E+0
3,1497464E+03	-1,3414771E-1	7,8124995E+1	-1,7574058E-1	-2,2203663E-1	-2,4165960E-1	-3,1240286E-1	7,8124995E+1	-4,2825009E-1	0,0000000E+0	0,0000000E+0
3,1515010E+03	-1,3511629E-1	7,8124995E+1	-1,7641113E-1	-2,2265130E-1	-2,4205075E-1	-3,1237492E-1	7,8124995E+1	-4,2843635E-1	0,0000000E+0	0,0000000E+0
3,1532548E+03	-1,3601967E-1	7,8124995E+1	-1,7725864E-1	-2,2318216E-1	-2,4243259E-1	-3,1262638E-1	7,8124995E+1	-4,2861330E-1	0,0000000E+0	0,0000000E+0
3,1550110E+03	-1,3689511E-1	7,8124995E+1	-1,7790125E-1	-2,2373164E-1	-2,4288894E-1	-3,1289646E-1	7,8124995E+1	-4,2884613E-1	0,0000000E+0	0,0000000E+0
3,1567657E+03	-1,3790094E-1	7,8124995E+1	-1,7855317E-1	-2,2429043E-1	-2,4318697E-1	-3,1328762E-1	7,8124995E+1	-4,2902308E-1	0,0000000E+0	0,0000000E+0
3,1585201E+03	-1,3881364E-1	7,8124995E+1	-1,7951244E-1	-2,2499823E-1	-2,4358743E-1	-3,1381847E-1	7,8124995E+1	-4,2913484E-1	0,0000000E+0	0,0000000E+0
3,1602743E+03	-1,3944694E-1	7,8124995E+1	-1,7994085E-1	-2,2553840E-1	-2,4400653E-1	-3,1331556E-1	7,8124995E+1	-4,2894858E-1	0,0000000E+0	0,0000000E+0
3,1620290E+03	-1,4023856E-1	7,8124995E+1	-1,8063934E-1	-2,2573398E-1	-2,4404378E-1	-3,1276608E-1	7,8124995E+1	-4,2770060E-1	0,0000000E+0	0,0000000E+0
3,1637829E+03	-1,4017337E-1	7,8124995E+1	-1,8103981E-1	-2,2623689E-1	-2,4405310E-1	-3,1260775E-1	7,8124995E+1	-4,2735602E-1	0,0000000E+0	0,0000000E+0
3,1655394E+03	-1,4040620E-1	7,8124995E+1	-1,8130058E-1	-2,2661874E-1	-2,4381095E-1	-3,0844474E-1	7,8124995E+1	-4,2747709E-1	0,0000000E+0	0,0000000E+0
3,1672945E+03	-1,3970771E-1	7,8124995E+1	-1,8172898E-1	-2,2697264E-1	-2,4399722E-1	-3,0891040E-1	7,8124995E+1	-4,2755159E-1	0,0000000E+0	0,0000000E+0
3,1690504E+03	-1,3962389E-1	7,8124995E+1	-1,8203632E-1	-2,2719616E-1	-2,4392271E-1	-3,0862169E-1	7,8124995E+1	-4,2784962E-1	0,0000000E+0	0,0000000E+0
3,1708047E+03	-1,4031307E-1	7,8124995E+1	-1,8255786E-1	-2,2746624E-1	-2,4382026E-1	-3,0669386E-1	7,8124995E+1	-4,2779374E-1	0,0000000E+0	0,0000000E+0
3,1725603E+03	-1,4139340E-1	7,8124995E+1	-1,8319116E-1	-2,2774564E-1	-2,4391340E-1	-3,0652622E-1	7,8124995E+1	-4,2809176E-1	0,0000000E+0	0,0000000E+0
3,1743127E+03	-1,4312566E-1	7,8124995E+1	-1,8381515E-1	-2,2823924E-1	-2,4399722E-1	-3,0771831E-1	7,8124995E+1	-4,2813833E-1	0,0000000E+0	0,0000000E+0
3,1760663E+03	-1,4494174E-1	7,8124995E+1	-1,8476510E-1	-2,2888185E-1	-2,4428593E-1	-3,0889178E-1	7,8124995E+1	-4,2840841E-1	0,0000000E+0	0,0000000E+0
3,1778207E+03	-1,4624559E-1	7,8124995E+1	-1,8546359E-1	-2,2934751E-1	-2,4473296E-1	-3,1008387E-1	7,8124995E+1	-4,2855742E-1	0,0000000E+0	0,0000000E+0
3,1795768E+03	-1,4721417E-1	7,8124995E+1	-1,8619002E-1	-2,2976661E-1	-2,4513343E-1	-3,1092206E-1	7,8124995E+1	-4,2876231E-1	0,0000000E+0	0,0000000E+0
3,1813335E+03	-1,4817343E-1	7,8124995E+1	-1,8675813E-1	-2,3032540E-1	-2,4550596E-1	-3,1177888E-1	7,8124995E+1	-4,2888338E-1	0,0000000E+0	0,0000000E+0
3,1830906E+03	-1,4882536E-1	7,8124995E+1	-1,8741937E-1	-2,3092145E-1	-2,4581329E-1	-3,1217003E-1	7,8124995E+1	-4,2896720E-1	0,0000000E+0	0,0000000E+0
3,1848446E+03	-1,4958904E-1	7,8124995E+1	-1,8797816E-1	-2,3135917E-1	-2,4626033E-1	-3,1244012E-1	7,8124995E+1	-4,2917209E-1	0,0000000E+0	0,0000000E+0
3,1865996E+03	-1,5003608E-1	7,8124995E+1	-1,8865803E-1	-2,3182483E-1	-2,4649316E-1	-3,1185338E-1	7,8124995E+1	-4,2920935E-1	0,0000000E+0	0,0000000E+0
3,1883553E+03	-1,5079976E-1	7,8124995E+1	-1,8924476E-1	-2,3229049E-1	-2,4689363E-1	-3,1176025E-1	7,8124995E+1	-4,2940493E-1	0,0000000E+0	0,0000000E+0
3,1901105E+03	-1,5129336E-1	7,8124995E+1	-1,8990600E-1	-2,3289585E-1	-2,4715440E-1	-3,1214209E-1	7,8124995E+1	-4,2947943E-1	0,0000000E+0	0,0000000E+0
3,1918665E+03	-1,5246683E-1	7,8124995E+1	-1,9043685E-1	-2,3311937E-1	-2,4745242E-1	-3,1306410E-1	7,8124995E+1	-4,2965638E-1	0,0000000E+0	0,0000000E+0
3,1936219E+03	-1,5345403E-1	7,8124995E+1	-1,9117260E-1	-2,3378992E-1	-2,4794602E-1	-3,1368809E-1	7,8124995E+1	-4,2970295E-1	0,0000000E+0	0,0000000E+0
3,1953768E+03	-1,5381725E-1	7,8124995E+1	-1,9158238E-1	-2,3423695E-1	-2,4814160E-1	-3,1350182E-1	7,8124995E+1	-4,2965638E-1	0,0000000E+0	0,0000000E+0
3,1971319E+03	-1,5468338E-1	7,8124995E+1	-1,9212255E-1	-2,3485163E-1	-2,4854207E-1	-3,1285921E-1	7,8124995E+1	-4,2987059E-1	0,0000000E+0	0,0000000E+0
3,1988862E+03	-1,5550294E-1	7,8124995E+1	-1,9288623E-1	-2,3527072E-1	-2,4876559E-1	-3,1298960E-1	7,8124995E+1	-4,3005685E-1	0,0000000E+0	0,0000000E+0
3,2006388E+03	-1,5649945E-1	7,8124995E+1	-1,9337983E-1	-2,3568982E-1	-2,4902636E-1	-3,1313861E-1	7,8124995E+1	-4,3021518E-1	0,0000000E+0	0,0000000E+0
3,2023939E+03	-1,5717932E-1	7,8124995E+1	-1,9412489E-1	-2,3634174E-1	-2,4940820E-1	-3,1323174E-1	7,8124995E+1	-4,3037350E-1	0,0000000E+0	0,0000000E+0
3,2041493E+03	-1,5795232E-1	7,8124995E+1	-1,9479544E-1	-2,3667702E-1	-2,4966897E-1	-3,1364152E-1	7,8124995E+1	-4,3049457E-1	0,0000000E+0	0,0000000E+0
3,2059046E+03	-1,5874394E-1	7,8124995E+1	-1,9552187E-1	-2,3734757E-1	-2,5018120E-1	-3,1427482E-1	7,8124995E+1	-4,3067152E-1	0,0000000E+0	0,0000000E+0
3,2076601E+03	-1,5974977E-1	7,8124995E+1	-1,9603410E-1	-2,3775735E-1	-2,5046059E-1	-3,1479636E-1	7,8124995E+1	-4,3095092E-1	0,0000000E+0	0,0000000E+0
3,2094140E+03	-1,6062521E-1	7,8124995E+1	-1,9672328E-1	-2,3835340E-1	-2,5087969E-1	-3,1537378E-1	7,8124995E+1	-4,3112787E-1	0,0000000E+0	0,0000000E+0
3,2111693E+03	-1,6161242E-1	7,8124995E+1	-1,9742177E-1	-2,3889357E-1	-2,5126153E-1	-3,1618403E-1	7,8124995E+1	-4,3125826E-1	0,0000000E+0	0,0000000E+0
3,2129255E+03	-1,6237610E-1	7,8124995E+1	-1,9813889E-1	-2,3938717E-1	-2,5174582E-1	-3,1674283E-1	7,8124995E+1	-4,3132345E-1	0,0000000E+0	0,0000000E+0
3,2146807E+03	-1,6315841E-1	7,8124995E+1	-1,9874425E-1	-2,3997390E-1	-2,5198796E-1	-3,1717123E-1	7,8124995E+1	-4,3152834E-1	0,0000000E+0	0,0000000E+0
3,2164336E+03	-1,6401523E-1	7,8124995E+1	-1,9937755E-1	-2,4043956E-1	-2,5240706E-1	-3,1747857E-1	7,8124995E+1	-4,3163079E-1	0,0000000E+0	0,0000000E+0
3,2181883E+03	-1,6480685E-1	7,8124995E+1	-1,9997360E-1	-2,4099836E-1	-2,5269577E-1	-3,1789767E-1	7,8124995E+1	-4,3172392E-1	0,0000000E+0	0,0000000E+0
3,2199463E+03	-1,6564504E-1	7,8124995E+1	-2,0070934E-1	-2,4148264E-1	-2,5306830E-1	-3,1825157E-1	7,8124995E+1	-4,3178911E-1	0,0000000E+0	0,0000000E+0
3,2217009E+03	-1,6638079E-1	7,8124995E+1	-2,0124019E-1	-2,4199487E-1	-2,5333838E-1	-3,1857753E-1	7,8124995E+1	-4,3192881E-1	0,0000000E+0	0,0000000E+0
3,2234546E+03	-1,6708859E-1	7,8124995E+1	-2,0182693E-1	-2,4259092E-1	-2,5375748E-1	-3,1876380E-1	7,8124995E+1	-4,3201263E-1	0,0000000E+0	0,0000000E+0
3,2252086E+03	-1,6786159E-1	7,8124995E+1	-2,0245091E-1	-2,4299139E-1	-2,5400893E-1	-3,1895937E-1	7,8124995E+1	-4,3198469E-1	0,0000000E+0	0,0000000E+0
3,2269657E+03	-1,6864390E-1	7,8124995E+1	-2,0311215E-1	-2,4355018E-1	-2,5452116E-1	-3,1921083E-1	7,8124995E+1	-4,3220821E-1	0,0000000E+0	0,0000000E+0
3,2287191E+03	-1,6934239E-1	7,8124995E+1	-2,0367095E-1	-2,4397859E-1	-2,5457704E-1	-3,1942504E-1	7,8124995E+1	-4,3213370E-1	0,0000000E+0	0,0000000E+0
3,2304737E+03	-1,7021784E-1	7,8124995E+1	-2,0430425E-1	-2,4452807E-1	-2,5498682E-1	-3,1971375E-1	7,8124995E+1	-4,3226409E-1	0,0000000E+0	0,0000000E+0
3,2322286E+03	-1,7074869E-1	7,8124995E+1	-2,0484441E-1	-2,4488197E-1	-2,5520103E-1	-3,1980688E-1	7,8124995E+1	-4,3239447E-1	0,0000000E+0	0,0000000E+0
3,2339845E+03	-1,7154032E-1	7,8124995E+1	-2,0537527E-1	-2,4544077E-1	-2,5558287E-1	-3,2000246E-1	7,8124995E+1	-4,3243172E-1	0,0000000E+0	0,0000000E+0
3,2357396E+03	-1,7221087E-1	7,8124995E+1	-2,0600857E-1	-2,4594368E-1	-2,5578776E-1	-3,2024460E-1	7,8124995E+1	-4,3245966E-1	0,0000000E+0	0,0000000E+0
3,2374966E+03	-1,7296524E-1	7,8124995E+1	-2,0669774E-1	-2,4637209E-1	-2,5613235E-1	-3,2047743E-1	7,8124995E+1	-4,3245966E-1	0,0000000E+0	0,0000000E+0
3,2392524E+03	-1,7376618E-1	7,8124995E+1	-2,0714478E-1	-2,4681912E-1	-2,5630930E-1	-3,2065438E-1	7,8124995E+1	-4,3259005E-1	0,0000000E+0	0,0000000E+0
3,2410107E+03	-1,7437154E-1	7,8124995E+1	-2,0779671E-1	-2,4729410E-1	-2,5666320E-1	-3,2090584E-1	7,8124995E+1	-4,3258074E-1	0,0000000E+0	0,0000000E+0
3,2427663E+03	-1,7498621E-1	7,8124995E+1	-2,0833687E-1	-2,4779701E-1	-2,5697054E-1	-3,2109210E-1	7,8124995E+1	-4,3268318E-1	0,0000000E+0	0,0000000E+0
3,2445228E+03	-1,7572195E-1	7,8124995E+1	-2,0885841E-1	-2,4827199E-1	-2,5706367E-1	-3,2114798E-1	7,8124995E+1	-4,3259936E-1	0,0000000E+0	0,0000000E+0
3,2462779E+03	-1,7573127E-1	7,8124995E+1	-2,0936133E-1	-2,4864452E-1	-2,5731513E-1	-3,2075683E-1	7,8124995E+1	-4,3279494E-1	0,0000000E+0	0,0000000E+0
3,2480328E+03	-1,7603860E-1	7,8124995E+1	-2,0951965E-1	-2,4911949E-1	-2,5755727E-1	-3,1995589E-1	7,8124995E+1	-4,3279494E-1	0,0000000E+0	0,0000000E+0
3,2497894E+03	-1,7659740E-1	7,8124995E+1	-2,1015295E-1	-2,4940820E-1	-2,5774354E-1	-3,1977894E-1	7,8124995E+1	-4,3302777E-1	0,0000000E+0	0,0000000E+0
3,2515426E+03	-1,7716550E-1	7,8124995E+1	-2,1058136E-1	-2,4979004E-1	-2,5792049E-1	-3,1985344E-1	7,8124995E+1	-4,3307434E-1	0,0000000E+0	0,0000000E+0
3,2532975E+03	-1,7755666E-1	7,8124995E+1	-2,1102839E-1	-2,5034884E-1	-2,5808813E-1	-3,1989070E-1	7,8124995E+1	-4,3332579E-1	0,0000000E+0	0,0000000E+0
3,2550530E+03	-1,7829240E-1	7,8124995E+1	-2,1167101E-1	-2,5046059E-1	-2,5829302E-1	-3,2014215E-1	7,8124995E+1	-4,3343755E-1	0,0000000E+0	0,0000000E+0
3,2568087E+03	-1,7965214E-1	7,8124995E+1	-2,1205285E-1	-2,5072137E-1	-2,5849791E-1	-3,2079408E-1	7,8124995E+1	-4,3357725E-1	0,0000000E+0	0,0000000E+0
3,2585622E+03	-1,8049964E-1	7,8124995E+1	-2,1273272E-1	-2,5132672E-1	-2,5876799E-1	-3,2136219E-1	7,8124995E+1	-4,3360519E-1	0,0000000E+0	0,0000000E+0
3,2603176E+03	-1,8134714E-1	7,8124995E+1	-2,1320769E-1	-2,5167131E-1	-2,5900082E-1	-3,2176266E-1	7,8124995E+1	-4,3370764E-1	0,0000000E+0	0,0000000E+0
3,2620742E+03	-1,8203632E-1	7,8124995E+1	-2,1374786E-1	-2,5209041E-1	-2,5925228E-1	-3,2223763E-1	7,8124995E+1	-4,3369832E-1	0,0000000E+0	0,0000000E+0
3,2638296E+03	-1,8236228E-1	7,8124995E+1	-2,1431596E-1	-2,5259332E-1	-2,5967138E-1	-3,2261947E-1	7,8124995E+1	-4,3380077E-1	0,0000000E+0	0,0000000E+0
3,2655843E+03	-1,8294902E-1	7,8124995E+1	-2,1475369E-1	-2,5304967E-1	-2,5993215E-1	-3,2289887E-1	7,8124995E+1	-4,3394047E-1	0,0000000E+0	0,0000000E+0
3,2673386E+03	-1,8346124E-1	7,8124995E+1	-2,1532179E-1	-2,5325456E-1	-2,6021154E-1	-3,2337384E-1	7,8124995E+1	-4,3406154E-1	0,0000000E+0	0,0000000E+0
3,2690926E+03	-1,8415042E-1	7,8124995E+1	-2,1585265E-1	-2,5375748E-1	-2,6058407E-1	-3,2333659E-1	7,8124995E+1	-4,3421055E-1	0,0000000E+0	0,0000000E+0
3,2708470E+03	-1,8475578E-1	7,8124995E+1	-2,1635556E-1	-2,5419520E-1	-2,6086347E-1	-3,2351354E-1	7,8124995E+1	-4,3430368E-1	0,0000000E+0	0,0000000E+0
3,2726024E+03	-1,8515625E-1	7,8124995E+1	-2,1678397E-1	-2,5461429E-1	-2,6113355E-1	-3,2361599E-1	7,8124995E+1	-4,3447132E-1	0,0000000E+0	0,0000000E+0
3,2743583E+03	-1,8577093E-1	7,8124995E+1	-2,1732414E-1	-2,5500545E-1	-2,6138501E-1	-3,2372775E-1	7,8124995E+1	-4,3446201E-1	0,0000000E+0	0,0000000E+0
3,2761130E+03	-1,8654392E-1	7,8124995E+1	-2,1805057E-1	-2,5530347E-1	-2,6159921E-1	-3,2386744E-1	7,8124995E+1	-4,3459239E-1	0,0000000E+0	0,0000000E+0
3,2778678E+03	-1,8725173E-1	7,8124995E+1	-2,1829271E-1	-2,5576913E-1	-2,6181342E-1	-3,2419341E-1	7,8124995E+1	-4,3465758E-1	0,0000000E+0	0,0000000E+0
3,2796221E+03	-1,8811786E-1	7,8124995E+1	-2,1887013E-1	-2,5610441E-1	-2,6213938E-1	-3,2441692E-1	7,8124995E+1	-4,3470415E-1	0,0000000E+0	0,0000000E+0
3,2813759E+03	-1,8891880E-1	7,8124995E+1	-2,1939167E-1	-2,5668183E-1	-2,6246534E-1	-3,2443555E-1	7,8124995E+1	-4,3474140E-1	0,0000000E+0	0,0000000E+0
3,2831303E+03	-1,8978493E-1	7,8124995E+1	-2,1995978E-1	-2,5699848E-1	-2,6256779E-1	-3,2476151E-1	7,8124995E+1	-4,3472278E-1	0,0000000E+0	0,0000000E+0
3,2848858E+03	-1,9054861E-1	7,8124995E+1	-2,2049063E-1	-2,5739895E-1	-2,6293100E-1	-3,2487327E-1	7,8124995E+1	-4,3484385E-1	0,0000000E+0	0,0000000E+0
3,2866425E+03	-1,9112603E-1	7,8124995E+1	-2,2103080E-1	-2,5791118E-1	-2,6309864E-1	-3,2497572E-1	7,8124995E+1	-4,3485316E-1	0,0000000E+0	0,0000000E+0
3,2883990E+03	-1,9173139E-1	7,8124995E+1	-2,2146852E-1	-2,5832096E-1	-2,6328491E-1	-3,2506885E-1	7,8124995E+1	-4,3495561E-1	0,0000000E+0	0,0000000E+0
3,2901565E+03	-1,9233675E-1	7,8124995E+1	-2,2211113E-1	-2,5887975E-1	-2,6350842E-1	-3,2534825E-1	7,8124995E+1	-4,3488110E-1	0,0000000E+0	0,0000000E+0
3,2919119E+03	-1,9298868E-1	7,8124995E+1	-2,2253954E-1	-2,5904739E-1	-2,6376920E-1	-3,2558108E-1	7,8124995E+1	-4,3484385E-1	0,0000000E+0	0,0000000E+0
3,2936663E+03	-1,9343571E-1	7,8124995E+1	-2,2307040E-1	-2,5954099E-1	-2,6417898E-1	-3,2577666E-1	7,8124995E+1	-4,3494629E-1	0,0000000E+0	0,0000000E+0
3,2954212E+03	-1,9360335E-1	7,8124995E+1	-2,2356400E-1	-2,5996940E-1	-2,6416035E-1	-3,2598155E-1	7,8124995E+1	-4,3459239E-1	0,0000000E+0	0,0000000E+0
3,2971749E+03	-1,9434841E-1	7,8124995E+1	-2,2412279E-1	-2,6026742E-1	-2,6457013E-1	-3,2599086E-1	7,8124995E+1	-4,3457377E-1	0,0000000E+0	0,0000000E+0
3,2989306E+03	-1,9504690E-1	7,8124995E+1	-2,2451395E-1	-2,6066789E-1	-2,6472846E-1	-3,2626094E-1	7,8124995E+1	-4,3434094E-1	0,0000000E+0	0,0000000E+0
3,3006859E+03	-1,9566157E-1	7,8124995E+1	-2,2495167E-1	-2,6109630E-1	-2,6491472E-1	-3,2644721E-1	7,8124995E+1	-4,3413604E-1	0,0000000E+0	0,0000000E+0
3,3024411E+03	-1,9635075E-1	7,8124995E+1	-2,2545458E-1	-2,6145020E-1	-2,6514755E-1	-3,2665210E-1	7,8124995E+1	-4,3427574E-1	0,0000000E+0	0,0000000E+0
3,3041942E+03	-1,9694680E-1	7,8124995E+1	-2,2581780E-1	-2,6174823E-1	-2,6539901E-1	-3,2678248E-1	7,8124995E+1	-4,3430368E-1	0,0000000E+0	0,0000000E+0
3,3059486E+03	-1,9758010E-1	7,8124995E+1	-2,2619033E-1	-2,6223251E-1	-2,6568772E-1	-3,2669867E-1	7,8124995E+1	-4,3424780E-1	0,0000000E+0	0,0000000E+0
3,3077029E+03	-1,9822271E-1	7,8124995E+1	-2,2671187E-1	-2,6254916E-1	-2,6588330E-1	-3,2696875E-1	7,8124995E+1	-4,3438750E-1	0,0000000E+0	0,0000000E+0
3,3094561E+03	-1,9887463E-1	7,8124995E+1	-2,2727997E-1	-2,6294032E-1	-2,6623720E-1	-3,2706188E-1	7,8124995E+1	-4,3441544E-1	0,0000000E+0	0,0000000E+0
3,3112120E+03	-1,9950793E-1	7,8124995E+1	-2,2765250E-1	-2,6334079E-1	-2,6657248E-1	-3,2719227E-1	7,8124995E+1	-4,3441544E-1	0,0000000E+0	0,0000000E+0
3,3129650E+03	-2,0009467E-1	7,8124995E+1	-2,2822992E-1	-2,6377851E-1	-2,6665630E-1	-3,2718295E-1	7,8124995E+1	-4,3444338E-1	0,0000000E+0	0,0000000E+0
3,3147211E+03	-2,0062552E-1	7,8124995E+1	-2,2863039E-1	-2,6417898E-1	-2,6684256E-1	-3,2725746E-1	7,8124995E+1	-4,3443407E-1	0,0000000E+0	0,0000000E+0
3,3164768E+03	-2,0124019E-1	7,8124995E+1	-2,2912399E-1	-2,6443975E-1	-2,6709402E-1	-3,2753686E-1	7,8124995E+1	-4,3435025E-1	0,0000000E+0	0,0000000E+0
3,3182312E+03	-2,0178967E-1	7,8124995E+1	-2,2960828E-1	-2,6485884E-1	-2,6741067E-1	-3,2760205E-1	7,8124995E+1	-4,3448063E-1	0,0000000E+0	0,0000000E+0
3,3199875E+03	-2,0232053E-1	7,8124995E+1	-2,2999944E-1	-2,6536176E-1	-2,6755968E-1	-3,2779763E-1	7,8124995E+1	-4,3438750E-1	0,0000000E+0	0,0000000E+0
3,3217426E+03	-2,0285138E-1	7,8124995E+1	-2,3052098E-1	-2,6558527E-1	-2,6784839E-1	-3,2791870E-1	7,8124995E+1	-4,3451789E-1	0,0000000E+0	0,0000000E+0
3,3234976E+03	-2,0343812E-1	7,8124995E+1	-2,3098664E-1	-2,6611613E-1	-2,6810916E-1	-3,2797458E-1	7,8124995E+1	-4,3455514E-1	0,0000000E+0	0,0000000E+0
3,3252538E+03	-2,0408073E-1	7,8124995E+1	-2,3154543E-1	-2,6637690E-1	-2,6836993E-1	-3,2811428E-1	7,8124995E+1	-4,3462033E-1	0,0000000E+0	0,0000000E+0
3,3270092E+03	-2,0462090E-1	7,8124995E+1	-2,3181552E-1	-2,6674011E-1	-2,6853757E-1	-3,2837505E-1	7,8124995E+1	-4,3456445E-1	0,0000000E+0	0,0000000E+0
3,3287645E+03	-2,0516106E-1	7,8124995E+1	-2,3238362E-1	-2,6718715E-1	-2,6863070E-1	-3,2857062E-1	7,8124995E+1	-4,3471346E-1	0,0000000E+0	0,0000000E+0
3,3305196E+03	-2,0574780E-1	7,8124995E+1	-2,3289585E-1	-2,6754105E-1	-2,6910567E-1	-3,2876620E-1	7,8124995E+1	-4,3476003E-1	0,0000000E+0	0,0000000E+0
3,3322747E+03	-2,0629728E-1	7,8124995E+1	-2,3321250E-1	-2,6790427E-1	-2,6917087E-1	-3,2882208E-1	7,8124995E+1	-4,3473209E-1	0,0000000E+0	0,0000000E+0
3,3340295E+03	-2,0684676E-1	7,8124995E+1	-2,3370610E-1	-2,6836062E-1	-2,6950614E-1	-3,2886865E-1	7,8124995E+1	-4,3471346E-1	0,0000000E+0	0,0000000E+0
3,3357840E+03	-2,0738692E-1	7,8124995E+1	-2,3413451E-1	-2,6852825E-1	-2,6983211E-1	-3,2905491E-1	7,8124995E+1	-4,3486248E-1	0,0000000E+0	0,0000000E+0
3,3375388E+03	-2,0793640E-1	7,8124995E+1	-2,3467468E-1	-2,6899392E-1	-2,6992524E-1	-3,2915736E-1	7,8124995E+1	-4,3490904E-1	0,0000000E+0	0,0000000E+0
3,3392921E+03	-2,0845794E-1	7,8124995E+1	-2,3521484E-1	-2,6944095E-1	-2,7010219E-1	-3,2928774E-1	7,8124995E+1	-4,3491836E-1	0,0000000E+0	0,0000000E+0
3,3410463E+03	-2,0910987E-1	7,8124995E+1	-2,3546630E-1	-2,6970172E-1	-2,7033502E-1	-3,2945538E-1	7,8124995E+1	-4,3501149E-1	0,0000000E+0	0,0000000E+0
3,3428002E+03	-2,0965004E-1	7,8124995E+1	-2,3610891E-1	-2,7015807E-1	-2,7067961E-1	-3,2952989E-1	7,8124995E+1	-4,3507668E-1	0,0000000E+0	0,0000000E+0
3,3445523E+03	-2,1021814E-1	7,8124995E+1	-2,3636968E-1	-2,7054922E-1	-2,7082862E-1	-3,2975340E-1	7,8124995E+1	-4,3504874E-1	0,0000000E+0	0,0000000E+0
3,3463069E+03	-2,1062793E-1	7,8124995E+1	-2,3686328E-1	-2,7079137E-1	-2,7105214E-1	-3,2985585E-1	7,8124995E+1	-4,3518844E-1	0,0000000E+0	0,0000000E+0
3,3480609E+03	-2,1120535E-1	7,8124995E+1	-2,3728238E-1	-2,7118252E-1	-2,7140604E-1	-3,3015387E-1	7,8124995E+1	-4,3515119E-1	0,0000000E+0	0,0000000E+0
3,3498153E+03	-2,1175483E-1	7,8124995E+1	-2,3779461E-1	-2,7152711E-1	-2,7144329E-1	-3,3034945E-1	7,8124995E+1	-4,3526294E-1	0,0000000E+0	0,0000000E+0
3,3515726E+03	-2,1226705E-1	7,8124995E+1	-2,3812057E-1	-2,7189033E-1	-2,7175994E-1	-3,3039602E-1	7,8124995E+1	-4,3533745E-1	0,0000000E+0	0,0000000E+0
3,3533269E+03	-2,1290035E-1	7,8124995E+1	-2,3854898E-1	-2,7213247E-1	-2,7200209E-1	-3,3052640E-1	7,8124995E+1	-4,3528157E-1	0,0000000E+0	0,0000000E+0
3,3550818E+03	-2,1338464E-1	7,8124995E+1	-2,3903327E-1	-2,7258882E-1	-2,7215110E-1	-3,3064747E-1	7,8124995E+1	-4,3533745E-1	0,0000000E+0	0,0000000E+0
3,3568387E+03	-2,1392481E-1	7,8124995E+1	-2,3953618E-1	-2,7296135E-1	-2,7230942E-1	-3,3063816E-1	7,8124995E+1	-4,3538402E-1	0,0000000E+0	0,0000000E+0
3,3585945E+03	-2,1440910E-1	7,8124995E+1	-2,3988077E-1	-2,7331525E-1	-2,7245844E-1	-3,3080580E-1	7,8124995E+1	-4,3553303E-1	0,0000000E+0	0,0000000E+0
3,3603514E+03	-2,1497720E-1	7,8124995E+1	-2,4029987E-1	-2,7377160E-1	-2,7275646E-1	-3,3107588E-1	7,8124995E+1	-4,3553303E-1	0,0000000E+0	0,0000000E+0
3,3621073E+03	-2,1548943E-1	7,8124995E+1	-2,4078415E-1	-2,7406962E-1	-2,7281234E-1	-3,3130871E-1	7,8124995E+1	-4,3554234E-1	0,0000000E+0	0,0000000E+0
3,3638621E+03	-2,1596440E-1	7,8124995E+1	-2,4124981E-1	-2,7435833E-1	-2,7318487E-1	-3,3138322E-1	7,8124995E+1	-4,3561685E-1	0,0000000E+0	0,0000000E+0
3,3656146E+03	-2,1654182E-1	7,8124995E+1	-2,4164097E-1	-2,7480537E-1	-2,7332457E-1	-3,3142978E-1	7,8124995E+1	-4,3553303E-1	0,0000000E+0	0,0000000E+0
3,3673690E+03	-2,1689573E-1	7,8124995E+1	-2,4205075E-1	-2,7502889E-1	-2,7348289E-1	-3,3148566E-1	7,8124995E+1	-4,3563547E-1	0,0000000E+0	0,0000000E+0
3,3691232E+03	-2,1741727E-1	7,8124995E+1	-2,4243259E-1	-2,7536416E-1	-2,7372503E-1	-3,3163468E-1	7,8124995E+1	-4,3558891E-1	0,0000000E+0	0,0000000E+0
3,3708787E+03	-2,1796675E-1	7,8124995E+1	-2,4291688E-1	-2,7582982E-1	-2,7392061E-1	-3,3155086E-1	7,8124995E+1	-4,3571929E-1	0,0000000E+0	0,0000000E+0
3,3726336E+03	-2,1858142E-1	7,8124995E+1	-2,4321490E-1	-2,7606265E-1	-2,7417207E-1	-3,3167193E-1	7,8124995E+1	-4,3566341E-1	0,0000000E+0	0,0000000E+0
3,3743887E+03	-2,1905640E-1	7,8124995E+1	-2,4382958E-1	-2,7646312E-1	-2,7438627E-1	-3,3193270E-1	7,8124995E+1	-4,3574723E-1	0,0000000E+0	0,0000000E+0
3,3761434E+03	-2,1951274E-1	7,8124995E+1	-2,4423005E-1	-2,7685428E-1	-2,7454460E-1	-3,3223072E-1	7,8124995E+1	-4,3570067E-1	0,0000000E+0	0,0000000E+0
3,3778967E+03	-2,2001566E-1	7,8124995E+1	-2,4451876E-1	-2,7708711E-1	-2,7480537E-1	-3,3248218E-1	7,8124995E+1	-4,3589624E-1	0,0000000E+0	0,0000000E+0
3,3796490E+03	-2,2050926E-1	7,8124995E+1	-2,4502167E-1	-2,7742239E-1	-2,7504751E-1	-3,3274295E-1	7,8124995E+1	-4,3589624E-1	0,0000000E+0	0,0000000E+0
3,3814027E+03	-2,2111462E-1	7,8124995E+1	-2,4541283E-1	-2,7789736E-1	-2,7513133E-1	-3,3271501E-1	7,8124995E+1	-4,3611045E-1	0,0000000E+0	0,0000000E+0
3,3831568E+03	-2,2139402E-1	7,8124995E+1	-2,4589711E-1	-2,7811156E-1	-2,7541073E-1	-3,3295715E-1	7,8124995E+1	-4,3630603E-1	0,0000000E+0	0,0000000E+0
3,3849137E+03	-2,2194350E-1	7,8124995E+1	-2,4621376E-1	-2,7846547E-1	-2,7568081E-1	-3,3311548E-1	7,8124995E+1	-4,3629671E-1	0,0000000E+0	0,0000000E+0
3,3866687E+03	-2,2249298E-1	7,8124995E+1	-2,4667011E-1	-2,7892181E-1	-2,7576463E-1	-3,3311548E-1	7,8124995E+1	-4,3644572E-1	0,0000000E+0	0,0000000E+0
3,3884255E+03	-2,2288413E-1	7,8124995E+1	-2,4694020E-1	-2,7907083E-1	-2,7594158E-1	-3,3323655E-1	7,8124995E+1	-4,3645504E-1	0,0000000E+0	0,0000000E+0
3,3901803E+03	-2,2332185E-1	7,8124995E+1	-2,4747105E-1	-2,7941542E-1	-2,7625823E-1	-3,3350663E-1	7,8124995E+1	-4,3658542E-1	0,0000000E+0	0,0000000E+0
3,3919383E+03	-2,2389927E-1	7,8124995E+1	-2,4773182E-1	-2,7968550E-1	-2,7654694E-1	-3,3359977E-1	7,8124995E+1	-4,3656680E-1	0,0000000E+0	0,0000000E+0
3,3936941E+03	-2,2425318E-1	7,8124995E+1	-2,4826267E-1	-2,7991833E-1	-2,7677977E-1	-3,3380466E-1	7,8124995E+1	-4,3661336E-1	0,0000000E+0	0,0000000E+0
3,3954477E+03	-2,2486785E-1	7,8124995E+1	-2,4878421E-1	-2,8046781E-1	-2,7699398E-1	-3,3395367E-1	7,8124995E+1	-4,3679031E-1	0,0000000E+0	0,0000000E+0
3,3972024E+03	-2,2552909E-1	7,8124995E+1	-2,4905430E-1	-2,8062613E-1	-2,7716161E-1	-3,3387916E-1	7,8124995E+1	-4,3673443E-1	0,0000000E+0	0,0000000E+0
3,3989557E+03	-2,2584574E-1	7,8124995E+1	-2,4931507E-1	-2,8103592E-1	-2,7724543E-1	-3,3408405E-1	7,8124995E+1	-4,3687413E-1	0,0000000E+0	0,0000000E+0
3,4007108E+03	-2,2645110E-1	7,8124995E+1	-2,4975279E-1	-2,8137119E-1	-2,7759934E-1	-3,3447521E-1	7,8124995E+1	-4,3660405E-1	0,0000000E+0	0,0000000E+0
3,4024653E+03	-2,2639522E-1	7,8124995E+1	-2,4973416E-1	-2,8149226E-1	-2,7772041E-1	-3,3427963E-1	7,8124995E+1	-4,3646435E-1	0,0000000E+0	0,0000000E+0
3,4042217E+03	-2,2673049E-1	7,8124995E+1	-2,5033021E-1	-2,8183685E-1	-2,7773903E-1	-3,3432620E-1	7,8124995E+1	-4,3636191E-1	0,0000000E+0	0,0000000E+0
3,4059760E+03	-2,2714959E-1	7,8124995E+1	-2,5055373E-1	-2,8196724E-1	-2,7795324E-1	-3,3423307E-1	7,8124995E+1	-4,3631534E-1	0,0000000E+0	0,0000000E+0
3,4077307E+03	-2,2763388E-1	7,8124995E+1	-2,5086106E-1	-2,8223732E-1	-2,7797187E-1	-3,3436345E-1	7,8124995E+1	-4,3602663E-1	0,0000000E+0	0,0000000E+0
3,4094858E+03	-2,2764319E-1	7,8124995E+1	-2,5131741E-1	-2,8245153E-1	-2,7820470E-1	-3,3442864E-1	7,8124995E+1	-4,3566341E-1	0,0000000E+0	0,0000000E+0
3,4112402E+03	-2,2766182E-1	7,8124995E+1	-2,5160612E-1	-2,8271230E-1	-2,7813019E-1	-3,3408405E-1	7,8124995E+1	-4,3565410E-1	0,0000000E+0	0,0000000E+0
3,4129950E+03	-2,2820198E-1	7,8124995E+1	-2,5170857E-1	-2,8287994E-1	-2,7839096E-1	-3,3402817E-1	7,8124995E+1	-4,3566341E-1	0,0000000E+0	0,0000000E+0
3,4147492E+03	-2,2881666E-1	7,8124995E+1	-2,5198796E-1	-2,8314071E-1	-2,7846547E-1	-3,3404680E-1	7,8124995E+1	-4,3563547E-1	0,0000000E+0	0,0000000E+0
3,4165046E+03	-2,2941270E-1	7,8124995E+1	-2,5236981E-1	-2,8344804E-1	-2,7852135E-1	-3,3438208E-1	7,8124995E+1	-4,3558891E-1	0,0000000E+0	0,0000000E+0
3,4182606E+03	-2,2989699E-1	7,8124995E+1	-2,5284478E-1	-2,8372744E-1	-2,7871692E-1	-3,3430757E-1	7,8124995E+1	-4,3560753E-1	0,0000000E+0	0,0000000E+0
3,4200152E+03	-2,3061411E-1	7,8124995E+1	-2,5306830E-1	-2,8380195E-1	-2,7878212E-1	-3,3432620E-1	7,8124995E+1	-4,3567273E-1	0,0000000E+0	0,0000000E+0
3,4217703E+03	-2,3112634E-1	7,8124995E+1	-2,5348739E-1	-2,8427692E-1	-2,7900563E-1	-3,3445658E-1	7,8124995E+1	-4,3574723E-1	0,0000000E+0	0,0000000E+0
3,4235272E+03	-2,3148024E-1	7,8124995E+1	-2,5391580E-1	-2,8441662E-1	-2,7929434E-1	-3,3446590E-1	7,8124995E+1	-4,3569135E-1	0,0000000E+0	0,0000000E+0
3,4252826E+03	-2,3205766E-1	7,8124995E+1	-2,5430696E-1	-2,8477052E-1	-2,7949923E-1	-3,3458697E-1	7,8124995E+1	-4,3568204E-1	0,0000000E+0	0,0000000E+0
3,4270362E+03	-2,3230912E-1	7,8124995E+1	-2,5459567E-1	-2,8505923E-1	-2,7971344E-1	-3,3459628E-1	7,8124995E+1	-4,3576586E-1	0,0000000E+0	0,0000000E+0
3,4287924E+03	-2,3266302E-1	7,8124995E+1	-2,5494957E-1	-2,8536657E-1	-2,7998352E-1	-3,3480117E-1	7,8124995E+1	-4,3581242E-1	0,0000000E+0	0,0000000E+0
3,4305496E+03	-2,3308211E-1	7,8124995E+1	-2,5531279E-1	-2,8578566E-1	-2,8016047E-1	-3,3520164E-1	7,8124995E+1	-4,3598938E-1	0,0000000E+0	0,0000000E+0
3,4323037E+03	-2,3342670E-1	7,8124995E+1	-2,5569463E-1	-2,8593467E-1	-2,8041193E-1	-3,3530409E-1	7,8124995E+1	-4,3595212E-1	0,0000000E+0	0,0000000E+0
3,4340607E+03	-2,3389237E-1	7,8124995E+1	-2,5595540E-1	-2,8617682E-1	-2,8051438E-1	-3,3548104E-1	7,8124995E+1	-4,3600800E-1	0,0000000E+0	0,0000000E+0
3,4358161E+03	-2,3431146E-1	7,8124995E+1	-2,5633724E-1	-2,8651209E-1	-2,8073789E-1	-3,3539722E-1	7,8124995E+1	-4,3606388E-1	0,0000000E+0	0,0000000E+0
3,4375735E+03	-2,3480506E-1	7,8124995E+1	-2,5670046E-1	-2,8677286E-1	-2,8084965E-1	-3,3551829E-1	7,8124995E+1	-4,3608251E-1	0,0000000E+0	0,0000000E+0
3,4393287E+03	-2,3507515E-1	7,8124995E+1	-2,5708230E-1	-2,8701501E-1	-2,8105454E-1	-3,3563005E-1	7,8124995E+1	-4,3632465E-1	0,0000000E+0	0,0000000E+0
3,4410835E+03	-2,3543836E-1	7,8124995E+1	-2,5731513E-1	-2,8731303E-1	-2,8124081E-1	-3,3587219E-1	7,8124995E+1	-4,3625015E-1	0,0000000E+0	0,0000000E+0
3,4428406E+03	-2,3581089E-1	7,8124995E+1	-2,5767835E-1	-2,8751792E-1	-2,8135257E-1	-3,3583494E-1	7,8124995E+1	-4,3631534E-1	0,0000000E+0	0,0000000E+0
3,4445960E+03	-2,3616479E-1	7,8124995E+1	-2,5792980E-1	-2,8779732E-1	-2,8153883E-1	-3,3590945E-1	7,8124995E+1	-4,3636191E-1	0,0000000E+0	0,0000000E+0
3,4463513E+03	-2,3643488E-1	7,8124995E+1	-2,5833958E-1	-2,8801152E-1	-2,8161334E-1	-3,3601189E-1	7,8124995E+1	-4,3648298E-1	0,0000000E+0	0,0000000E+0
3,4481057E+03	-2,3666771E-1	7,8124995E+1	-2,5864692E-1	-2,8836543E-1	-2,8190205E-1	-3,3603983E-1	7,8124995E+1	-4,3662268E-1	0,0000000E+0	0,0000000E+0
3,4498600E+03	-2,3678878E-1	7,8124995E+1	-2,5893563E-1	-2,8870070E-1	-2,8204175E-1	-3,3602120E-1	7,8124995E+1	-4,3652954E-1	0,0000000E+0	0,0000000E+0
3,4516156E+03	-2,3700298E-1	7,8124995E+1	-2,5930816E-1	-2,8881246E-1	-2,8233977E-1	-3,3601189E-1	7,8124995E+1	-4,3668787E-1	0,0000000E+0	0,0000000E+0
3,4533720E+03	-2,3727307E-1	7,8124995E+1	-2,5962481E-1	-2,8905460E-1	-2,8250741E-1	-3,3590013E-1	7,8124995E+1	-4,3674375E-1	0,0000000E+0	0,0000000E+0
3,4551288E+03	-2,3771079E-1	7,8124995E+1	-2,5996940E-1	-2,8933400E-1	-2,8273092E-1	-3,3629129E-1	7,8124995E+1	-4,3690207E-1	0,0000000E+0	0,0000000E+0
3,4568843E+03	-2,3816714E-1	7,8124995E+1	-2,6020223E-1	-2,8954821E-1	-2,8290788E-1	-3,3651481E-1	7,8124995E+1	-4,3699520E-1	0,0000000E+0	0,0000000E+0
3,4586417E+03	-2,3867936E-1	7,8124995E+1	-2,6058407E-1	-2,8977172E-1	-2,8300101E-1	-3,3668244E-1	7,8124995E+1	-4,3698589E-1	0,0000000E+0	0,0000000E+0
3,4603973E+03	-2,3927541E-1	7,8124995E+1	-2,6086347E-1	-2,9007906E-1	-2,8318727E-1	-3,3671970E-1	7,8124995E+1	-4,3701383E-1	0,0000000E+0	0,0000000E+0
3,4621523E+03	-2,3993665E-1	7,8124995E+1	-2,6115218E-1	-2,9028395E-1	-2,8331766E-1	-3,3684077E-1	7,8124995E+1	-4,3692070E-1	0,0000000E+0	0,0000000E+0
3,4639050E+03	-2,4051407E-1	7,8124995E+1	-2,6142226E-1	-2,9060060E-1	-2,8345736E-1	-3,3697115E-1	7,8124995E+1	-4,3706040E-1	0,0000000E+0	0,0000000E+0
3,4656587E+03	-2,4090522E-1	7,8124995E+1	-2,6168303E-1	-2,9070305E-1	-2,8389508E-1	-3,3724124E-1	7,8124995E+1	-4,3699520E-1	0,0000000E+0	0,0000000E+0
3,4674121E+03	-2,4132432E-1	7,8124995E+1	-2,6210213E-1	-2,9101970E-1	-2,8388576E-1	-3,3730643E-1	7,8124995E+1	-4,3694864E-1	0,0000000E+0	0,0000000E+0
3,4691664E+03	-2,4176204E-1	7,8124995E+1	-2,6242809E-1	-2,9122459E-1	-2,8406272E-1	-3,3766965E-1	7,8124995E+1	-4,3693933E-1	0,0000000E+0	0,0000000E+0
3,4709225E+03	-2,4214388E-1	7,8124995E+1	-2,6267023E-1	-2,9143879E-1	-2,8425829E-1	-3,3765102E-1	7,8124995E+1	-4,3698589E-1	0,0000000E+0	0,0000000E+0
3,4726757E+03	-2,4254435E-1	7,8124995E+1	-2,6288444E-1	-2,9163437E-1	-2,8434211E-1	-3,3793042E-1	7,8124995E+1	-4,3706040E-1	0,0000000E+0	0,0000000E+0
3,4744315E+03	-2,4298207E-1	7,8124995E+1	-2,6323834E-1	-2,9198827E-1	-2,8450975E-1	-3,3789316E-1	7,8124995E+1	-4,3713490E-1	0,0000000E+0	0,0000000E+0
3,4761883E+03	-2,4345705E-1	7,8124995E+1	-2,6345255E-1	-2,9225835E-1	-2,8465876E-1	-3,3801424E-1	7,8124995E+1	-4,3707902E-1	0,0000000E+0	0,0000000E+0
3,4779459E+03	-2,4374576E-1	7,8124995E+1	-2,6400203E-1	-2,9244462E-1	-2,8494747E-1	-3,3832157E-1	7,8124995E+1	-4,3700452E-1	0,0000000E+0	0,0000000E+0
3,4797032E+03	-2,4449082E-1	7,8124995E+1	-2,6414172E-1	-2,9267745E-1	-2,8496610E-1	-3,3840539E-1	7,8124995E+1	-4,3713490E-1	0,0000000E+0	0,0000000E+0
3,4814575E+03	-2,4458395E-1	7,8124995E+1	-2,6450494E-1	-2,9289165E-1	-2,8520824E-1	-3,3872204E-1	7,8124995E+1	-4,3708834E-1	0,0000000E+0	0,0000000E+0
3,4832117E+03	-2,4507755E-1	7,8124995E+1	-2,6463533E-1	-2,9301273E-1	-2,8529206E-1	-3,3874998E-1	7,8124995E+1	-4,3698589E-1	0,0000000E+0	0,0000000E+0
3,4849663E+03	-2,4499373E-1	7,8124995E+1	-2,6484953E-1	-2,9318968E-1	-2,8531069E-1	-3,3875929E-1	7,8124995E+1	-4,3686482E-1	0,0000000E+0	0,0000000E+0
3,4867207E+03	-2,4558978E-1	7,8124995E+1	-2,6515687E-1	-2,9327350E-1	-2,8542245E-1	-3,3862891E-1	7,8124995E+1	-4,3683688E-1	0,0000000E+0	0,0000000E+0
3,4884787E+03	-2,4611132E-1	7,8124995E+1	-2,6528725E-1	-2,9345976E-1	-2,8553421E-1	-3,3881517E-1	7,8124995E+1	-4,3679963E-1	0,0000000E+0	0,0000000E+0
3,4902319E+03	-2,4612994E-1	7,8124995E+1	-2,6555733E-1	-2,9380435E-1	-2,8561802E-1	-3,3893624E-1	7,8124995E+1	-4,3692070E-1	0,0000000E+0	0,0000000E+0
3,4919867E+03	-2,4622308E-1	7,8124995E+1	-2,6574360E-1	-2,9388817E-1	-2,8585085E-1	-3,3888037E-1	7,8124995E+1	-4,3685551E-1	0,0000000E+0	0,0000000E+0
3,4937425E+03	-2,4637209E-1	7,8124995E+1	-2,6592055E-1	-2,9410237E-1	-2,8596261E-1	-3,3906663E-1	7,8124995E+1	-4,3673443E-1	0,0000000E+0	0,0000000E+0
3,4954972E+03	-2,4640934E-1	7,8124995E+1	-2,6628377E-1	-2,9454010E-1	-2,8615819E-1	-3,3909457E-1	7,8124995E+1	-4,3669718E-1	0,0000000E+0	0,0000000E+0
3,4972538E+03	-2,4661423E-1	7,8124995E+1	-2,6642346E-1	-2,9464254E-1	-2,8612094E-1	-3,3901075E-1	7,8124995E+1	-4,3682757E-1	0,0000000E+0	0,0000000E+0
3,4990076E+03	-2,4699607E-1	7,8124995E+1	-2,6682393E-1	-2,9486606E-1	-2,8629789E-1	-3,3906663E-1	7,8124995E+1	-4,3681825E-1	0,0000000E+0	0,0000000E+0
3,5007633E+03	-2,4737792E-1	7,8124995E+1	-2,6702882E-1	-2,9501507E-1	-2,8646553E-1	-3,3910388E-1	7,8124995E+1	-4,3688345E-1	0,0000000E+0	0,0000000E+0
3,5025187E+03	-2,4784358E-1	7,8124995E+1	-2,6724303E-1	-2,9520133E-1	-2,8653072E-1	-3,3925289E-1	7,8124995E+1	-4,3693001E-1	0,0000000E+0	0,0000000E+0
3,5042735E+03	-2,4831855E-1	7,8124995E+1	-2,6756899E-1	-2,9555524E-1	-2,8677286E-1	-3,3923427E-1	7,8124995E+1	-4,3681825E-1	0,0000000E+0	0,0000000E+0
3,5060282E+03	-2,4877490E-1	7,8124995E+1	-2,6787633E-1	-2,9554592E-1	-2,8673561E-1	-3,3941122E-1	7,8124995E+1	-4,3682757E-1	0,0000000E+0	0,0000000E+0
3,5077839E+03	-2,4873765E-1	7,8124995E+1	-2,6796015E-1	-2,9581601E-1	-2,8703363E-1	-3,3924358E-1	7,8124995E+1	-4,3692070E-1	0,0000000E+0	0,0000000E+0
3,5095402E+03	-2,4926850E-1	7,8124995E+1	-2,6801603E-1	-2,9592777E-1	-2,8696844E-1	-3,3834951E-1	7,8124995E+1	-4,3694864E-1	0,0000000E+0	0,0000000E+0
3,5112952E+03	-2,4932438E-1	7,8124995E+1	-2,6811847E-1	-2,9610472E-1	-2,8685668E-1	-3,3814462E-1	7,8124995E+1	-4,3685551E-1	0,0000000E+0	0,0000000E+0
3,5130513E+03	-2,4904498E-1	7,8124995E+1	-2,6829542E-1	-2,9616991E-1	-2,8708020E-1	-3,3791179E-1	7,8124995E+1	-4,3687413E-1	0,0000000E+0	0,0000000E+0
3,5148073E+03	-2,4955721E-1	7,8124995E+1	-2,6854688E-1	-2,9633755E-1	-2,8717333E-1	-3,3819119E-1	7,8124995E+1	-4,3692070E-1	0,0000000E+0	0,0000000E+0
3,5165611E+03	-2,4998562E-1	7,8124995E+1	-2,6880765E-1	-2,9636549E-1	-2,8722921E-1	-3,3856372E-1	7,8124995E+1	-4,3707902E-1	0,0000000E+0	0,0000000E+0
3,5183176E+03	-2,5047922E-1	7,8124995E+1	-2,6893804E-1	-2,9656107E-1	-2,8737822E-1	-3,3885243E-1	7,8124995E+1	-4,3693001E-1	0,0000000E+0	0,0000000E+0
3,5200728E+03	-2,5053510E-1	7,8124995E+1	-2,6926400E-1	-2,9668214E-1	-2,8743410E-1	-3,3905732E-1	7,8124995E+1	-4,3703246E-1	0,0000000E+0	0,0000000E+0
3,5218270E+03	-2,5042334E-1	7,8124995E+1	-2,6959927E-1	-2,9697085E-1	-2,8741548E-1	-3,3922495E-1	7,8124995E+1	-4,3704177E-1	0,0000000E+0	0,0000000E+0
3,5235846E+03	-2,5068411E-1	7,8124995E+1	-2,6975760E-1	-2,9706398E-1	-2,8760174E-1	-3,3939259E-1	7,8124995E+1	-4,3696726E-1	0,0000000E+0	0,0000000E+0
3,5253393E+03	-2,5098214E-1	7,8124995E+1	-2,7001837E-1	-2,9721299E-1	-2,8772281E-1	-3,3946710E-1	7,8124995E+1	-4,3713490E-1	0,0000000E+0	0,0000000E+0
3,5270945E+03	-2,5134535E-1	7,8124995E+1	-2,7020463E-1	-2,9736200E-1	-2,8770419E-1	-3,3950435E-1	7,8124995E+1	-4,3702314E-1	0,0000000E+0	0,0000000E+0
3,5288505E+03	-2,4809504E-1	7,8124995E+1	-2,7011150E-1	-2,9748307E-1	-2,8759243E-1	-3,3763239E-1	7,8124995E+1	-4,3702314E-1	0,0000000E+0	0,0000000E+0
3,5306045E+03	-2,4719165E-1	7,8124995E+1	-2,6976691E-1	-2,9759483E-1	-2,8759243E-1	-3,3564868E-1	7,8124995E+1	-4,3716284E-1	0,0000000E+0	0,0000000E+0
3,5323597E+03	-2,4871902E-1	7,8124995E+1	-2,6960859E-1	-2,9747376E-1	-2,8706157E-1	-3,3498744E-1	7,8124995E+1	-4,3720941E-1	0,0000000E+0	0,0000000E+0
3,5341155E+03	-2,5056304E-1	7,8124995E+1	-2,6999974E-1	-2,9744582E-1	-2,8695913E-1	-3,3591876E-1	7,8124995E+1	-4,3727460E-1	0,0000000E+0	0,0000000E+0
3,5358714E+03	-2,5167131E-1	7,8124995E+1	-2,7025120E-1	-2,9760415E-1	-2,8680080E-1	-3,3678489E-1	7,8124995E+1	-4,3735842E-1	0,0000000E+0	0,0000000E+0
3,5376265E+03	-2,5238843E-1	7,8124995E+1	-2,7058648E-1	-2,9784629E-1	-2,8689394E-1	-3,3719467E-1	7,8124995E+1	-4,3716284E-1	0,0000000E+0	0,0000000E+0
3,5393821E+03	-2,5204384E-1	7,8124995E+1	-2,7073549E-1	-2,9777178E-1	-2,8700569E-1	-3,3771621E-1	7,8124995E+1	-4,3681825E-1	0,0000000E+0	0,0000000E+0
3,5411385E+03	-2,5236981E-1	7,8124995E+1	-2,7080068E-1	-2,9795805E-1	-2,8693119E-1	-3,3812599E-1	7,8124995E+1	-4,3593350E-1	0,0000000E+0	0,0000000E+0
3,5428952E+03	-2,5274234E-1	7,8124995E+1	-2,7108939E-1	-2,9814431E-1	-2,8714539E-1	-3,3835882E-1	7,8124995E+1	-4,3534676E-1	0,0000000E+0	0,0000000E+0
3,5446504E+03	-2,5227667E-1	7,8124995E+1	-2,7130360E-1	-2,9828401E-1	-2,8727578E-1	-3,3861960E-1	7,8124995E+1	-4,3502080E-1	0,0000000E+0	0,0000000E+0
3,5464064E+03	-2,5327319E-1	7,8124995E+1	-2,7154574E-1	-2,9830264E-1	-2,8737822E-1	-3,3869410E-1	7,8124995E+1	-4,3505805E-1	0,0000000E+0	0,0000000E+0
3,5481624E+03	-2,5400893E-1	7,8124995E+1	-2,7163887E-1	-2,9844234E-1	-2,8748067E-1	-3,3864753E-1	7,8124995E+1	-4,3478797E-1	0,0000000E+0	0,0000000E+0
3,5499195E+03	-2,5472605E-1	7,8124995E+1	-2,7183445E-1	-2,9853547E-1	-2,8758311E-1	-3,3835882E-1	7,8124995E+1	-4,3491836E-1	0,0000000E+0	0,0000000E+0
3,5516740E+03	-2,5482850E-1	7,8124995E+1	-2,7211385E-1	-2,9880555E-1	-2,8770419E-1	-3,3865685E-1	7,8124995E+1	-4,3491836E-1	0,0000000E+0	0,0000000E+0
3,5534294E+03	-2,5494026E-1	7,8124995E+1	-2,7230011E-1	-2,9902907E-1	-2,8789045E-1	-3,3862891E-1	7,8124995E+1	-4,3486248E-1	0,0000000E+0	0,0000000E+0
3,5551844E+03	-2,5453979E-1	7,8124995E+1	-2,7242118E-1	-2,9915946E-1	-2,8798358E-1	-3,3885243E-1	7,8124995E+1	-4,3486248E-1	0,0000000E+0	0,0000000E+0
3,5569390E+03	-2,5409275E-1	7,8124995E+1	-2,7269127E-1	-2,9930847E-1	-2,8808603E-1	-3,3801424E-1	7,8124995E+1	-4,3511393E-1	0,0000000E+0	0,0000000E+0
3,5586926E+03	-2,5372954E-1	7,8124995E+1	-2,7279371E-1	-2,9942954E-1	-2,8801152E-1	-3,3741819E-1	7,8124995E+1	-4,3518844E-1	0,0000000E+0	0,0000000E+0
3,5604477E+03	-2,5386924E-1	7,8124995E+1	-2,7301723E-1	-2,9965306E-1	-2,8816985E-1	-3,3763239E-1	7,8124995E+1	-4,3532814E-1	0,0000000E+0	0,0000000E+0
3,5622016E+03	-2,5512652E-1	7,8124995E+1	-2,7328731E-1	-2,9979275E-1	-2,8828161E-1	-3,3798630E-1	7,8124995E+1	-4,3539333E-1	0,0000000E+0	0,0000000E+0
3,5639565E+03	-2,5520103E-1	7,8124995E+1	-2,7323143E-1	-2,9978344E-1	-2,8844925E-1	-3,3781866E-1	7,8124995E+1	-4,3536539E-1	0,0000000E+0	0,0000000E+0
3,5657115E+03	-2,5605784E-1	7,8124995E+1	-2,7352946E-1	-3,0008146E-1	-2,8848650E-1	-3,3795836E-1	7,8124995E+1	-4,3561685E-1	0,0000000E+0	0,0000000E+0
3,5674665E+03	-2,5663526E-1	7,8124995E+1	-2,7371572E-1	-3,0016528E-1	-2,8853306E-1	-3,3844264E-1	7,8124995E+1	-4,3578449E-1	0,0000000E+0	0,0000000E+0
3,5692219E+03	-2,5719406E-1	7,8124995E+1	-2,7400443E-1	-3,0044468E-1	-2,8863551E-1	-3,3888968E-1	7,8124995E+1	-4,3581242E-1	0,0000000E+0	0,0000000E+0
3,5709755E+03	-2,5703573E-1	7,8124995E+1	-2,7386473E-1	-3,0053781E-1	-2,8864482E-1	-3,3865685E-1	7,8124995E+1	-4,3499286E-1	0,0000000E+0	0,0000000E+0
3,5727313E+03	-2,5815332E-1	7,8124995E+1	-2,7396718E-1	-3,0059369E-1	-2,8870070E-1	-3,3785591E-1	7,8124995E+1	-4,3452720E-1	0,0000000E+0	0,0000000E+0
3,5744881E+03	-2,5848860E-1	7,8124995E+1	-2,7421864E-1	-3,0061232E-1	-2,8867276E-1	-3,3812599E-1	7,8124995E+1	-4,3402429E-1	0,0000000E+0	0,0000000E+0
3,5762443E+03	-2,5928022E-1	7,8124995E+1	-2,7435833E-1	-3,0056575E-1	-2,8852375E-1	-3,3713879E-1	7,8124995E+1	-4,3333511E-1	0,0000000E+0	0,0000000E+0
3,5780007E+03	-2,5943855E-1	7,8124995E+1	-2,7439559E-1	-3,0063095E-1	-2,8849581E-1	-3,3775347E-1	7,8124995E+1	-4,3251554E-1	0,0000000E+0	0,0000000E+0
3,5797556E+03	-2,5847928E-1	7,8124995E+1	-2,7456322E-1	-3,0053781E-1	-2,8827229E-1	-3,3803286E-1	7,8124995E+1	-4,3184499E-1	0,0000000E+0	0,0000000E+0
3,5815111E+03	-2,5797637E-1	7,8124995E+1	-2,7470292E-1	-3,0051919E-1	-2,8809534E-1	-3,3811668E-1	7,8124995E+1	-4,3139796E-1	0,0000000E+0	0,0000000E+0
3,5832662E+03	-2,5783667E-1	7,8124995E+1	-2,7487056E-1	-3,0060301E-1	-2,8814191E-1	-3,3804218E-1	7,8124995E+1	-4,3109062E-1	0,0000000E+0	0,0000000E+0
3,5850223E+03	-2,5849791E-1	7,8124995E+1	-2,7502889E-1	-3,0076133E-1	-2,8802084E-1	-3,3819119E-1	7,8124995E+1	-4,3101611E-1	0,0000000E+0	0,0000000E+0
3,5867765E+03	-2,5867486E-1	7,8124995E+1	-2,7517790E-1	-3,0095691E-1	-2,8814191E-1	-3,3830295E-1	7,8124995E+1	-4,3086710E-1	0,0000000E+0	0,0000000E+0
3,5885313E+03	-2,5882387E-1	7,8124995E+1	-2,7538279E-1	-3,0091966E-1	-2,8811397E-1	-3,3847990E-1	7,8124995E+1	-4,3109062E-1	0,0000000E+0	0,0000000E+0
3,5902862E+03	-2,5893563E-1	7,8124995E+1	-2,7554111E-1	-3,0108729E-1	-2,8811397E-1	-3,3865685E-1	7,8124995E+1	-4,3125826E-1	0,0000000E+0	0,0000000E+0
3,5920402E+03	-2,5971794E-1	7,8124995E+1	-2,7577394E-1	-3,0118974E-1	-2,8818847E-1	-3,3876861E-1	7,8124995E+1	-4,3133276E-1	0,0000000E+0	0,0000000E+0
3,5937950E+03	-2,5912190E-1	7,8124995E+1	-2,7586708E-1	-3,0141326E-1	-2,8830023E-1	-3,3860097E-1	7,8124995E+1	-4,3166804E-1	0,0000000E+0	0,0000000E+0
3,5955482E+03	-2,5938267E-1	7,8124995E+1	-2,7598815E-1	-3,0160883E-1	-2,8836543E-1	-3,3864753E-1	7,8124995E+1	-4,3179842E-1	0,0000000E+0	0,0000000E+0
3,5973028E+03	-2,5896357E-1	7,8124995E+1	-2,7632342E-1	-3,0172991E-1	-2,8851444E-1	-3,3846127E-1	7,8124995E+1	-4,3208713E-1	0,0000000E+0	0,0000000E+0
3,5990585E+03	-2,5885181E-1	7,8124995E+1	-2,7640724E-1	-3,0177647E-1	-2,8867276E-1	-3,3847990E-1	7,8124995E+1	-4,3245035E-1	0,0000000E+0	0,0000000E+0
3,6008120E+03	-2,5913121E-1	7,8124995E+1	-2,7664939E-1	-3,0202793E-1	-2,8872864E-1	-3,3854509E-1	7,8124995E+1	-4,3268318E-1	0,0000000E+0	0,0000000E+0
3,6025682E+03	-2,5960618E-1	7,8124995E+1	-2,7677046E-1	-3,0209312E-1	-2,8892422E-1	-3,3869410E-1	7,8124995E+1	-4,3294395E-1	0,0000000E+0	0,0000000E+0
3,6043238E+03	-2,6002528E-1	7,8124995E+1	-2,7696604E-1	-3,0237252E-1	-2,8898010E-1	-3,3865685E-1	7,8124995E+1	-4,3314884E-1	0,0000000E+0	0,0000000E+0
3,6060803E+03	-2,6033261E-1	7,8124995E+1	-2,7724543E-1	-3,0236321E-1	-2,8917568E-1	-3,3846127E-1	7,8124995E+1	-4,3350274E-1	0,0000000E+0	0,0000000E+0
3,6078358E+03	-2,6067720E-1	7,8124995E+1	-2,7737582E-1	-3,0270779E-1	-2,8932469E-1	-3,3853578E-1	7,8124995E+1	-4,3374489E-1	0,0000000E+0	0,0000000E+0
3,6095896E+03	-2,6095660E-1	7,8124995E+1	-2,7763659E-1	-3,0287543E-1	-2,8940851E-1	-3,3860097E-1	7,8124995E+1	-4,3386596E-1	0,0000000E+0	0,0000000E+0
3,6113457E+03	-2,6114287E-1	7,8124995E+1	-2,7786011E-1	-3,0310826E-1	-2,8966928E-1	-3,3877792E-1	7,8124995E+1	-4,3423849E-1	0,0000000E+0	0,0000000E+0
3,6131004E+03	-2,6146883E-1	7,8124995E+1	-2,7805568E-1	-3,0321071E-1	-2,8994867E-1	-3,3885243E-1	7,8124995E+1	-4,3435956E-1	0,0000000E+0	0,0000000E+0
3,6148539E+03	-2,6137570E-1	7,8124995E+1	-2,7825126E-1	-3,0338766E-1	-2,8999524E-1	-3,3899212E-1	7,8124995E+1	-4,3461102E-1	0,0000000E+0	0,0000000E+0
3,6166104E+03	-2,6159921E-1	7,8124995E+1	-2,7843753E-1	-3,0360186E-1	-2,9021876E-1	-3,3942985E-1	7,8124995E+1	-4,3468552E-1	0,0000000E+0	0,0000000E+0
3,6183661E+03	-2,6195312E-1	7,8124995E+1	-2,7863310E-1	-3,0378813E-1	-2,9035846E-1	-3,3966268E-1	7,8124995E+1	-4,3488110E-1	0,0000000E+0	0,0000000E+0
3,6201235E+03	-2,6237221E-1	7,8124995E+1	-2,7894044E-1	-3,0384401E-1	-2,9056335E-1	-3,3997933E-1	7,8124995E+1	-4,3494629E-1	0,0000000E+0	0,0000000E+0
3,6218757E+03	-2,6263298E-1	7,8124995E+1	-2,7900563E-1	-3,0404890E-1	-2,9079618E-1	-3,4030529E-1	7,8124995E+1	-4,3522569E-1	0,0000000E+0	0,0000000E+0
3,6236312E+03	-2,6274474E-1	7,8124995E+1	-2,7922915E-1	-3,0434692E-1	-2,9097313E-1	-3,4054743E-1	7,8124995E+1	-4,3526294E-1	0,0000000E+0	0,0000000E+0
3,6253877E+03	-2,6316384E-1	7,8124995E+1	-2,7947129E-1	-3,0441211E-1	-2,9111283E-1	-3,4038911E-1	7,8124995E+1	-4,3542127E-1	0,0000000E+0	0,0000000E+0
3,6271416E+03	-2,6340598E-1	7,8124995E+1	-2,7976000E-1	-3,0457975E-1	-2,9136428E-1	-3,4054743E-1	7,8124995E+1	-4,3560753E-1	0,0000000E+0	0,0000000E+0
3,6288984E+03	-2,6349911E-1	7,8124995E+1	-2,7983451E-1	-3,0478464E-1	-2,9154124E-1	-3,4037979E-1	7,8124995E+1	-4,3587762E-1	0,0000000E+0	0,0000000E+0
3,6306552E+03	-2,6373194E-1	7,8124995E+1	-2,8017910E-1	-3,0500816E-1	-2,9173681E-1	-3,4031460E-1	7,8124995E+1	-4,3592418E-1	0,0000000E+0	0,0000000E+0
3,6324112E+03	-2,6406722E-1	7,8124995E+1	-2,8028155E-1	-3,0522237E-1	-2,9185789E-1	-3,4039842E-1	7,8124995E+1	-4,3611045E-1	0,0000000E+0	0,0000000E+0
3,6341678E+03	-2,6394615E-1	7,8124995E+1	-2,8058888E-1	-3,0531550E-1	-2,9196964E-1	-3,3993276E-1	7,8124995E+1	-4,3632465E-1	0,0000000E+0	0,0000000E+0
3,6359228E+03	-2,6413241E-1	7,8124995E+1	-2,8087759E-1	-3,0552970E-1	-2,9223973E-1	-3,3997933E-1	7,8124995E+1	-4,3651092E-1	0,0000000E+0	0,0000000E+0
3,6376787E+03	-2,6439318E-1	7,8124995E+1	-2,8106386E-1	-3,0563215E-1	-2,9221179E-1	-3,4040773E-1	7,8124995E+1	-4,3667855E-1	0,0000000E+0	0,0000000E+0
3,6394366E+03	-2,6458876E-1	7,8124995E+1	-2,8120355E-1	-3,0593948E-1	-2,9255638E-1	-3,4055675E-1	7,8124995E+1	-4,3684619E-1	0,0000000E+0	0,0000000E+0
3,6411906E+03	-2,6471914E-1	7,8124995E+1	-2,8140845E-1	-3,0606987E-1	-2,9273333E-1	-3,4086408E-1	7,8124995E+1	-4,3693001E-1	0,0000000E+0	0,0000000E+0
3,6429459E+03	-2,6499854E-1	7,8124995E+1	-2,8157608E-1	-3,0623751E-1	-2,9277990E-1	-3,4119005E-1	7,8124995E+1	-4,3709765E-1	0,0000000E+0	0,0000000E+0
3,6447013E+03	-2,6532450E-1	7,8124995E+1	-2,8185548E-1	-3,0629339E-1	-2,9290097E-1	-3,4125524E-1	7,8124995E+1	-4,3724666E-1	0,0000000E+0	0,0000000E+0
3,6464579E+03	-2,6566909E-1	7,8124995E+1	-2,8204175E-1	-3,0656347E-1	-2,9311517E-1	-3,4126455E-1	7,8124995E+1	-4,3747018E-1	0,0000000E+0	0,0000000E+0
3,6482129E+03	-2,6623720E-1	7,8124995E+1	-2,8228389E-1	-3,0660072E-1	-2,9322693E-1	-3,4144150E-1	7,8124995E+1	-4,3753537E-1	0,0000000E+0	0,0000000E+0
3,6499685E+03	-2,6653522E-1	7,8124995E+1	-2,8236771E-1	-3,0681493E-1	-2,9343182E-1	-3,4171159E-1	7,8124995E+1	-4,3762850E-1	0,0000000E+0	0,0000000E+0
3,6517245E+03	-2,6684256E-1	7,8124995E+1	-2,8250741E-1	-3,0699188E-1	-2,9351564E-1	-3,4190716E-1	7,8124995E+1	-4,3764713E-1	0,0000000E+0	0,0000000E+0
3,6534812E+03	-2,6690775E-1	7,8124995E+1	-2,8269367E-1	-3,0725265E-1	-2,9364603E-1	-3,4197236E-1	7,8124995E+1	-4,3784271E-1	0,0000000E+0	0,0000000E+0
3,6552369E+03	-2,6708470E-1	7,8124995E+1	-2,8302895E-1	-3,0735509E-1	-2,9376710E-1	-3,4191648E-1	7,8124995E+1	-4,3801035E-1	0,0000000E+0	0,0000000E+0
3,6569906E+03	-2,6736410E-1	7,8124995E+1	-2,8316865E-1	-3,0750411E-1	-2,9387886E-1	-3,4177678E-1	7,8124995E+1	-4,3794515E-1	0,0000000E+0	0,0000000E+0
3,6587461E+03	-2,6748517E-1	7,8124995E+1	-2,8332697E-1	-3,0765312E-1	-2,9399061E-1	-3,4177678E-1	7,8124995E+1	-4,3807554E-1	0,0000000E+0	0,0000000E+0
3,6605014E+03	-2,6749449E-1	7,8124995E+1	-2,8353186E-1	-3,0776488E-1	-2,9397199E-1	-3,4184197E-1	7,8124995E+1	-4,3815004E-1	0,0000000E+0	0,0000000E+0
3,6622537E+03	-2,6757830E-1	7,8124995E+1	-2,8371813E-1	-3,0790457E-1	-2,9416757E-1	-3,4201892E-1	7,8124995E+1	-4,3812210E-1	0,0000000E+0	0,0000000E+0
3,6640089E+03	-2,6796946E-1	7,8124995E+1	-2,8388576E-1	-3,0801633E-1	-2,9417688E-1	-3,4195373E-1	7,8124995E+1	-4,3812210E-1	0,0000000E+0	0,0000000E+0
3,6657648E+03	-2,6833268E-1	7,8124995E+1	-2,8415585E-1	-3,0818397E-1	-2,9424207E-1	-3,4200961E-1	7,8124995E+1	-4,3800103E-1	0,0000000E+0	0,0000000E+0
3,6675203E+03	-2,6862139E-1	7,8124995E+1	-2,8420241E-1	-3,0839818E-1	-2,9438177E-1	-3,4213068E-1	7,8124995E+1	-4,3801035E-1	0,0000000E+0	0,0000000E+0
3,6692765E+03	-2,6878902E-1	7,8124995E+1	-2,8437005E-1	-3,0846337E-1	-2,9441902E-1	-3,4222381E-1	7,8124995E+1	-4,3799172E-1	0,0000000E+0	0,0000000E+0
3,6710317E+03	-2,6907773E-1	7,8124995E+1	-2,8444456E-1	-3,0861238E-1	-2,9452147E-1	-3,4241939E-1	7,8124995E+1	-4,3801966E-1	0,0000000E+0	0,0000000E+0
3,6727884E+03	-2,6916155E-1	7,8124995E+1	-2,8466808E-1	-3,0858444E-1	-2,9457735E-1	-3,4246596E-1	7,8124995E+1	-4,3787996E-1	0,0000000E+0	0,0000000E+0
3,6745418E+03	-2,6938507E-1	7,8124995E+1	-2,8481709E-1	-3,0869620E-1	-2,9461460E-1	-3,4267085E-1	7,8124995E+1	-4,3777752E-1	0,0000000E+0	0,0000000E+0
3,6762976E+03	-2,6976691E-1	7,8124995E+1	-2,8499404E-1	-3,0888246E-1	-2,9467979E-1	-3,4268947E-1	7,8124995E+1	-4,3770301E-1	0,0000000E+0	0,0000000E+0
3,6780522E+03	-2,7003700E-1	7,8124995E+1	-2,8531069E-1	-3,0903148E-1	-2,9473567E-1	-3,4266154E-1	7,8124995E+1	-4,3770301E-1	0,0000000E+0	0,0000000E+0
3,6798065E+03	-2,7053991E-1	7,8124995E+1	-2,8545970E-1	-3,0910598E-1	-2,9472636E-1	-3,4268947E-1	7,8124995E+1	-4,3772164E-1	0,0000000E+0	0,0000000E+0
3,6815635E+03	-2,7072618E-1	7,8124995E+1	-2,8556214E-1	-3,0939469E-1	-2,9468911E-1	-3,4267085E-1	7,8124995E+1	-4,3761919E-1	0,0000000E+0	0,0000000E+0
3,6833197E+03	-2,7092175E-1	7,8124995E+1	-2,8570184E-1	-3,0930156E-1	-2,9478224E-1	-3,4274535E-1	7,8124995E+1	-4,3754468E-1	0,0000000E+0	0,0000000E+0
3,6850737E+03	-2,7107076E-1	7,8124995E+1	-2,8574841E-1	-3,0945988E-1	-2,9497782E-1	-3,4277329E-1	7,8124995E+1	-4,3750743E-1	0,0000000E+0	0,0000000E+0
3,6868294E+03	-2,7123840E-1	7,8124995E+1	-2,8595330E-1	-3,0946920E-1	-2,9499644E-1	-3,4275467E-1	7,8124995E+1	-4,3745155E-1	0,0000000E+0	0,0000000E+0
3,6885855E+03	-2,7156437E-1	7,8124995E+1	-2,8614888E-1	-3,0979516E-1	-2,9501507E-1	-3,4269879E-1	7,8124995E+1	-4,3755400E-1	0,0000000E+0	0,0000000E+0
3,6903409E+03	-2,7200209E-1	7,8124995E+1	-2,8633514E-1	-3,0991623E-1	-2,9502438E-1	-3,4264291E-1	7,8124995E+1	-4,3753537E-1	0,0000000E+0	0,0000000E+0
3,6920979E+03	-2,7231874E-1	7,8124995E+1	-2,8653072E-1	-3,0998142E-1	-2,9514545E-1	-3,4233557E-1	7,8124995E+1	-4,3744224E-1	0,0000000E+0	0,0000000E+0
3,6938512E+03	-2,7255157E-1	7,8124995E+1	-2,8667042E-1	-3,1015838E-1	-2,9524790E-1	-3,4242870E-1	7,8124995E+1	-4,3744224E-1	0,0000000E+0	0,0000000E+0
3,6956083E+03	-2,7283096E-1	7,8124995E+1	-2,8692188E-1	-3,1040983E-1	-2,9535035E-1	-3,4259634E-1	7,8124995E+1	-4,3743293E-1	0,0000000E+0	0,0000000E+0
3,6973655E+03	-2,7311967E-1	7,8124995E+1	-2,8712677E-1	-3,1038189E-1	-2,9549936E-1	-3,4273604E-1	7,8124995E+1	-4,3742361E-1	0,0000000E+0	0,0000000E+0
3,6991215E+03	-2,7338976E-1	7,8124995E+1	-2,8727578E-1	-3,1058678E-1	-2,9561112E-1	-3,4295025E-1	7,8124995E+1	-4,3728391E-1	0,0000000E+0	0,0000000E+0
3,7008783E+03	-2,7361328E-1	7,8124995E+1	-2,8744342E-1	-3,1073580E-1	-2,9555524E-1	-3,4300612E-1	7,8124995E+1	-4,3719078E-1	0,0000000E+0	0,0000000E+0
3,7026354E+03	-2,7377160E-1	7,8124995E+1	-2,8758311E-1	-3,1086618E-1	-2,9565768E-1	-3,4328552E-1	7,8124995E+1	-4,3727460E-1	0,0000000E+0	0,0000000E+0
3,7043878E+03	-2,7366915E-1	7,8124995E+1	-2,8780663E-1	-3,1105245E-1	-2,9570425E-1	-3,4347179E-1	7,8124995E+1	-4,3728391E-1	0,0000000E+0	0,0000000E+0
3,7061436E+03	-2,7395786E-1	7,8124995E+1	-2,8796496E-1	-3,1127596E-1	-2,9574150E-1	-3,4357423E-1	7,8124995E+1	-4,3721872E-1	0,0000000E+0	0,0000000E+0
3,7078996E+03	-2,7496369E-1	7,8124995E+1	-2,8793702E-1	-3,1122008E-1	-2,9570425E-1	-3,4108760E-1	7,8124995E+1	-4,3706040E-1	0,0000000E+0	0,0000000E+0
3,7096550E+03	-2,7524309E-1	7,8124995E+1	-2,8807672E-1	-3,1131322E-1	-2,9549936E-1	-3,4062194E-1	7,8124995E+1	-4,3724666E-1	0,0000000E+0	0,0000000E+0
3,7114104E+03	-2,7527103E-1	7,8124995E+1	-2,8819779E-1	-3,1130390E-1	-2,9562974E-1	-3,4104103E-1	7,8124995E+1	-4,3715353E-1	0,0000000E+0	0,0000000E+0
3,7131646E+03	-2,7516858E-1	7,8124995E+1	-2,8816053E-1	-3,1143429E-1	-2,9562043E-1	-3,4105966E-1	7,8124995E+1	-4,3722804E-1	0,0000000E+0	0,0000000E+0
3,7149196E+03	-2,7473086E-1	7,8124995E+1	-2,8838405E-1	-3,1160193E-1	-2,9549936E-1	-3,4130180E-1	7,8124995E+1	-4,3727460E-1	0,0000000E+0	0,0000000E+0
3,7166749E+03	-2,7436765E-1	7,8124995E+1	-2,8859826E-1	-3,1171368E-1	-2,9562974E-1	-3,4159051E-1	7,8124995E+1	-4,3724666E-1	0,0000000E+0	0,0000000E+0
3,7184296E+03	-2,7436765E-1	7,8124995E+1	-2,8884971E-1	-3,1176956E-1	-2,9571356E-1	-3,4182334E-1	7,8124995E+1	-4,3730254E-1	0,0000000E+0	0,0000000E+0
3,7201841E+03	-2,7446078E-1	7,8124995E+1	-2,8892422E-1	-3,1195583E-1	-2,9590914E-1	-3,4196304E-1	7,8124995E+1	-4,3741430E-1	0,0000000E+0	0,0000000E+0
3,7219396E+03	-2,7447941E-1	7,8124995E+1	-2,8907323E-1	-3,1195583E-1	-2,9589051E-1	-3,4206549E-1	7,8124995E+1	-4,3727460E-1	0,0000000E+0	0,0000000E+0
3,7236927E+03	-2,7469361E-1	7,8124995E+1	-2,8928744E-1	-3,1215141E-1	-2,9599296E-1	-3,4209343E-1	7,8124995E+1	-4,3729323E-1	0,0000000E+0	0,0000000E+0
3,7254471E+03	-2,7474949E-1	7,8124995E+1	-2,8938057E-1	-3,1236561E-1	-2,9603952E-1	-3,4198167E-1	7,8124995E+1	-4,3738636E-1	0,0000000E+0	0,0000000E+0
3,7272012E+03	-2,7569012E-1	7,8124995E+1	-2,8963202E-1	-3,1233767E-1	-2,9616060E-1	-3,4261497E-1	7,8124995E+1	-4,3732117E-1	0,0000000E+0	0,0000000E+0
3,7289546E+03	-2,7570875E-1	7,8124995E+1	-2,8937125E-1	-3,1233767E-1	-2,9601158E-1	-3,4086408E-1	7,8124995E+1	-4,3718147E-1	0,0000000E+0	0,0000000E+0
3,7307099E+03	-2,7350152E-1	7,8124995E+1	-2,8915705E-1	-3,1236561E-1	-2,9574150E-1	-3,3999795E-1	7,8124995E+1	-4,3708834E-1	0,0000000E+0	0,0000000E+0
3,7324650E+03	-2,7261676E-1	7,8124995E+1	-2,8927812E-1	-3,1238424E-1	-2,9577875E-1	-3,3951366E-1	7,8124995E+1	-4,3713490E-1	0,0000000E+0	0,0000000E+0
3,7342196E+03	-2,7240256E-1	7,8124995E+1	-2,8938057E-1	-3,1227248E-1	-2,9559249E-1	-3,3976512E-1	7,8124995E+1	-4,3714422E-1	0,0000000E+0	0,0000000E+0
3,7359738E+03	-2,7359465E-1	7,8124995E+1	-2,8963202E-1	-3,1236561E-1	-2,9573219E-1	-3,4028666E-1	7,8124995E+1	-4,3721872E-1	0,0000000E+0	0,0000000E+0
3,7377299E+03	-2,7465636E-1	7,8124995E+1	-2,8990211E-1	-3,1244943E-1	-2,9569494E-1	-3,4094790E-1	7,8124995E+1	-4,3726529E-1	0,0000000E+0	0,0000000E+0
3,7394838E+03	-2,7406031E-1	7,8124995E+1	-2,8989280E-1	-3,1248668E-1	-2,9577875E-1	-3,4135768E-1	7,8124995E+1	-4,3731185E-1	0,0000000E+0	0,0000000E+0
3,7412380E+03	-2,7412550E-1	7,8124995E+1	-2,9002318E-1	-3,1257050E-1	-2,9590914E-1	-3,4098515E-1	7,8124995E+1	-4,3731185E-1	0,0000000E+0	0,0000000E+0
3,7429934E+03	-2,7442353E-1	7,8124995E+1	-2,9006975E-1	-3,1259844E-1	-2,9584395E-1	-3,4062194E-1	7,8124995E+1	-4,3722804E-1	0,0000000E+0	0,0000000E+0
3,7447495E+03	-2,7437696E-1	7,8124995E+1	-2,9016288E-1	-3,1256119E-1	-2,9583463E-1	-3,4061263E-1	7,8124995E+1	-4,3725597E-1	0,0000000E+0	0,0000000E+0
3,7465045E+03	-2,7517790E-1	7,8124995E+1	-2,9026532E-1	-3,1261707E-1	-2,9583463E-1	-3,4095721E-1	7,8124995E+1	-4,3741430E-1	0,0000000E+0	0,0000000E+0
3,7482593E+03	-2,7561562E-1	7,8124995E+1	-2,9035846E-1	-3,1270089E-1	-2,9589051E-1	-3,4137631E-1	7,8124995E+1	-4,3734911E-1	0,0000000E+0	0,0000000E+0
3,7500150E+03	-2,7528966E-1	7,8124995E+1	-2,9045159E-1	-3,1279402E-1	-2,9587189E-1	-3,4127386E-1	7,8124995E+1	-4,3733979E-1	0,0000000E+0	0,0000000E+0
3,7517697E+03	-2,7491713E-1	7,8124995E+1	-2,9057266E-1	-3,1273814E-1	-2,9607678E-1	-3,4143219E-1	7,8124995E+1	-4,3735842E-1	0,0000000E+0	0,0000000E+0
3,7535250E+03	-2,7412550E-1	7,8124995E+1	-2,9055403E-1	-3,1277539E-1	-2,9616991E-1	-3,4163708E-1	7,8124995E+1	-4,3747018E-1	0,0000000E+0	0,0000000E+0
3,7552799E+03	-2,7487056E-1	7,8124995E+1	-2,9072167E-1	-3,1281265E-1	-2,9621648E-1	-3,4182334E-1	7,8124995E+1	-4,3741430E-1	0,0000000E+0	0,0000000E+0
3,7570365E+03	-2,7517790E-1	7,8124995E+1	-2,9069373E-1	-3,1296166E-1	-2,9630029E-1	-3,4179541E-1	7,8124995E+1	-4,3737705E-1	0,0000000E+0	0,0000000E+0
3,7587925E+03	-2,7555043E-1	7,8124995E+1	-2,9087068E-1	-3,1304548E-1	-2,9633755E-1	-3,4193510E-1	7,8124995E+1	-4,3735842E-1	0,0000000E+0	0,0000000E+0
3,7605474E+03	-2,7606265E-1	7,8124995E+1	-2,9104764E-1	-3,1307342E-1	-2,9639343E-1	-3,4208412E-1	7,8124995E+1	-4,3744224E-1	0,0000000E+0	0,0000000E+0
3,7623031E+03	-2,7684497E-1	7,8124995E+1	-2,9121527E-1	-3,1307342E-1	-2,9661694E-1	-3,4194442E-1	7,8124995E+1	-4,3745155E-1	0,0000000E+0	0,0000000E+0
3,7640588E+03	-2,7695672E-1	7,8124995E+1	-2,9126184E-1	-3,1325968E-1	-2,9662626E-1	-3,4164639E-1	7,8124995E+1	-4,3755400E-1	0,0000000E+0	0,0000000E+0
3,7658142E+03	-2,7660282E-1	7,8124995E+1	-2,9145742E-1	-3,1335281E-1	-2,9665420E-1	-3,4169296E-1	7,8124995E+1	-4,3742361E-1	0,0000000E+0	0,0000000E+0
3,7675698E+03	-2,7690084E-1	7,8124995E+1	-2,9151330E-1	-3,1351114E-1	-2,9684978E-1	-3,4179541E-1	7,8124995E+1	-4,3757262E-1	0,0000000E+0	0,0000000E+0
3,7693226E+03	-2,7691947E-1	7,8124995E+1	-2,9165299E-1	-3,1352976E-1	-2,9692428E-1	-3,4184197E-1	7,8124995E+1	-4,3756331E-1	0,0000000E+0	0,0000000E+0
3,7710772E+03	-2,7704986E-1	7,8124995E+1	-2,9182063E-1	-3,1351114E-1	-2,9711055E-1	-3,4152532E-1	7,8124995E+1	-4,3754468E-1	0,0000000E+0	0,0000000E+0
3,7728315E+03	-2,7680771E-1	7,8124995E+1	-2,9188583E-1	-3,1374397E-1	-2,9701741E-1	-3,4129249E-1	7,8124995E+1	-4,3756331E-1	0,0000000E+0	0,0000000E+0
3,7745862E+03	-2,7679840E-1	7,8124995E+1	-2,9191377E-1	-3,1390229E-1	-2,9722230E-1	-3,4080820E-1	7,8124995E+1	-4,3764713E-1	0,0000000E+0	0,0000000E+0
3,7763406E+03	-2,7677046E-1	7,8124995E+1	-2,9212797E-1	-3,1401405E-1	-2,9708261E-1	-3,4096653E-1	7,8124995E+1	-4,3762850E-1	0,0000000E+0	0,0000000E+0
3,7780951E+03	-2,7728269E-1	7,8124995E+1	-2,9208140E-1	-3,1400474E-1	-2,9708261E-1	-3,4103172E-1	7,8124995E+1	-4,3759125E-1	0,0000000E+0	0,0000000E+0
3,7798507E+03	-2,7753414E-1	7,8124995E+1	-2,9223041E-1	-3,1414444E-1	-2,9735269E-1	-3,4134837E-1	7,8124995E+1	-4,3774026E-1	0,0000000E+0	0,0000000E+0
3,7816080E+03	-2,7774835E-1	7,8124995E+1	-2,9236080E-1	-3,1420963E-1	-2,9726887E-1	-3,4139494E-1	7,8124995E+1	-4,3771232E-1	0,0000000E+0	0,0000000E+0
3,7833631E+03	-2,7873555E-1	7,8124995E+1	-2,9247256E-1	-3,1422826E-1	-2,9732475E-1	-3,4184197E-1	7,8124995E+1	-4,3769370E-1	0,0000000E+0	0,0000000E+0
3,7851196E+03	-2,8006734E-1	7,8124995E+1	-2,9264020E-1	-3,1441452E-1	-2,9743651E-1	-3,4199098E-1	7,8124995E+1	-4,3775889E-1	0,0000000E+0	0,0000000E+0
3,7868740E+03	-2,8074721E-1	7,8124995E+1	-2,9267745E-1	-3,1450765E-1	-2,9742720E-1	-3,4240076E-1	7,8124995E+1	-4,3774026E-1	0,0000000E+0	0,0000000E+0
3,7886306E+03	-2,8160402E-1	7,8124995E+1	-2,9283577E-1	-3,1450765E-1	-2,9756689E-1	-3,4263360E-1	7,8124995E+1	-4,3759125E-1	0,0000000E+0	0,0000000E+0
3,7903846E+03	-2,8222801E-1	7,8124995E+1	-2,9291028E-1	-3,1456353E-1	-2,9760415E-1	-3,4242870E-1	7,8124995E+1	-4,3764713E-1	0,0000000E+0	0,0000000E+0
3,7921392E+03	-2,8222801E-1	7,8124995E+1	-2,9305929E-1	-3,1463804E-1	-2,9752033E-1	-3,4231695E-1	7,8124995E+1	-4,3745155E-1	0,0000000E+0	0,0000000E+0
3,7938938E+03	-2,8158540E-1	7,8124995E+1	-2,9304067E-1	-3,1465666E-1	-2,9734338E-1	-3,4174884E-1	7,8124995E+1	-4,3765644E-1	0,0000000E+0	0,0000000E+0
3,7956486E+03	-2,8098004E-1	7,8124995E+1	-2,9310586E-1	-3,1477774E-1	-2,9753895E-1	-3,4199098E-1	7,8124995E+1	-4,3746087E-1	0,0000000E+0	0,0000000E+0
3,7974028E+03	-2,7950855E-1	7,8124995E+1	-2,9256569E-1	-3,1473117E-1	-2,9751101E-1	-3,4214931E-1	7,8124995E+1	-4,3738636E-1	0,0000000E+0	0,0000000E+0
3,7991571E+03	-2,7853997E-1	7,8124995E+1	-2,9184857E-1	-3,1482430E-1	-2,9744582E-1	-3,4179541E-1	7,8124995E+1	-4,3717216E-1	0,0000000E+0	0,0000000E+0
3,8009122E+03	-2,7856791E-1	7,8124995E+1	-2,9174613E-1	-3,1468460E-1	-2,9725024E-1	-3,4183266E-1	7,8124995E+1	-4,3714422E-1	0,0000000E+0	0,0000000E+0
3,8026680E+03	-2,7863310E-1	7,8124995E+1	-2,9180201E-1	-3,1466598E-1	-2,9715711E-1	-3,4207480E-1	7,8124995E+1	-4,3692070E-1	0,0000000E+0	0,0000000E+0
3,8044229E+03	-2,7890319E-1	7,8124995E+1	-2,9194170E-1	-3,1461010E-1	-2,9722230E-1	-3,4227969E-1	7,8124995E+1	-4,3680894E-1	0,0000000E+0	0,0000000E+0
3,8061783E+03	-2,7799981E-1	7,8124995E+1	-2,9202552E-1	-3,1458216E-1	-2,9713849E-1	-3,4190716E-1	7,8124995E+1	-4,3684619E-1	0,0000000E+0	0,0000000E+0
3,8079327E+03	-2,7739445E-1	7,8124995E+1	-2,9208140E-1	-3,1445177E-1	-2,9708261E-1	-3,4148807E-1	7,8124995E+1	-4,3681825E-1	0,0000000E+0	0,0000000E+0
3,8096894E+03	-2,7774835E-1	7,8124995E+1	-2,9232355E-1	-3,1455422E-1	-2,9699879E-1	-3,4146013E-1	7,8124995E+1	-4,3695795E-1	0,0000000E+0	0,0000000E+0
3,8114443E+03	-2,7849341E-1	7,8124995E+1	-2,9240737E-1	-3,1447040E-1	-2,9702673E-1	-3,4146013E-1	7,8124995E+1	-4,3684619E-1	0,0000000E+0	0,0000000E+0
3,8131996E+03	-2,7899632E-1	7,8124995E+1	-2,9251912E-1	-3,1454491E-1	-2,9722230E-1	-3,4180472E-1	7,8124995E+1	-4,3670649E-1	0,0000000E+0	0,0000000E+0
3,8149537E+03	-2,7946198E-1	7,8124995E+1	-2,9269608E-1	-3,1468460E-1	-2,9725024E-1	-3,4211205E-1	7,8124995E+1	-4,3696726E-1	0,0000000E+0	0,0000000E+0
3,8167097E+03	-2,8020704E-1	7,8124995E+1	-2,9283577E-1	-3,1479636E-1	-2,9735269E-1	-3,4223313E-1	7,8124995E+1	-4,3687413E-1	0,0000000E+0	0,0000000E+0
3,8184634E+03	-2,8085897E-1	7,8124995E+1	-2,9297547E-1	-3,1497331E-1	-2,9725024E-1	-3,4289437E-1	7,8124995E+1	-4,3682757E-1	0,0000000E+0	0,0000000E+0
3,8202179E+03	-2,8129669E-1	7,8124995E+1	-2,9310586E-1	-3,1488949E-1	-2,9738994E-1	-3,4227038E-1	7,8124995E+1	-4,3678100E-1	0,0000000E+0	0,0000000E+0
3,8219726E+03	-2,8168784E-1	7,8124995E+1	-2,9306861E-1	-3,1499194E-1	-2,9754827E-1	-3,4260566E-1	7,8124995E+1	-4,3673443E-1	0,0000000E+0	0,0000000E+0
3,8237275E+03	-2,8088691E-1	7,8124995E+1	-2,9293822E-1	-3,1496400E-1	-2,9756689E-1	-3,4209343E-1	7,8124995E+1	-4,3637122E-1	0,0000000E+0	0,0000000E+0
3,8254822E+03	-2,7800912E-1	7,8124995E+1	-2,9233286E-1	-3,1511301E-1	-2,9742720E-1	-3,4051018E-1	7,8124995E+1	-4,3622221E-1	0,0000000E+0	0,0000000E+0
3,8272355E+03	-2,7678909E-1	7,8124995E+1	-2,9238874E-1	-3,1507576E-1	-2,9725024E-1	-3,4098515E-1	7,8124995E+1	-4,3608251E-1	0,0000000E+0	0,0000000E+0
3,8289914E+03	-2,7741307E-1	7,8124995E+1	-2,9268676E-1	-3,1512233E-1	-2,9744582E-1	-3,4158120E-1	7,8124995E+1	-4,3571929E-1	0,0000000E+0	0,0000000E+0
3,8307486E+03	-2,7875418E-1	7,8124995E+1	-2,9304998E-1	-3,1509439E-1	-2,9733406E-1	-3,4203755E-1	7,8124995E+1	-4,3555165E-1	0,0000000E+0	0,0000000E+0
3,8325035E+03	-2,7999284E-1	7,8124995E+1	-2,9318968E-1	-3,1502919E-1	-2,9732475E-1	-3,4189785E-1	7,8124995E+1	-4,3533745E-1	0,0000000E+0	0,0000000E+0
3,8342586E+03	-2,8061682E-1	7,8124995E+1	-2,9336663E-1	-3,1519683E-1	-2,9732475E-1	-3,4174884E-1	7,8124995E+1	-4,3515119E-1	0,0000000E+0	0,0000000E+0
3,8360150E+03	-2,8042124E-1	7,8124995E+1	-2,9346907E-1	-3,1514095E-1	-2,9728750E-1	-3,4097584E-1	7,8124995E+1	-4,3506737E-1	0,0000000E+0	0,0000000E+0
3,8377706E+03	-2,8002078E-1	7,8124995E+1	-2,9361809E-1	-3,1527134E-1	-2,9731544E-1	-3,4099447E-1	7,8124995E+1	-4,3489973E-1	0,0000000E+0	0,0000000E+0
3,8395269E+03	-2,8045850E-1	7,8124995E+1	-2,9365534E-1	-3,1542035E-1	-2,9746445E-1	-3,4112485E-1	7,8124995E+1	-4,3503943E-1	0,0000000E+0	0,0000000E+0
3,8412819E+03	-2,8056094E-1	7,8124995E+1	-2,9389748E-1	-3,1542035E-1	-2,9734338E-1	-3,4120867E-1	7,8124995E+1	-4,3497423E-1	0,0000000E+0	0,0000000E+0
3,8430382E+03	-2,7929434E-1	7,8124995E+1	-2,9404649E-1	-3,1555073E-1	-2,9756689E-1	-3,4175815E-1	7,8124995E+1	-4,3498355E-1	0,0000000E+0	0,0000000E+0
3,8447922E+03	-2,7466567E-1	7,8124995E+1	-2,9338525E-1	-3,1552279E-1	-2,9721299E-1	-3,4000727E-1	7,8124995E+1	-4,3472278E-1	0,0000000E+0	0,0000000E+0
3,8465475E+03	-2,7855860E-1	7,8124995E+1	-2,9366465E-1	-3,1536447E-1	-2,9707329E-1	-3,4097584E-1	7,8124995E+1	-4,3448995E-1	0,0000000E+0	0,0000000E+0
3,8483039E+03	-2,8089622E-1	7,8124995E+1	-2,9367396E-1	-3,1516889E-1	-2,9690565E-1	-3,4115279E-1	7,8124995E+1	-4,3372626E-1	0,0000000E+0	0,0000000E+0
3,8500614E+03	-2,8160402E-1	7,8124995E+1	-2,9380435E-1	-3,1512233E-1	-2,9672870E-1	-3,3964405E-1	7,8124995E+1	-4,3324197E-1	0,0000000E+0	0,0000000E+0
3,8518171E+03	-2,8105454E-1	7,8124995E+1	-2,9372984E-1	-3,1492675E-1	-2,9666351E-1	-3,4004452E-1	7,8124995E+1	-4,3296258E-1	0,0000000E+0	0,0000000E+0
3,8535730E+03	-2,8003009E-1	7,8124995E+1	-2,9378572E-1	-3,1498263E-1	-2,9665420E-1	-3,4039842E-1	7,8124995E+1	-4,3259005E-1	0,0000000E+0	0,0000000E+0
3,8553276E+03	-2,8084965E-1	7,8124995E+1	-2,9379504E-1	-3,1511301E-1	-2,9656107E-1	-3,4085477E-1	7,8124995E+1	-4,3244104E-1	0,0000000E+0	0,0000000E+0
3,8570816E+03	-2,8129669E-1	7,8124995E+1	-2,9407443E-1	-3,1506645E-1	-2,9674733E-1	-3,4135768E-1	7,8124995E+1	-4,3238516E-1	0,0000000E+0	0,0000000E+0
3,8588380E+03	-2,8206968E-1	7,8124995E+1	-2,9412100E-1	-3,1515958E-1	-2,9685909E-1	-3,4164639E-1	7,8124995E+1	-4,3218958E-1	0,0000000E+0	0,0000000E+0
3,8605924E+03	-2,8174372E-1	7,8124995E+1	-2,9413031E-1	-3,1512233E-1	-2,9679390E-1	-3,4168365E-1	7,8124995E+1	-4,3221752E-1	0,0000000E+0	0,0000000E+0
3,8623489E+03	-2,8150158E-1	7,8124995E+1	-2,9389748E-1	-3,1524340E-1	-2,9668214E-1	-3,3900144E-1	7,8124995E+1	-4,3206851E-1	0,0000000E+0	0,0000000E+0
3,8641037E+03	-2,8239565E-1	7,8124995E+1	-2,9409306E-1	-3,1530859E-1	-2,9662626E-1	-3,3929946E-1	7,8124995E+1	-4,3207782E-1	0,0000000E+0	0,0000000E+0
3,8658603E+03	-2,8243290E-1	7,8124995E+1	-2,9399993E-1	-3,1524340E-1	-2,9655175E-1	-3,3957886E-1	7,8124995E+1	-4,3207782E-1	0,0000000E+0	0,0000000E+0
3,8676163E+03	-2,8200449E-1	7,8124995E+1	-2,9387886E-1	-3,1508507E-1	-2,9638411E-1	-3,3915976E-1	7,8124995E+1	-4,3184499E-1	0,0000000E+0	0,0000000E+0
3,8693711E+03	-2,8029086E-1	7,8124995E+1	-2,9371122E-1	-3,1517820E-1	-2,9636549E-1	-3,3915045E-1	7,8124995E+1	-4,3168667E-1	0,0000000E+0	0,0000000E+0
3,8711283E+03	-2,8105454E-1	7,8124995E+1	-2,9367396E-1	-3,1518752E-1	-2,9624442E-1	-3,3926221E-1	7,8124995E+1	-4,3149109E-1	0,0000000E+0	0,0000000E+0
3,8728830E+03	-2,8077515E-1	7,8124995E+1	-2,9384160E-1	-3,1512233E-1	-2,9623510E-1	-3,3976512E-1	7,8124995E+1	-4,3147246E-1	0,0000000E+0	0,0000000E+0
3,8746392E+03	-2,8103592E-1	7,8124995E+1	-2,9386954E-1	-3,1503851E-1	-2,9609540E-1	-3,3991413E-1	7,8124995E+1	-4,3142590E-1	0,0000000E+0	0,0000000E+0
3,8763937E+03	-2,8120355E-1	7,8124995E+1	-2,9393474E-1	-3,1516889E-1	-2,9608609E-1	-3,4001658E-1	7,8124995E+1	-4,3146315E-1	0,0000000E+0	0,0000000E+0
3,8781490E+03	-2,8085897E-1	7,8124995E+1	-2,9414894E-1	-3,1515958E-1	-2,9616060E-1	-3,3994207E-1	7,8124995E+1	-4,3149109E-1	0,0000000E+0	0,0000000E+0
3,8799034E+03	-2,8101729E-1	7,8124995E+1	-2,9420482E-1	-3,1524340E-1	-2,9615128E-1	-3,4011902E-1	7,8124995E+1	-4,3164010E-1	0,0000000E+0	0,0000000E+0
3,8816589E+03	-2,8132463E-1	7,8124995E+1	-2,9438177E-1	-3,1542966E-1	-2,9624442E-1	-3,4022147E-1	7,8124995E+1	-4,3171461E-1	0,0000000E+0	0,0000000E+0
3,8834138E+03	-2,8160402E-1	7,8124995E+1	-2,9442834E-1	-3,1535516E-1	-2,9636549E-1	-3,4020284E-1	7,8124995E+1	-4,3177980E-1	0,0000000E+0	0,0000000E+0
3,8851679E+03	-2,8154814E-1	7,8124995E+1	-2,9440040E-1	-3,1556005E-1	-2,9640274E-1	-3,4032392E-1	7,8124995E+1	-4,3171461E-1	0,0000000E+0	0,0000000E+0
3,8869230E+03	-2,8151089E-1	7,8124995E+1	-2,9446559E-1	-3,1554142E-1	-2,9650519E-1	-3,4037979E-1	7,8124995E+1	-4,3194744E-1	0,0000000E+0	0,0000000E+0
3,8886778E+03	-2,8163196E-1	7,8124995E+1	-2,9459597E-1	-3,1570906E-1	-2,9664488E-1	-3,4064988E-1	7,8124995E+1	-4,3184499E-1	0,0000000E+0	0,0000000E+0
3,8904363E+03	-2,8199518E-1	7,8124995E+1	-2,9467048E-1	-3,1573700E-1	-2,9667282E-1	-3,4071507E-1	7,8124995E+1	-4,3190087E-1	0,0000000E+0	0,0000000E+0
3,8922046E+03	-2,8217213E-1	7,8124995E+1	-2,9481018E-1	-3,1583944E-1	-2,9670076E-1	-3,4091065E-1	7,8124995E+1	-4,3204057E-1	0,0000000E+0	0,0000000E+0
3,8939884E+03	-2,8244221E-1	7,8124995E+1	-2,9481949E-1	-3,1583944E-1	-2,9691497E-1	-3,4104103E-1	7,8124995E+1	-4,3218958E-1	0,0000000E+0	0,0000000E+0
3,8957657E+03	-2,8276818E-1	7,8124995E+1	-2,9484743E-1	-3,1599777E-1	-2,9688703E-1	-3,4111554E-1	7,8124995E+1	-4,3227340E-1	0,0000000E+0	0,0000000E+0
3,8975382E+03	-2,8292650E-1	7,8124995E+1	-2,9505232E-1	-3,1593258E-1	-2,9704535E-1	-3,4124592E-1	7,8124995E+1	-4,3223615E-1	0,0000000E+0	0,0000000E+0
3,8993164E+03	-2,8280543E-1	7,8124995E+1	-2,9514545E-1	-3,1609090E-1	-2,9707329E-1	-3,4136700E-1	7,8124995E+1	-4,3217095E-1	0,0000000E+0	0,0000000E+0
3,9010857E+03	-2,8292650E-1	7,8124995E+1	-2,9520133E-1	-3,1611884E-1	-2,9725956E-1	-3,4143219E-1	7,8124995E+1	-4,3233859E-1	0,0000000E+0	0,0000000E+0
3,9028645E+03	-2,8301963E-1	7,8124995E+1	-2,9531309E-1	-3,1617472E-1	-2,9746445E-1	-3,4163708E-1	7,8124995E+1	-4,3228271E-1	0,0000000E+0	0,0000000E+0
3,9046308E+03	-2,8328972E-1	7,8124995E+1	-2,9529447E-1	-3,1649137E-1	-2,9740857E-1	-3,4175815E-1	7,8124995E+1	-4,3239447E-1	0,0000000E+0	0,0000000E+0
3,9064005E+03	-2,8354117E-1	7,8124995E+1	-2,9543416E-1	-3,1646343E-1	-2,9749239E-1	-3,4184197E-1	7,8124995E+1	-4,3247829E-1	0,0000000E+0	0,0000000E+0
3,9081667E+03	-2,8348530E-1	7,8124995E+1	-2,9553661E-1	-3,1651000E-1	-2,9750170E-1	-3,4206549E-1	7,8124995E+1	-4,3256211E-1	0,0000000E+0	0,0000000E+0
3,9099299E+03	-2,8381126E-1	7,8124995E+1	-2,9562043E-1	-3,1660313E-1	-2,9766934E-1	-3,4211205E-1	7,8124995E+1	-4,3271112E-1	0,0000000E+0	0,0000000E+0
3,9116975E+03	-2,8381126E-1	7,8124995E+1	-2,9570425E-1	-3,1668695E-1	-2,9766003E-1	-3,4216793E-1	7,8124995E+1	-4,3275769E-1	0,0000000E+0	0,0000000E+0
3,9134835E+03	-2,8379263E-1	7,8124995E+1	-2,9581601E-1	-3,1677077E-1	-2,9779041E-1	-3,4228901E-1	7,8124995E+1	-4,3284151E-1	0,0000000E+0	0,0000000E+0
3,9152635E+03	-2,8357843E-1	7,8124995E+1	-2,9589051E-1	-3,1691978E-1	-2,9780904E-1	-3,4244733E-1	7,8124995E+1	-4,3290670E-1	0,0000000E+0	0,0000000E+0
3,9170522E+03	-2,8374607E-1	7,8124995E+1	-2,9592777E-1	-3,1688252E-1	-2,9796736E-1	-3,4242870E-1	7,8124995E+1	-4,3306502E-1	0,0000000E+0	0,0000000E+0
3,9188336E+03	-2,8380195E-1	7,8124995E+1	-2,9605815E-1	-3,1699428E-1	-2,9806049E-1	-3,4233557E-1	7,8124995E+1	-4,3310228E-1	0,0000000E+0	0,0000000E+0
3,9205982E+03	-2,8375538E-1	7,8124995E+1	-2,9617922E-1	-3,1708742E-1	-2,9818157E-1	-3,4243802E-1	7,8124995E+1	-4,3316747E-1	0,0000000E+0	0,0000000E+0
3,9223814E+03	-2,8369950E-1	7,8124995E+1	-2,9621648E-1	-3,1716192E-1	-2,9833989E-1	-3,4250321E-1	7,8124995E+1	-4,3329785E-1	0,0000000E+0	0,0000000E+0
3,9241524E+03	-2,8387645E-1	7,8124995E+1	-2,9649587E-1	-3,1733887E-1	-2,9829333E-1	-3,4247527E-1	7,8124995E+1	-4,3336305E-1	0,0000000E+0	0,0000000E+0
3,9259095E+03	-2,8367156E-1	7,8124995E+1	-2,9655175E-1	-3,1735750E-1	-2,9834920E-1	-3,4266154E-1	7,8124995E+1	-4,3341893E-1	0,0000000E+0	0,0000000E+0
3,9276646E+03	-2,8420241E-1	7,8124995E+1	-2,9668214E-1	-3,1739475E-1	-2,9847959E-1	-3,4278261E-1	7,8124995E+1	-4,3348412E-1	0,0000000E+0	0,0000000E+0
3,9294172E+03	-2,8498472E-1	7,8124995E+1	-2,9659832E-1	-3,1744132E-1	-2,9850753E-1	-3,4283849E-1	7,8124995E+1	-4,3343755E-1	0,0000000E+0	0,0000000E+0
3,9311706E+03	-2,8002078E-1	7,8124995E+1	-2,9589051E-1	-3,1752514E-1	-2,9849822E-1	-3,4176747E-1	7,8124995E+1	-4,3333511E-1	0,0000000E+0	0,0000000E+0
3,9329242E+03	-2,7810225E-1	7,8124995E+1	-2,9508026E-1	-3,1735750E-1	-2,9820951E-1	-3,4120867E-1	7,8124995E+1	-4,3310228E-1	0,0000000E+0	0,0000000E+0
3,9346796E+03	-2,7929434E-1	7,8124995E+1	-2,9559249E-1	-3,1727368E-1	-2,9802324E-1	-3,4134837E-1	7,8124995E+1	-4,3312090E-1	0,0000000E+0	0,0000000E+0
3,9364337E+03	-2,8154814E-1	7,8124995E+1	-2,9585326E-1	-3,1731093E-1	-2,9793942E-1	-3,4140425E-1	7,8124995E+1	-4,3319541E-1	0,0000000E+0	0,0000000E+0
3,9381886E+03	-2,8303826E-1	7,8124995E+1	-2,9617922E-1	-3,1732025E-1	-2,9793011E-1	-3,4166502E-1	7,8124995E+1	-4,3311159E-1	0,0000000E+0	0,0000000E+0
3,9399445E+03	-2,8375538E-1	7,8124995E+1	-2,9639343E-1	-3,1731093E-1	-2,9783698E-1	-3,4183266E-1	7,8124995E+1	-4,3310228E-1	0,0000000E+0	0,0000000E+0
3,9416987E+03	-2,8474258E-1	7,8124995E+1	-2,9641205E-1	-3,1735750E-1	-2,9797668E-1	-3,4189785E-1	7,8124995E+1	-4,3285082E-1	0,0000000E+0	0,0000000E+0
3,9434539E+03	-2,8518030E-1	7,8124995E+1	-2,9657969E-1	-3,1744132E-1	-2,9793011E-1	-3,4192579E-1	7,8124995E+1	-4,3289738E-1	0,0000000E+0	0,0000000E+0
3,9452086E+03	-2,8587879E-1	7,8124995E+1	-2,9672870E-1	-3,1751582E-1	-2,9786492E-1	-3,4213999E-1	7,8124995E+1	-4,3266455E-1	0,0000000E+0	0,0000000E+0
3,9469627E+03	-2,8573910E-1	7,8124995E+1	-2,9678458E-1	-3,1751582E-1	-2,9784629E-1	-3,4227038E-1	7,8124995E+1	-4,3274837E-1	0,0000000E+0	0,0000000E+0
3,9487166E+03	-2,8583223E-1	7,8124995E+1	-2,9688703E-1	-3,1759033E-1	-2,9792080E-1	-3,4234489E-1	7,8124995E+1	-4,3252486E-1	0,0000000E+0	0,0000000E+0
3,9504733E+03	-2,8572978E-1	7,8124995E+1	-2,9692428E-1	-3,1767415E-1	-2,9806049E-1	-3,4239145E-1	7,8124995E+1	-4,3248760E-1	0,0000000E+0	0,0000000E+0
3,9522281E+03	-2,8570184E-1	7,8124995E+1	-2,9687771E-1	-3,1763690E-1	-2,9803255E-1	-3,4232626E-1	7,8124995E+1	-4,3240378E-1	0,0000000E+0	0,0000000E+0
3,9539834E+03	-2,8595330E-1	7,8124995E+1	-2,9699879E-1	-3,1759964E-1	-2,9808843E-1	-3,4231695E-1	7,8124995E+1	-4,3225477E-1	0,0000000E+0	0,0000000E+0
3,9557356E+03	-2,8610231E-1	7,8124995E+1	-2,9720368E-1	-3,1764621E-1	-2,9812569E-1	-3,4241008E-1	7,8124995E+1	-4,3226409E-1	0,0000000E+0	0,0000000E+0
3,9574879E+03	-2,8613956E-1	7,8124995E+1	-2,9724093E-1	-3,1784179E-1	-2,9815363E-1	-3,4270810E-1	7,8124995E+1	-4,3219889E-1	0,0000000E+0	0,0000000E+0
3,9592426E+03	-2,8616750E-1	7,8124995E+1	-2,9738994E-1	-3,1795355E-1	-2,9828401E-1	-3,4263360E-1	7,8124995E+1	-4,3207782E-1	0,0000000E+0	0,0000000E+0
3,9609990E+03	-2,8637240E-1	7,8124995E+1	-2,9748307E-1	-3,1800011E-1	-2,9823745E-1	-3,4248458E-1	7,8124995E+1	-4,3203125E-1	0,0000000E+0	0,0000000E+0
3,9627539E+03	-2,8646553E-1	7,8124995E+1	-2,9766934E-1	-3,1809324E-1	-2,9816294E-1	-3,4254978E-1	7,8124995E+1	-4,3186362E-1	0,0000000E+0	0,0000000E+0
3,9645087E+03	-2,8627926E-1	7,8124995E+1	-2,9756689E-1	-3,1814912E-1	-2,9828401E-1	-3,4264291E-1	7,8124995E+1	-4,3187293E-1	0,0000000E+0	0,0000000E+0
3,9662634E+03	-2,8606506E-1	7,8124995E+1	-2,9759483E-1	-3,1818638E-1	-2,9834920E-1	-3,4260566E-1	7,8124995E+1	-4,3185430E-1	0,0000000E+0	0,0000000E+0
3,9680178E+03	-2,8624201E-1	7,8124995E+1	-2,9779972E-1	-3,1837264E-1	-2,9841440E-1	-3,4275467E-1	7,8124995E+1	-4,3190087E-1	0,0000000E+0	0,0000000E+0
3,9697731E+03	-2,8657729E-1	7,8124995E+1	-2,9781835E-1	-3,1849371E-1	-2,9837714E-1	-3,4281986E-1	7,8124995E+1	-4,3206851E-1	0,0000000E+0	0,0000000E+0
3,9715280E+03	-2,8675424E-1	7,8124995E+1	-2,9806981E-1	-3,1844715E-1	-2,9852616E-1	-3,4279192E-1	7,8124995E+1	-4,3204057E-1	0,0000000E+0	0,0000000E+0
3,9732817E+03	-2,8596261E-1	7,8124995E+1	-2,9820019E-1	-3,1854028E-1	-2,9850753E-1	-3,4289437E-1	7,8124995E+1	-4,3206851E-1	0,0000000E+0	0,0000000E+0
3,9750363E+03	-2,8550627E-1	7,8124995E+1	-2,9808843E-1	-3,1863341E-1	-2,9869379E-1	-3,4284780E-1	7,8124995E+1	-4,3208713E-1	0,0000000E+0	0,0000000E+0
3,9767916E+03	-2,8570184E-1	7,8124995E+1	-2,9823745E-1	-3,1875448E-1	-2,9870311E-1	-3,4254978E-1	7,8124995E+1	-4,3222683E-1	0,0000000E+0	0,0000000E+0
3,9785462E+03	-2,8571116E-1	7,8124995E+1	-2,9828401E-1	-3,1876380E-1	-2,9877761E-1	-3,4241008E-1	7,8124995E+1	-4,3234790E-1	0,0000000E+0	0,0000000E+0
3,9803018E+03	-2,8599987E-1	7,8124995E+1	-2,9835852E-1	-3,1889418E-1	-2,9868448E-1	-3,4259634E-1	7,8124995E+1	-4,3243172E-1	0,0000000E+0	0,0000000E+0
3,9820558E+03	-2,8664248E-1	7,8124995E+1	-2,9848890E-1	-3,1899663E-1	-2,9874967E-1	-3,4273604E-1	7,8124995E+1	-4,3255280E-1	0,0000000E+0	0,0000000E+0
3,9838106E+03	-2,8726647E-1	7,8124995E+1	-2,9858204E-1	-3,1913633E-1	-2,9886143E-1	-3,4260566E-1	7,8124995E+1	-4,3258074E-1	0,0000000E+0	0,0000000E+0
3,9855649E+03	-2,8794633E-1	7,8124995E+1	-2,9878693E-1	-3,1902457E-1	-2,9892662E-1	-3,4271741E-1	7,8124995E+1	-4,3256211E-1	0,0000000E+0	0,0000000E+0
3,9873201E+03	-2,8776007E-1	7,8124995E+1	-2,9865654E-1	-3,1905251E-1	-2,9898250E-1	-3,4301544E-1	7,8124995E+1	-4,3253417E-1	0,0000000E+0	0,0000000E+0
3,9890764E+03	-2,8664248E-1	7,8124995E+1	-2,9867517E-1	-3,1910839E-1	-2,9901976E-1	-3,4295956E-1	7,8124995E+1	-4,3243172E-1	0,0000000E+0	0,0000000E+0
3,9908303E+03	-2,8746204E-1	7,8124995E+1	-2,9862860E-1	-3,1904319E-1	-2,9879624E-1	-3,4215862E-1	7,8124995E+1	-4,3154697E-1	0,0000000E+0	0,0000000E+0
3,9925872E+03	-2,8691256E-1	7,8124995E+1	-2,9823745E-1	-3,1879174E-1	-2,9826539E-1	-3,4051949E-1	7,8124995E+1	-4,3016861E-1	0,0000000E+0	0,0000000E+0
3,9943401E+03	-2,8830955E-1	7,8124995E+1	-2,9822813E-1	-3,1840058E-1	-2,9793011E-1	-3,4094790E-1	7,8124995E+1	-4,2933042E-1	0,0000000E+0	0,0000000E+0
3,9960941E+03	-2,8863551E-1	7,8124995E+1	-2,9813500E-1	-3,1809324E-1	-2,9764140E-1	-3,4063125E-1	7,8124995E+1	-4,2843635E-1	0,0000000E+0	0,0000000E+0
3,9978499E+03	-2,8884971E-1	7,8124995E+1	-2,9785560E-1	-3,1782316E-1	-2,9734338E-1	-3,4051949E-1	7,8124995E+1	-4,2793344E-1	0,0000000E+0	0,0000000E+0
3,9996070E+03	-2,8856100E-1	7,8124995E+1	-2,9792080E-1	-3,1779522E-1	-2,9718505E-1	-3,4059400E-1	7,8124995E+1	-4,2791481E-1	0,0000000E+0	0,0000000E+0
4,0013629E+03	-2,8776007E-1	7,8124995E+1	-2,9792080E-1	-3,1785110E-1	-2,9703604E-1	-3,4051949E-1	7,8124995E+1	-4,2794275E-1	0,0000000E+0	0,0000000E+0
4,0031191E+03	-2,8772281E-1	7,8124995E+1	-2,9784629E-1	-3,1781385E-1	-2,9706398E-1	-3,4051018E-1	7,8124995E+1	-4,2801725E-1	0,0000000E+0	0,0000000E+0
4,0048749E+03	-2,8717333E-1	7,8124995E+1	-2,9795805E-1	-3,1802805E-1	-2,9699879E-1	-3,4051949E-1	7,8124995E+1	-4,2814764E-1	0,0000000E+0	0,0000000E+0
4,0066289E+03	-2,8728509E-1	7,8124995E+1	-2,9780904E-1	-3,1786041E-1	-2,9691497E-1	-3,4057537E-1	7,8124995E+1	-4,2825009E-1	0,0000000E+0	0,0000000E+0
4,0083836E+03	-2,8702432E-1	7,8124995E+1	-2,9788354E-1	-3,1809324E-1	-2,9711055E-1	-3,4058469E-1	7,8124995E+1	-4,2845498E-1	0,0000000E+0	0,0000000E+0
4,0101393E+03	-2,8703363E-1	7,8124995E+1	-2,9794874E-1	-3,1817706E-1	-2,9705467E-1	-3,4063125E-1	7,8124995E+1	-4,2869712E-1	0,0000000E+0	0,0000000E+0
4,0118915E+03	-2,8703363E-1	7,8124995E+1	-2,9798599E-1	-3,1816775E-1	-2,9708261E-1	-3,4069644E-1	7,8124995E+1	-4,2883682E-1	0,0000000E+0	0,0000000E+0
4,0136465E+03	-2,8717333E-1	7,8124995E+1	-2,9797668E-1	-3,1832607E-1	-2,9714780E-1	-3,4080820E-1	7,8124995E+1	-4,2902308E-1	0,0000000E+0	0,0000000E+0
4,0154006E+03	-2,8704295E-1	7,8124995E+1	-2,9803255E-1	-3,1833539E-1	-2,9714780E-1	-3,4080820E-1	7,8124995E+1	-4,2929317E-1	0,0000000E+0	0,0000000E+0
