1,0773425E+0	-2,7569012E-1	7,8124995E+1	-2,8665179E-1	-3,0833298E-1	-2,8776938E-1	-3,3024700E-1	7,8124995E+1	-4,1927213E-1	0,0000000E+0	0,0000000E+0
2,8336143E+0	-2,7642587E-1	7,8124995E+1	-2,8673561E-1	-3,0829573E-1	-2,8759243E-1	-3,3057297E-1	7,8124995E+1	-4,1939321E-1	0,0000000E+0	0,0000000E+0
4,5878687E+0	-2,7676115E-1	7,8124995E+1	-2,8669836E-1	-3,0823054E-1	-2,8751792E-1	-3,3087099E-1	7,8124995E+1	-4,1913244E-1	0,0000000E+0	0,0000000E+0
6,3437614E+0	-2,7658419E-1	7,8124995E+1	-2,8668905E-1	-3,0832367E-1	-2,8751792E-1	-3,3112245E-1	7,8124995E+1	-4,1894617E-1	0,0000000E+0	0,0000000E+0
8,0974207E+0	-2,7609991E-1	7,8124995E+1	-2,8656797E-1	-3,0828642E-1	-2,8752724E-1	-3,3129009E-1	7,8124995E+1	-4,1875991E-1	0,0000000E+0	0,0000000E+0
9,8518157E+0	-2,7489850E-1	7,8124995E+1	-2,8626995E-1	-3,0810947E-1	-2,8737822E-1	-3,3122489E-1	7,8124995E+1	-4,1864815E-1	0,0000000E+0	0,0000000E+0
1,1608016E+1	-2,7327800E-1	7,8124995E+1	-2,8593467E-1	-3,0810015E-1	-2,8755518E-1	-3,3120627E-1	7,8124995E+1	-4,1845257E-1	0,0000000E+0	0,0000000E+0
1,3362692E+1	-2,7097763E-1	7,8124995E+1	-2,8542245E-1	-3,0799771E-1	-2,8726647E-1	-3,3094550E-1	7,8124995E+1	-4,1838738E-1	0,0000000E+0	0,0000000E+0
1,5119071E+1	-2,6880765E-1	7,8124995E+1	-2,8462151E-1	-3,0785801E-1	-2,8723853E-1	-3,3092687E-1	7,8124995E+1	-4,1825699E-1	0,0000000E+0	0,0000000E+0
1,6874776E+1	-2,6592986E-1	7,8124995E+1	-2,8383920E-1	-3,0745754E-1	-2,8711745E-1	-3,3070335E-1	7,8124995E+1	-4,1830356E-1	0,0000000E+0	0,0000000E+0
1,8628017E+1	-2,6250260E-1	7,8124995E+1	-2,8301032E-1	-3,0754136E-1	-2,8719196E-1	-3,3072198E-1	7,8124995E+1	-4,1827562E-1	0,0000000E+0	0,0000000E+0
2,0384123E+1	-2,5979245E-1	7,8124995E+1	-2,8192067E-1	-3,0710364E-1	-2,8720127E-1	-3,3075923E-1	7,8124995E+1	-4,1825699E-1	0,0000000E+0	0,0000000E+0
2,2138457E+1	-2,5673771E-1	7,8124995E+1	-2,8086828E-1	-3,0673111E-1	-2,8711745E-1	-3,3093618E-1	7,8124995E+1	-4,1827562E-1	0,0000000E+0	0,0000000E+0
2,3893375E+1	-2,5337563E-1	7,8124995E+1	-2,7954580E-1	-3,0629339E-1	-2,8713608E-1	-3,3096412E-1	7,8124995E+1	-4,1841532E-1	0,0000000E+0	0,0000000E+0
2,5647154E+1	-2,4935232E-1	7,8124995E+1	-2,7811156E-1	-3,0575322E-1	-2,8716402E-1	-3,3107588E-1	7,8124995E+1	-4,1854570E-1	0,0000000E+0	0,0000000E+0
2,7402428E+1	-2,4531038E-1	7,8124995E+1	-2,7655626E-1	-3,0534344E-1	-2,8716402E-1	-3,3102932E-1	7,8124995E+1	-4,1854570E-1	0,0000000E+0	0,0000000E+0
2,9157463E+1	-2,4112874E-1	7,8124995E+1	-2,7474949E-1	-3,0461701E-1	-2,8724784E-1	-3,3105726E-1	7,8124995E+1	-4,1859227E-1	0,0000000E+0	0,0000000E+0
3,0913090E+1	-2,3644419E-1	7,8124995E+1	-2,7287753E-1	-3,0383469E-1	-2,8694982E-1	-3,3094550E-1	7,8124995E+1	-4,1880647E-1	0,0000000E+0	0,0000000E+0
3,2667372E+1	-2,3176895E-1	7,8124995E+1	-2,7092175E-1	-3,0305238E-1	-2,8699638E-1	-3,3101069E-1	7,8124995E+1	-4,1890892E-1	0,0000000E+0	0,0000000E+0
3,4424357E+1	-2,2750349E-1	7,8124995E+1	-2,6881696E-1	-3,0204656E-1	-2,8685668E-1	-3,3108520E-1	7,8124995E+1	-4,1897411E-1	0,0000000E+0	0,0000000E+0
3,6179840E+1	-2,2299589E-1	7,8124995E+1	-2,6660973E-1	-3,0107798E-1	-2,8671698E-1	-3,3112245E-1	7,8124995E+1	-4,1902068E-1	0,0000000E+0	0,0000000E+0
3,7933234E+1	-2,1821821E-1	7,8124995E+1	-2,6414172E-1	-2,9996971E-1	-2,8660523E-1	-3,3100138E-1	7,8124995E+1	-4,1920694E-1	0,0000000E+0	0,0000000E+0
3,9688198E+1	-2,1342189E-1	7,8124995E+1	-2,6172029E-1	-2,9875899E-1	-2,8643759E-1	-3,3088030E-1	7,8124995E+1	-4,1923488E-1	0,0000000E+0	0,0000000E+0
4,1444530E+1	-2,0805748E-1	7,8124995E+1	-2,5928953E-1	-2,9759483E-1	-2,8618613E-1	-3,3081511E-1	7,8124995E+1	-4,1939321E-1	0,0000000E+0	0,0000000E+0
4,3200449E+1	-2,0290726E-1	7,8124995E+1	-2,5660732E-1	-2,9630029E-1	-2,8604643E-1	-3,3075923E-1	7,8124995E+1	-4,1942115E-1	0,0000000E+0	0,0000000E+0
4,4956060E+1	-1,9764529E-1	7,8124995E+1	-2,5384130E-1	-2,9490331E-1	-2,8586017E-1	-3,3073129E-1	7,8124995E+1	-4,1943046E-1	0,0000000E+0	0,0000000E+0
4,6710763E+1	-1,9223430E-1	7,8124995E+1	-2,5087969E-1	-2,9340388E-1	-2,8563665E-1	-3,3072198E-1	7,8124995E+1	-4,1951428E-1	0,0000000E+0	0,0000000E+0
4,8464362E+1	-1,8678607E-1	7,8124995E+1	-2,4808572E-1	-2,9210934E-1	-2,8528275E-1	-3,3054503E-1	7,8124995E+1	-4,1956084E-1	0,0000000E+0	0,0000000E+0
5,0217793E+1	-1,8103049E-1	7,8124995E+1	-2,4505892E-1	-2,9036777E-1	-2,8501266E-1	-3,3050777E-1	7,8124995E+1	-4,1961672E-1	0,0000000E+0	0,0000000E+0
5,1973655E+1	-1,7555432E-1	7,8124995E+1	-2,4199487E-1	-2,8891491E-1	-2,8459357E-1	-3,3041464E-1	7,8124995E+1	-4,1945840E-1	0,0000000E+0	0,0000000E+0
5,3728691E+1	-1,6977080E-1	7,8124995E+1	-2,3893082E-1	-2,8693119E-1	-2,8434211E-1	-3,3026563E-1	7,8124995E+1	-4,1944909E-1	0,0000000E+0	0,0000000E+0
5,5483935E+1	-1,6376377E-1	7,8124995E+1	-2,3569913E-1	-2,8537588E-1	-2,8396958E-1	-3,3005143E-1	7,8124995E+1	-4,1933733E-1	0,0000000E+0	0,0000000E+0
5,7238637E+1	-1,5744009E-1	7,8124995E+1	-2,3219736E-1	-2,8359705E-1	-2,8340148E-1	-3,2942744E-1	7,8124995E+1	-4,1926282E-1	0,0000000E+0	0,0000000E+0
5,8993546E+1	-1,5198254E-1	7,8124995E+1	-2,2882597E-1	-2,8146433E-1	-2,8280543E-1	-3,2861719E-1	7,8124995E+1	-4,1921626E-1	0,0000000E+0	0,0000000E+0
6,0748214E+1	-1,4633872E-1	7,8124995E+1	-2,2541733E-1	-2,7954580E-1	-2,8216282E-1	-3,2843093E-1	7,8124995E+1	-4,1927213E-1	0,0000000E+0	0,0000000E+0
6,2503473E+1	-1,4055521E-1	7,8124995E+1	-2,2190624E-1	-2,7745964E-1	-2,8152020E-1	-3,2807702E-1	7,8124995E+1	-4,1912312E-1	0,0000000E+0	0,0000000E+0
6,4257846E+1	-1,3480895E-1	7,8124995E+1	-2,1837653E-1	-2,7532691E-1	-2,8106386E-1	-3,2821672E-1	7,8124995E+1	-4,1903930E-1	0,0000000E+0	0,0000000E+0
6,6011776E+1	-1,2909063E-1	7,8124995E+1	-2,1482819E-1	-2,7321281E-1	-2,8044918E-1	-3,2794664E-1	7,8124995E+1	-4,1888098E-1	0,0000000E+0	0,0000000E+0
6,7766777E+1	-1,2338162E-1	7,8124995E+1	-2,1131710E-1	-2,7103351E-1	-2,7983451E-1	-3,2775106E-1	7,8124995E+1	-4,1876922E-1	0,0000000E+0	0,0000000E+0
6,9522682E+1	-1,1747704E-1	7,8124995E+1	-2,0761044E-1	-2,6891941E-1	-2,7914533E-1	-3,2755548E-1	7,8124995E+1	-4,1853639E-1	0,0000000E+0	0,0000000E+0
7,1278869E+1	-1,1143275E-1	7,8124995E+1	-2,0397828E-1	-2,6648866E-1	-2,7853066E-1	-3,2726677E-1	7,8124995E+1	-4,1848982E-1	0,0000000E+0	0,0000000E+0
7,3033903E+1	-1,0558405E-1	7,8124995E+1	-2,0014123E-1	-2,6427211E-1	-2,7782285E-1	-3,2713639E-1	7,8124995E+1	-4,1845257E-1	0,0000000E+0	0,0000000E+0
7,4789624E+1	-9,9660835E-2	7,8124995E+1	-1,9660221E-1	-2,6194380E-1	-2,7704054E-1	-3,2662416E-1	7,8124995E+1	-4,1819180E-1	0,0000000E+0	0,0000000E+0
7,6545307E+1	-9,3672430E-2	7,8124995E+1	-1,9289554E-1	-2,5959687E-1	-2,7651900E-1	-3,2626094E-1	7,8124995E+1	-4,1814523E-1	0,0000000E+0	0,0000000E+0
7,8299481E+1	-8,7739905E-2	7,8124995E+1	-1,8916094E-1	-2,5712886E-1	-2,7569012E-1	-3,2584185E-1	7,8124995E+1	-4,1807073E-1	0,0000000E+0	0,0000000E+0
8,0054690E+1	-8,1667681E-2	7,8124995E+1	-1,8525870E-1	-2,5462361E-1	-2,7488919E-1	-3,2563696E-1	7,8124995E+1	-4,1782858E-1	0,0000000E+0	0,0000000E+0
8,1810248E+1	-7,5800349E-2	7,8124995E+1	-1,8145890E-1	-2,5215560E-1	-2,7409756E-1	-3,2505022E-1	7,8124995E+1	-4,1777271E-1	0,0000000E+0	0,0000000E+0
8,3567769E+1	-6,9690872E-2	7,8124995E+1	-1,7757529E-1	-2,4972485E-1	-2,7311967E-1	-3,2467770E-1	7,8124995E+1	-4,1766095E-1	0,0000000E+0	0,0000000E+0
8,5322264E+1	-6,3721094E-2	7,8124995E+1	-1,7362648E-1	-2,4717303E-1	-2,7235599E-1	-3,2417478E-1	7,8124995E+1	-4,1751194E-1	0,0000000E+0	0,0000000E+0
8,7079341E+1	-5,7918954E-2	7,8124995E+1	-1,6976149E-1	-2,4458395E-1	-2,7156437E-1	-3,2369981E-1	7,8124995E+1	-4,1728842E-1	0,0000000E+0	0,0000000E+0
8,8835050E+1	-5,1818791E-2	7,8124995E+1	-1,6594307E-1	-2,4199487E-1	-2,7064236E-1	-3,2321552E-1	7,8124995E+1	-4,1708353E-1	0,0000000E+0	0,0000000E+0
9,0589203E+1	-4,5830387E-2	7,8124995E+1	-1,6190113E-1	-2,3953618E-1	-2,6962721E-1	-3,2261947E-1	7,8124995E+1	-4,1692520E-1	0,0000000E+0	0,0000000E+0
9,2343452E+1	-3,9683657E-2	7,8124995E+1	-1,5791507E-1	-2,3687260E-1	-2,6865864E-1	-3,2222832E-1	7,8124995E+1	-4,1678550E-1	0,0000000E+0	0,0000000E+0
9,4100256E+1	-3,3676626E-2	7,8124995E+1	-1,5405939E-1	-2,3415314E-1	-2,6786701E-1	-3,2174403E-1	7,8124995E+1	-4,1647817E-1	0,0000000E+0	0,0000000E+0
9,5854150E+1	-2,7865173E-2	7,8124995E+1	-1,5000814E-1	-2,3132191E-1	-2,6687050E-1	-3,2124111E-1	7,8124995E+1	-4,1619877E-1	0,0000000E+0	0,0000000E+0
9,7607972E+1	-2,1951274E-2	7,8124995E+1	-1,4610589E-1	-2,2861177E-1	-2,6585536E-1	-3,2060782E-1	7,8124995E+1	-4,1599388E-1	0,0000000E+0	0,0000000E+0
9,9362141E+1	-1,6316772E-2	7,8124995E+1	-1,4205464E-1	-2,2610651E-1	-2,6482159E-1	-3,2005834E-1	7,8124995E+1	-4,1575174E-1	0,0000000E+0	0,0000000E+0
1,0111703E+2	-1,0589138E-2	7,8124995E+1	-1,3808721E-1	-2,2323803E-1	-2,6383439E-1	-3,1949954E-1	7,8124995E+1	-4,1557478E-1	0,0000000E+0	0,0000000E+0
1,0287381E+2	-4,9173835E-3	7,8124995E+1	-1,3401733E-1	-2,2056514E-1	-2,6287513E-1	-3,1897800E-1	7,8124995E+1	-4,1543509E-1	0,0000000E+0	0,0000000E+0
1,0463069E+2	9,4994908E-4	7,8124995E+1	-1,3002195E-1	-2,1786430E-1	-2,6180410E-1	-3,1870792E-1	7,8124995E+1	-4,1531401E-1	0,0000000E+0	0,0000000E+0
1,0638608E+2	6,8452213E-3	7,8124995E+1	-1,2592413E-1	-2,1494926E-1	-2,6064926E-1	-3,1821432E-1	7,8124995E+1	-4,1516500E-1	0,0000000E+0	0,0000000E+0
1,0814054E+2	1,2768433E-2	7,8124995E+1	-1,2194739E-1	-2,1224843E-1	-2,5967138E-1	-3,1750651E-1	7,8124995E+1	-4,1493217E-1	0,0000000E+0	0,0000000E+0
1,0989567E+2	1,8412248E-2	7,8124995E+1	-1,1784025E-1	-2,0929613E-1	-2,5839546E-1	-3,1688252E-1	7,8124995E+1	-4,1480179E-1	0,0000000E+0	0,0000000E+0
1,1165064E+2	2,4344774E-2	7,8124995E+1	-1,1383557E-1	-2,0652079E-1	-2,5740826E-1	-3,1625854E-1	7,8124995E+1	-4,1469934E-1	0,0000000E+0	0,0000000E+0
1,1340585E+2	3,0407684E-2	7,8124995E+1	-1,0978431E-1	-2,0357781E-1	-2,5631861E-1	-3,1559730E-1	7,8124995E+1	-4,1455964E-1	0,0000000E+0	0,0000000E+0
1,1515985E+2	3,6209824E-2	7,8124995E+1	-1,0569581E-1	-2,0070934E-1	-2,5512652E-1	-3,1500125E-1	7,8124995E+1	-4,1432681E-1	0,0000000E+0	0,0000000E+0
1,1691375E+2	4,2151662E-2	7,8124995E+1	-1,0156073E-1	-1,9785018E-1	-2,5382267E-1	-3,1440521E-1	7,8124995E+1	-4,1430819E-1	0,0000000E+0	0,0000000E+0
1,1866780E+2	4,7851357E-2	7,8124995E+1	-9,7472226E-2	-1,9504690E-1	-2,5259332E-1	-3,1366015E-1	7,8124995E+1	-4,1402879E-1	0,0000000E+0	0,0000000E+0
1,2042363E+2	5,3755942E-2	7,8124995E+1	-9,3607238E-2	-1,9215980E-1	-2,5147574E-1	-3,1301754E-1	7,8124995E+1	-4,1383321E-1	0,0000000E+0	0,0000000E+0
1,2217872E+2	5,9399757E-2	7,8124995E+1	-8,9351093E-2	-1,8930995E-1	-2,5032090E-1	-3,1218866E-1	7,8124995E+1	-4,1369351E-1	0,0000000E+0	0,0000000E+0
1,2393544E+2	6,5034259E-2	7,8124995E+1	-8,5337093E-2	-1,8619002E-1	-2,4895185E-1	-3,1136909E-1	7,8124995E+1	-4,1355381E-1	0,0000000E+0	0,0000000E+0
1,2569087E+2	7,0706014E-2	7,8124995E+1	-8,1267213E-2	-1,8330292E-1	-2,4787152E-1	-3,1082893E-1	7,8124995E+1	-4,1335824E-1	0,0000000E+0	0,0000000E+0
1,2744577E+2	7,6331203E-2	7,8124995E+1	-7,7327718E-2	-1,8036925E-1	-2,4644659E-1	-3,1022357E-1	7,8124995E+1	-4,1320922E-1	0,0000000E+0	0,0000000E+0
1,2920219E+2	8,2161282E-2	7,8124995E+1	-7,3155393E-2	-1,7738902E-1	-2,4504961E-1	-3,0940400E-1	7,8124995E+1	-4,1292051E-1	0,0000000E+0	0,0000000E+0
1,3095765E+2	8,8037928E-2	7,8124995E+1	-6,9011007E-2	-1,7435291E-1	-2,4382958E-1	-3,0855650E-1	7,8124995E+1	-4,1244554E-1	0,0000000E+0	0,0000000E+0
1,3271278E+2	9,4277790E-2	7,8124995E+1	-6,4969067E-2	-1,7128886E-1	-2,4246053E-1	-3,0716883E-1	7,8124995E+1	-4,1203576E-1	0,0000000E+0	0,0000000E+0
1,3446705E+2	9,9074101E-2	7,8124995E+1	-6,0778115E-2	-1,6838313E-1	-2,4105424E-1	-3,0515717E-1	7,8124995E+1	-4,1173773E-1	0,0000000E+0	0,0000000E+0
1,3622152E+2	1,0422432E-1	7,8124995E+1	-5,6633729E-2	-1,6531908E-1	-2,3965725E-1	-3,0420722E-1	7,8124995E+1	-4,1135589E-1	0,0000000E+0	0,0000000E+0
1,3797475E+2	1,0962599E-1	7,8124995E+1	-5,2535910E-2	-1,6229228E-1	-2,3809263E-1	-3,0353667E-1	7,8124995E+1	-4,1118825E-1	0,0000000E+0	0,0000000E+0
1,3972900E+2	1,1517667E-1	7,8124995E+1	-4,8503283E-2	-1,5916304E-1	-2,3677015E-1	-3,0316414E-1	7,8124995E+1	-4,1085298E-1	0,0000000E+0	0,0000000E+0
1,4148477E+2	1,2067147E-1	7,8124995E+1	-4,4340270E-2	-1,5637838E-1	-2,3528935E-1	-3,0256810E-1	7,8124995E+1	-4,1069465E-1	0,0000000E+0	0,0000000E+0
1,4323821E+2	1,2564474E-1	7,8124995E+1	-4,0251764E-2	-1,5323051E-1	-2,3392962E-1	-3,0176716E-1	7,8124995E+1	-4,1035938E-1	0,0000000E+0	0,0000000E+0
1,4499571E+2	1,3056212E-1	7,8124995E+1	-3,6284330E-2	-1,5020371E-1	-2,3241156E-1	-3,0121768E-1	7,8124995E+1	-4,1006135E-1	0,0000000E+0	0,0000000E+0
1,4675061E+2	1,3633632E-1	7,8124995E+1	-3,2158570E-2	-1,4717692E-1	-2,3117290E-1	-3,0039811E-1	7,8124995E+1	-4,0976333E-1	0,0000000E+0	0,0000000E+0
1,4850575E+2	1,4201739E-1	7,8124995E+1	-2,8079377E-2	-1,4415012E-1	-2,2967347E-1	-2,9946679E-1	7,8124995E+1	-4,0940011E-1	0,0000000E+0	0,0000000E+0
1,5026002E+2	1,4696271E-1	7,8124995E+1	-2,4065377E-2	-1,4106744E-1	-2,2816473E-1	-2,9851684E-1	7,8124995E+1	-4,0921385E-1	0,0000000E+0	0,0000000E+0
1,5201514E+2	1,5255996E-1	7,8124995E+1	-2,0079316E-2	-1,3818034E-1	-2,2653492E-1	-2,9759483E-1	7,8124995E+1	-4,0893445E-1	0,0000000E+0	0,0000000E+0
1,5376975E+2	1,5834347E-1	7,8124995E+1	-1,6186387E-2	-1,3501384E-1	-2,2519381E-1	-2,9666351E-1	7,8124995E+1	-4,0869231E-1	0,0000000E+0	0,0000000E+0
1,5552481E+2	1,6392210E-1	7,8124995E+1	-1,2069941E-2	-1,3208018E-1	-2,2368507E-1	-2,9560180E-1	7,8124995E+1	-4,0830115E-1	0,0000000E+0	0,0000000E+0
1,5727853E+2	1,6881154E-1	7,8124995E+1	-7,9907482E-3	-1,2893230E-1	-2,2222289E-1	-2,9476361E-1	7,8124995E+1	-4,0809626E-1	0,0000000E+0	0,0000000E+0
1,5903317E+2	1,7400832E-1	7,8124995E+1	-4,0791931E-3	-1,2598001E-1	-2,2073278E-1	-2,9372053E-1	7,8124995E+1	-4,0785412E-1	0,0000000E+0	0,0000000E+0
1,6079063E+2	1,7892570E-1	7,8124995E+1	-1,9557775E-4	-1,2304635E-1	-2,1936373E-1	-2,9271470E-1	7,8124995E+1	-4,0754678E-1	0,0000000E+0	0,0000000E+0
1,6254678E+2	1,8403866E-1	7,8124995E+1	3,9208683E-3	-1,2000092E-1	-2,1780842E-1	-2,9184857E-1	7,8124995E+1	-4,0723945E-1	0,0000000E+0	0,0000000E+0
1,6430203E+2	1,8985012E-1	7,8124995E+1	7,9441820E-3	-1,1690893E-1	-2,1616930E-1	-2,9100107E-1	7,8124995E+1	-4,0697868E-1	0,0000000E+0	0,0000000E+0
1,6605952E+2	1,9551256E-1	7,8124995E+1	1,1809171E-2	-1,1385419E-1	-2,1470712E-1	-2,8994867E-1	7,8124995E+1	-4,0669928E-1	0,0000000E+0	0,0000000E+0
1,6781365E+2	2,0097011E-1	7,8124995E+1	1,5767292E-2	-1,1094846E-1	-2,1327288E-1	-2,8916636E-1	7,8124995E+1	-4,0642920E-1	0,0000000E+0	0,0000000E+0
1,6956824E+2	2,0639041E-1	7,8124995E+1	1,9688160E-2	-1,0793098E-1	-2,1158719E-1	-2,8831886E-1	7,8124995E+1	-4,0608461E-1	0,0000000E+0	0,0000000E+0
1,7132308E+2	2,1171757E-1	7,8124995E+1	2,3506583E-2	-1,0492281E-1	-2,1005051E-1	-2,8739685E-1	7,8124995E+1	-4,0575864E-1	0,0000000E+0	0,0000000E+0
1,7307805E+2	2,1686779E-1	7,8124995E+1	2,7539210E-2	-1,0191464E-1	-2,0859764E-1	-2,8641896E-1	7,8124995E+1	-4,0553513E-1	0,0000000E+0	0,0000000E+0
1,7483276E+2	2,2134745E-1	7,8124995E+1	3,1357633E-2	-9,8990282E-2	-2,0716341E-1	-2,8549695E-1	7,8124995E+1	-4,0527436E-1	0,0000000E+0	0,0000000E+0
1,7658744E+2	2,2652560E-1	7,8124995E+1	3,5306441E-2	-9,5954171E-2	-2,0562672E-1	-2,8442593E-1	7,8124995E+1	-4,0493908E-1	0,0000000E+0	0,0000000E+0
1,7834265E+2	2,3189933E-1	7,8124995E+1	3,9068984E-2	-9,3029818E-2	-2,0412729E-1	-2,8348530E-1	7,8124995E+1	-4,0462243E-1	0,0000000E+0	0,0000000E+0
1,8009781E+2	2,3698436E-1	7,8124995E+1	4,3008479E-2	-9,0021645E-2	-2,0259061E-1	-2,8286131E-1	7,8124995E+1	-4,0426853E-1	0,0000000E+0	0,0000000E+0
1,8185237E+2	2,4204144E-1	7,8124995E+1	4,6873468E-2	-8,7050726E-2	-2,0088629E-1	-2,8215350E-1	7,8124995E+1	-4,0407295E-1	0,0000000E+0	0,0000000E+0
1,8360747E+2	2,4721028E-1	7,8124995E+1	5,0654638E-2	-8,4126373E-2	-1,9939618E-1	-2,8145501E-1	7,8124995E+1	-4,0374699E-1	0,0000000E+0	0,0000000E+0
1,8536247E+2	2,5179239E-1	7,8124995E+1	5,4547566E-2	-8,1239273E-2	-1,9788743E-1	-2,8079377E-1	7,8124995E+1	-4,0351416E-1	0,0000000E+0	0,0000000E+0
1,8711802E+2	2,5670046E-1	7,8124995E+1	5,8170411E-2	-7,8184535E-2	-1,9636006E-1	-2,7976932E-1	7,8124995E+1	-4,0323476E-1	0,0000000E+0	0,0000000E+0
1,8887343E+2	2,6184136E-1	7,8124995E+1	6,2044714E-2	-7,5325374E-2	-1,9481407E-1	-2,7902426E-1	7,8124995E+1	-4,0294605E-1	0,0000000E+0	0,0000000E+0
1,9062948E+2	2,6665630E-1	7,8124995E+1	6,5956269E-2	-7,2382395E-2	-1,9324945E-1	-2,7818607E-1	7,8124995E+1	-4,0270391E-1	0,0000000E+0	0,0000000E+0
1,9238543E+2	2,7116390E-1	7,8124995E+1	6,9504608E-2	-6,9560487E-2	-1,9190834E-1	-2,7723612E-1	7,8124995E+1	-4,0243382E-1	0,0000000E+0	0,0000000E+0
1,9413985E+2	2,7582051E-1	7,8124995E+1	7,3360284E-2	-6,6701327E-2	-1,9018539E-1	-2,7631411E-1	7,8124995E+1	-4,0212649E-1	0,0000000E+0	0,0000000E+0
1,9589670E+2	2,8104523E-1	7,8124995E+1	7,7113514E-2	-6,3665215E-2	-1,8881635E-1	-2,7535485E-1	7,8124995E+1	-4,0190297E-1	0,0000000E+0	0,0000000E+0
1,9764998E+2	2,8631652E-1	7,8124995E+1	8,0764298E-2	-6,0889874E-2	-1,8738211E-1	-2,7444215E-1	7,8124995E+1	-4,0154907E-1	0,0000000E+0	0,0000000E+0
1,9940553E+2	2,9080549E-1	7,8124995E+1	8,4424396E-2	-5,8002773E-2	-1,8577093E-1	-2,7352014E-1	7,8124995E+1	-4,0135349E-1	0,0000000E+0	0,0000000E+0
2,0116028E+2	2,9580669E-1	7,8124995E+1	8,8149687E-2	-5,5124986E-2	-1,8428081E-1	-2,7251431E-1	7,8124995E+1	-4,0107409E-1	0,0000000E+0	0,0000000E+0
2,0291397E+2	3,0083584E-1	7,8124995E+1	9,1763219E-2	-5,2275139E-2	-1,8274413E-1	-2,7159231E-1	7,8124995E+1	-4,0072950E-1	0,0000000E+0	0,0000000E+0
2,0467118E+2	3,0580910E-1	7,8124995E+1	9,5274305E-2	-4,9415979E-2	-1,8117950E-1	-2,7073549E-1	7,8124995E+1	-4,0058980E-1	0,0000000E+0	0,0000000E+0
2,0642743E+2	3,0967409E-1	7,8124995E+1	9,8943716E-2	-4,6696517E-2	-1,7980115E-1	-2,6972035E-1	7,8124995E+1	-4,0017071E-1	0,0000000E+0	0,0000000E+0
2,0818198E+2	3,1190926E-1	7,8124995E+1	1,0238961E-1	-4,3883922E-2	-1,7818065E-1	-2,6656316E-1	7,8124995E+1	-3,9996582E-1	0,0000000E+0	0,0000000E+0
2,0993899E+2	3,1700360E-1	7,8124995E+1	1,0582619E-1	-4,1183087E-2	-1,7679297E-1	-2,6561321E-1	7,8124995E+1	-3,9973299E-1	0,0000000E+0	0,0000000E+0
2,1169602E+2	3,1906182E-1	7,8124995E+1	1,0926277E-1	-3,8370492E-2	-1,7516316E-1	-2,6414172E-1	7,8124995E+1	-3,9933252E-1	0,0000000E+0	0,0000000E+0
2,1345000E+2	3,2591635E-1	7,8124995E+1	1,1269935E-1	-3,5716223E-2	-1,7363579E-1	-2,6289375E-1	7,8124995E+1	-3,9907175E-1	0,0000000E+0	0,0000000E+0
2,1520423E+2	3,3127146E-1	7,8124995E+1	1,1645258E-1	-3,2866376E-2	-1,7212705E-1	-2,6240015E-1	7,8124995E+1	-3,9844776E-1	0,0000000E+0	0,0000000E+0
2,1695851E+2	3,3698047E-1	7,8124995E+1	1,2002886E-1	-3,0100347E-2	-1,7046929E-1	-2,6171097E-1	7,8124995E+1	-3,9783309E-1	0,0000000E+0	0,0000000E+0
2,1871558E+2	3,4214931E-1	7,8124995E+1	1,2357720E-1	-2,7352946E-2	-1,6897918E-1	-2,6108699E-1	7,8124995E+1	-3,9684589E-1	0,0000000E+0	0,0000000E+0
2,2047041E+2	3,4688974E-1	7,8124995E+1	1,2710691E-1	-2,4586917E-2	-1,6729348E-1	-2,6034193E-1	7,8124995E+1	-3,9610083E-1	0,0000000E+0	0,0000000E+0
2,2222670E+2	3,5179781E-1	7,8124995E+1	1,3056212E-1	-2,1858142E-2	-1,6577543E-1	-2,5948511E-1	7,8124995E+1	-3,9540234E-1	0,0000000E+0	0,0000000E+0
2,2398252E+2	3,5670588E-1	7,8124995E+1	1,3400801E-1	-1,9110740E-2	-1,6404317E-1	-2,5849791E-1	7,8124995E+1	-3,9469453E-1	0,0000000E+0	0,0000000E+0
2,2573757E+2	3,6304819E-1	7,8124995E+1	1,3737009E-1	-1,6372652E-2	-1,6253443E-1	-2,5594609E-1	7,8124995E+1	-3,9412642E-1	0,0000000E+0	0,0000000E+0
2,2749337E+2	3,6696906E-1	7,8124995E+1	1,4069491E-1	-1,3606624E-2	-1,6089530E-1	-2,5453979E-1	7,8124995E+1	-3,9376321E-1	0,0000000E+0	0,0000000E+0
2,2925072E+2	3,6899934E-1	7,8124995E+1	1,4395454E-1	-1,0803343E-2	-1,5930274E-1	-2,5383198E-1	7,8124995E+1	-3,9341862E-1	0,0000000E+0	0,0000000E+0
2,3100545E+2	3,7398192E-1	7,8124995E+1	1,4765189E-1	-8,1676995E-3	-1,5771017E-1	-2,5306830E-1	7,8124995E+1	-3,9289708E-1	0,0000000E+0	0,0000000E+0
2,3276002E+2	3,7743712E-1	7,8124995E+1	1,5112572E-1	-5,3085390E-3	-1,5614555E-1	-2,5236049E-1	7,8124995E+1	-3,9251524E-1	0,0000000E+0	0,0000000E+0
2,3451336E+2	3,8042667E-1	7,8124995E+1	1,5459024E-1	-2,6915224E-3	-1,5462750E-1	-2,5163406E-1	7,8124995E+1	-3,9217996E-1	0,0000000E+0	0,0000000E+0
2,3626944E+2	3,8506465E-1	7,8124995E+1	1,5818515E-1	1,8626453E-4	-1,5299768E-1	-2,5088900E-1	7,8124995E+1	-3,9168636E-1	0,0000000E+0	0,0000000E+0
2,3802479E+2	3,8975852E-1	7,8124995E+1	1,6163104E-1	2,8405340E-3	-1,5151688E-1	-2,5008807E-1	7,8124995E+1	-3,9149078E-1	0,0000000E+0	0,0000000E+0
2,3977944E+2	3,9522538E-1	7,8124995E+1	1,6495586E-1	5,4296109E-3	-1,5003608E-1	-2,4936163E-1	7,8124995E+1	-3,9111825E-1	0,0000000E+0	0,0000000E+0
2,4153543E+2	4,0004964E-1	7,8124995E+1	1,6829000E-1	8,2794582E-3	-1,4850871E-1	-2,4844894E-1	7,8124995E+1	-3,9060602E-1	0,0000000E+0	0,0000000E+0
2,4328891E+2	4,0482732E-1	7,8124995E+1	1,7189422E-1	1,0849909E-2	-1,4691614E-1	-2,4761075E-1	7,8124995E+1	-3,9021487E-1	0,0000000E+0	0,0000000E+0
2,4504474E+2	4,0873888E-1	7,8124995E+1	1,7520973E-1	1,3476238E-2	-1,4545397E-1	-2,4659561E-1	7,8124995E+1	-3,8970264E-1	0,0000000E+0	0,0000000E+0
2,4679979E+2	4,1284601E-1	7,8124995E+1	1,7846936E-1	1,6111882E-2	-1,4385209E-1	-2,4577604E-1	7,8124995E+1	-3,8929286E-1	0,0000000E+0	0,0000000E+0
2,4855410E+2	4,1713941E-1	7,8124995E+1	1,8180349E-1	1,8635766E-2	-1,4231541E-1	-2,4476090E-1	7,8124995E+1	-3,8884582E-1	0,0000000E+0	0,0000000E+0
2,5030852E+2	4,2079019E-1	7,8124995E+1	1,8525870E-1	2,1355228E-2	-1,4089980E-1	-2,4370851E-1	7,8124995E+1	-3,8854780E-1	0,0000000E+0	0,0000000E+0
2,5206243E+2	4,2383562E-1	7,8124995E+1	1,8855558E-1	2,3925678E-2	-1,3934449E-1	-2,4289826E-1	7,8124995E+1	-3,8813802E-1	0,0000000E+0	0,0000000E+0
2,5381732E+2	4,2780305E-1	7,8124995E+1	1,9181521E-1	2,6533382E-2	-1,3783575E-1	-2,4198556E-1	7,8124995E+1	-3,8757923E-1	0,0000000E+0	0,0000000E+0
2,5557356E+2	4,3198469E-1	7,8124995E+1	1,9488857E-1	2,9150398E-2	-1,3630838E-1	-2,4110080E-1	7,8124995E+1	-3,8695524E-1	0,0000000E+0	0,0000000E+0
2,5732872E+2	4,3573792E-1	7,8124995E+1	1,9817614E-1	3,1627717E-2	-1,3491140E-1	-2,4006703E-1	7,8124995E+1	-3,8655477E-1	0,0000000E+0	0,0000000E+0
2,5908357E+2	4,3897892E-1	7,8124995E+1	2,0151028E-1	3,4216793E-2	-1,3343059E-1	-2,3905189E-1	7,8124995E+1	-3,8611705E-1	0,0000000E+0	0,0000000E+0
2,6083864E+2	4,4027346E-1	7,8124995E+1	2,0450914E-1	3,6731365E-2	-1,3194979E-1	-2,3813920E-1	7,8124995E+1	-3,8568864E-1	0,0000000E+0	0,0000000E+0
2,6259309E+2	4,4464136E-1	7,8124995E+1	2,0772220E-1	3,9339068E-2	-1,3046899E-1	-2,3698436E-1	7,8124995E+1	-3,8532542E-1	0,0000000E+0	0,0000000E+0
2,6434745E+2	4,4854361E-1	7,8124995E+1	2,1075831E-1	4,1862952E-2	-1,2905338E-1	-2,3609960E-1	7,8124995E+1	-3,8504603E-1	0,0000000E+0	0,0000000E+0
2,6610452E+2	4,5377764E-1	7,8124995E+1	2,1396206E-1	4,4321644E-2	-1,2760051E-1	-2,3536386E-1	7,8124995E+1	-3,8476663E-1	0,0000000E+0	0,0000000E+0
2,6786154E+2	4,5716765E-1	7,8124995E+1	2,1699817E-1	4,6845528E-2	-1,2610108E-1	-2,3450704E-1	7,8124995E+1	-3,8421715E-1	0,0000000E+0	0,0000000E+0
2,6961577E+2	4,6097676E-1	7,8124995E+1	2,1970832E-1	4,9201775E-2	-1,2468547E-1	-2,3346396E-1	7,8124995E+1	-3,8377943E-1	0,0000000E+0	0,0000000E+0
2,7137191E+2	4,6609904E-1	7,8124995E+1	2,2244641E-1	5,1734972E-2	-1,2299978E-1	-2,3225324E-1	7,8124995E+1	-3,8331377E-1	0,0000000E+0	0,0000000E+0
2,7312669E+2	4,6889300E-1	7,8124995E+1	2,2536145E-1	5,4007399E-2	-1,2174249E-1	-2,3156406E-1	7,8124995E+1	-3,8275497E-1	0,0000000E+0	0,0000000E+0
2,7488160E+2	4,7238546E-1	7,8124995E+1	2,2836962E-1	5,6270513E-2	-1,2014062E-1	-2,3054892E-1	7,8124995E+1	-3,8244764E-1	0,0000000E+0	0,0000000E+0
2,7663792E+2	4,7476034E-1	7,8124995E+1	2,3134054E-1	5,8813024E-2	-1,1873432E-1	-2,2950584E-1	7,8124995E+1	-3,8193541E-1	0,0000000E+0	0,0000000E+0
2,7839187E+2	4,7764744E-1	7,8124995E+1	2,3444185E-1	6,1076138E-2	-1,1725352E-1	-2,2850932E-1	7,8124995E+1	-3,8163739E-1	0,0000000E+0	0,0000000E+0
2,8014693E+2	4,8087913E-1	7,8124995E+1	2,3743139E-1	6,3618649E-2	-1,1596829E-1	-2,2761525E-1	7,8124995E+1	-3,8124623E-1	0,0000000E+0	0,0000000E+0
2,8190105E+2	4,8415738E-1	7,8124995E+1	2,4061651E-1	6,5965582E-2	-1,1445024E-1	-2,2673981E-1	7,8124995E+1	-3,8079920E-1	0,0000000E+0	0,0000000E+0
2,8365784E+2	4,8795718E-1	7,8124995E+1	2,4370851E-1	6,8405647E-2	-1,1309051E-1	-2,2584574E-1	7,8124995E+1	-3,8052911E-1	0,0000000E+0	0,0000000E+0
2,8541442E+2	4,9238096E-1	7,8124995E+1	2,4682844E-1	7,0752580E-2	-1,1160039E-1	-2,2500755E-1	7,8124995E+1	-3,8019384E-1	0,0000000E+0	0,0000000E+0
2,8716877E+2	4,9834143E-1	7,8124995E+1	2,4981798E-1	7,3164706E-2	-1,1030585E-1	-2,2416004E-1	7,8124995E+1	-3,7980268E-1	0,0000000E+0	0,0000000E+0
2,8892206E+2	5,0160106E-1	7,8124995E+1	2,5283547E-1	7,5455759E-2	-1,0883436E-1	-2,2325666E-1	7,8124995E+1	-3,7961642E-1	0,0000000E+0	0,0000000E+0
2,9067737E+2	5,0663020E-1	7,8124995E+1	2,5571325E-1	7,7802693E-2	-1,0755845E-1	-2,2253023E-1	7,8124995E+1	-3,7917870E-1	0,0000000E+0	0,0000000E+0
2,9243269E+2	5,1005746E-1	7,8124995E+1	2,5856310E-1	8,0158939E-2	-1,0619872E-1	-2,2164547E-1	7,8124995E+1	-3,7873166E-1	0,0000000E+0	0,0000000E+0
2,9418821E+2	5,1193874E-1	7,8124995E+1	2,6135707E-1	8,2235788E-2	-1,0498800E-1	-2,2032299E-1	7,8124995E+1	-3,7853608E-1	0,0000000E+0	0,0000000E+0
2,9594400E+2	5,1485378E-1	7,8124995E+1	2,6416035E-1	8,4592034E-2	-1,0362827E-1	-2,1918678E-1	7,8124995E+1	-3,7829394E-1	0,0000000E+0	0,0000000E+0
2,9769952E+2	5,2007850E-1	7,8124995E+1	2,6711264E-1	8,6957594E-2	-1,0221266E-1	-2,1773392E-1	7,8124995E+1	-3,7794935E-1	0,0000000E+0	0,0000000E+0
2,9945520E+2	5,2077699E-1	7,8124995E+1	2,6999974E-1	8,9146202E-2	-1,0089018E-1	-2,1687710E-1	7,8124995E+1	-3,7778171E-1	0,0000000E+0	0,0000000E+0
3,0120999E+2	5,2197839E-1	7,8124995E+1	2,7272852E-1	9,1260305E-2	-9,9493197E-2	-2,1568501E-1	7,8124995E+1	-3,7750231E-1	0,0000000E+0	0,0000000E+0
3,0296600E+2	5,2514489E-1	7,8124995E+1	2,7562493E-1	9,3616551E-2	-9,8245224E-2	-2,1482819E-1	7,8124995E+1	-3,7715773E-1	0,0000000E+0	0,0000000E+0
3,0472064E+2	5,3028579E-1	7,8124995E+1	2,7853066E-1	9,5823785E-2	-9,6904120E-2	-2,1420420E-1	7,8124995E+1	-3,7702734E-1	0,0000000E+0	0,0000000E+0
3,0647708E+2	5,3491447E-1	7,8124995E+1	2,8144570E-1	9,8133466E-2	-9,5516449E-2	-2,1358022E-1	7,8124995E+1	-3,7674794E-1	0,0000000E+0	0,0000000E+0
3,0823282E+2	5,3890053E-1	7,8124995E+1	2,8433280E-1	1,0035001E-1	-9,4389549E-2	-2,1284447E-1	7,8124995E+1	-3,7647786E-1	0,0000000E+0	0,0000000E+0
3,0998874E+2	5,4238367E-1	7,8124995E+1	2,8711745E-1	1,0265969E-1	-9,3067070E-2	-2,1244401E-1	7,8124995E+1	-3,7631022E-1	0,0000000E+0	0,0000000E+0
3,1174466E+2	5,4570850E-1	7,8124995E+1	2,8988348E-1	1,0472723E-1	-9,1725966E-2	-2,1169895E-1	7,8124995E+1	-3,7595632E-1	0,0000000E+0	0,0000000E+0
3,1349704E+2	5,4934065E-1	7,8124995E+1	2,9279852E-1	1,0703691E-1	-9,0459367E-2	-2,1112153E-1	7,8124995E+1	-3,7575143E-1	0,0000000E+0	0,0000000E+0
3,1525215E+2	5,5267479E-1	7,8124995E+1	2,9558318E-1	1,0904857E-1	-8,9155515E-2	-2,1054411E-1	7,8124995E+1	-3,7552791E-1	0,0000000E+0	0,0000000E+0
3,1700552E+2	5,5672604E-1	7,8124995E+1	2,9829333E-1	1,1134893E-1	-8,7842350E-2	-2,1011570E-1	7,8124995E+1	-3,7529508E-1	0,0000000E+0	0,0000000E+0
3,1876015E+2	5,6060966E-1	7,8124995E+1	3,0113386E-1	1,1344441E-1	-8,6780643E-2	-2,0945446E-1	7,8124995E+1	-3,7509950E-1	0,0000000E+0	0,0000000E+0
3,2051749E+2	5,6416731E-1	7,8124995E+1	3,0378813E-1	1,1549332E-1	-8,5430225E-2	-2,0869077E-1	7,8124995E+1	-3,7475491E-1	0,0000000E+0	0,0000000E+0
3,2227236E+2	5,6764114E-1	7,8124995E+1	3,0646102E-1	1,1763536E-1	-8,4191566E-2	-2,0795503E-1	7,8124995E+1	-3,7456865E-1	0,0000000E+0	0,0000000E+0
3,2402734E+2	5,7121742E-1	7,8124995E+1	3,0919911E-1	1,1982397E-1	-8,3064665E-2	-2,0724722E-1	7,8124995E+1	-3,7438238E-1	0,0000000E+0	0,0000000E+0
3,2578478E+2	5,7406727E-1	7,8124995E+1	3,1187201E-1	1,2196601E-1	-8,1788753E-2	-2,0655805E-1	7,8124995E+1	-3,7404711E-1	0,0000000E+0	0,0000000E+0
3,2753910E+2	5,7725239E-1	7,8124995E+1	3,1450765E-1	1,2395904E-1	-8,0540781E-2	-2,0570123E-1	7,8124995E+1	-3,7380496E-1	0,0000000E+0	0,0000000E+0
3,2929407E+2	5,8122914E-1	7,8124995E+1	3,1708742E-1	1,2617559E-1	-7,9339375E-2	-2,0499342E-1	7,8124995E+1	-3,7354419E-1	0,0000000E+0	0,0000000E+0
3,3104963E+2	5,8546666E-1	7,8124995E+1	3,1990001E-1	1,2807549E-1	-7,8231101E-2	-2,0422043E-1	7,8124995E+1	-3,7340450E-1	0,0000000E+0	0,0000000E+0
3,3280393E+2	5,8966692E-1	7,8124995E+1	3,2251703E-1	1,3028272E-1	-7,6936562E-2	-2,0346606E-1	7,8124995E+1	-3,7306922E-1	0,0000000E+0	0,0000000E+0
3,3455780E+2	5,9194866E-1	7,8124995E+1	3,2464976E-1	1,3233163E-1	-7,5697903E-2	-2,0282344E-1	7,8124995E+1	-3,7278051E-1	0,0000000E+0	0,0000000E+0
3,3631171E+2	5,8651905E-1	7,8124995E+1	3,2638202E-1	1,3430604E-1	-7,4459244E-2	-2,0201319E-1	7,8124995E+1	-3,7248249E-1	0,0000000E+0	0,0000000E+0
3,3806762E+2	5,8979731E-1	7,8124995E+1	3,2841230E-1	1,3636426E-1	-7,3211272E-2	-2,0128676E-1	7,8124995E+1	-3,7229622E-1	0,0000000E+0	0,0000000E+0
3,3982243E+2	5,9478920E-1	7,8124995E+1	3,3094550E-1	1,3820828E-1	-7,1870167E-2	-2,0055102E-1	7,8124995E+1	-3,7206339E-1	0,0000000E+0	0,0000000E+0
3,4157678E+2	5,9816059E-1	7,8124995E+1	3,3352526E-1	1,4013612E-1	-7,0733954E-2	-1,9967557E-1	7,8124995E+1	-3,7194232E-1	0,0000000E+0	0,0000000E+0
3,4333365E+2	6,0029331E-1	7,8124995E+1	3,3603052E-1	1,4199876E-1	-6,9681559E-2	-1,9910747E-1	7,8124995E+1	-3,7180262E-1	0,0000000E+0	0,0000000E+0
3,4508805E+2	6,0135502E-1	7,8124995E+1	3,3688733E-1	1,4394523E-1	-6,8396334E-2	-1,9659289E-1	7,8124995E+1	-3,7172811E-1	0,0000000E+0	0,0000000E+0
3,4684342E+2	6,0818162E-1	7,8124995E+1	3,3862891E-1	1,4561229E-1	-6,7204241E-2	-1,9548462E-1	7,8124995E+1	-3,7130902E-1	0,0000000E+0	0,0000000E+0
3,4860113E+2	6,1360191E-1	7,8124995E+1	3,4104103E-1	1,4738181E-1	-6,6105280E-2	-1,9497239E-1	7,8124995E+1	-3,7099237E-1	0,0000000E+0	0,0000000E+0
3,5035545E+2	6,1533417E-1	7,8124995E+1	3,4363011E-1	1,4923514E-1	-6,4969067E-2	-1,9409695E-1	7,8124995E+1	-3,7054533E-1	0,0000000E+0	0,0000000E+0
3,5211052E+2	6,1874282E-1	7,8124995E+1	3,4609812E-1	1,5108847E-1	-6,3935299E-2	-1,9379893E-1	7,8124995E+1	-3,7043358E-1	0,0000000E+0	0,0000000E+0
3,5386509E+2	6,2106181E-1	7,8124995E+1	3,4878032E-1	1,5300699E-1	-6,2966723E-2	-1,9310975E-1	7,8124995E+1	-3,6996791E-1	0,0000000E+0	0,0000000E+0
3,5561907E+2	6,2481504E-1	7,8124995E+1	3,5136009E-1	1,5488827E-1	-6,1718751E-2	-1,9215980E-1	7,8124995E+1	-3,6972577E-1	0,0000000E+0	0,0000000E+0
3,5737542E+2	6,2415380E-1	7,8124995E+1	3,5407955E-1	1,5682542E-1	-6,0489405E-2	-1,9178727E-1	7,8124995E+1	-3,6970714E-1	0,0000000E+0	0,0000000E+0
3,5912970E+2	6,2832613E-1	7,8124995E+1	3,5649168E-1	1,5879982E-1	-5,9502203E-2	-1,9125642E-1	7,8124995E+1	-3,6951157E-1	0,0000000E+0	0,0000000E+0
3,6088451E+2	6,3090589E-1	7,8124995E+1	3,5907144E-1	1,6069041E-1	-5,8403242E-2	-1,9091183E-1	7,8124995E+1	-3,6934393E-1	0,0000000E+0	0,0000000E+0
3,6263807E+2	6,3471500E-1	7,8124995E+1	3,6177228E-1	1,6246923E-1	-5,7267029E-2	-1,9035303E-1	7,8124995E+1	-3,6898071E-1	0,0000000E+0	0,0000000E+0
3,6439203E+2	6,3856136E-1	7,8124995E+1	3,6417509E-1	1,6442501E-1	-5,6196008E-2	-1,8996188E-1	7,8124995E+1	-3,6876651E-1	0,0000000E+0	0,0000000E+0
3,6614697E+2	6,4127151E-1	7,8124995E+1	3,6673623E-1	1,6623178E-1	-5,5087734E-2	-1,8941240E-1	7,8124995E+1	-3,6852436E-1	0,0000000E+0	0,0000000E+0
3,6790100E+2	6,4504337E-1	7,8124995E+1	3,6928805E-1	1,6815961E-1	-5,3951520E-2	-1,8876978E-1	7,8124995E+1	-3,6819840E-1	0,0000000E+0	0,0000000E+0
3,6965795E+2	6,4824712E-1	7,8124995E+1	3,7175605E-1	1,7010608E-1	-5,2889812E-2	-1,8817374E-1	7,8124995E+1	-3,6812390E-1	0,0000000E+0	0,0000000E+0
3,7141441E+2	6,5120872E-1	7,8124995E+1	3,7405642E-1	1,7187559E-1	-5,1651153E-2	-1,8763357E-1	7,8124995E+1	-3,6793763E-1	0,0000000E+0	0,0000000E+0
3,7316874E+2	6,5421689E-1	7,8124995E+1	3,7652443E-1	1,7376618E-1	-5,0906095E-2	-1,8721448E-1	7,8124995E+1	-3,6768617E-1	0,0000000E+0	0,0000000E+0
3,7492578E+2	6,5861274E-1	7,8124995E+1	3,7881548E-1	1,7572195E-1	-4,9667436E-2	-1,8650667E-1	7,8124995E+1	-3,6756510E-1	0,0000000E+0	0,0000000E+0
3,7668298E+2	6,5699224E-1	7,8124995E+1	3,8096684E-1	1,7735177E-1	-4,8680234E-2	-1,8531458E-1	7,8124995E+1	-3,6714601E-1	0,0000000E+0	0,0000000E+0
3,7843976E+2	6,6281300E-1	7,8124995E+1	3,8313682E-1	1,7901884E-1	-4,7534707E-2	-1,8464402E-1	7,8124995E+1	-3,6643820E-1	0,0000000E+0	0,0000000E+0
3,8019578E+2	6,6799116E-1	7,8124995E+1	3,8524161E-1	1,8076041E-1	-4,6500939E-2	-1,8401073E-1	7,8124995E+1	-3,6566520E-1	0,0000000E+0	0,0000000E+0
3,8195044E+2	6,7149293E-1	7,8124995E+1	3,8731846E-1	1,8225984E-1	-4,5485797E-2	-1,8332155E-1	7,8124995E+1	-3,6492946E-1	0,0000000E+0	0,0000000E+0
3,8370494E+2	6,7367222E-1	7,8124995E+1	3,8955363E-1	1,8397347E-1	-4,4414776E-2	-1,8267893E-1	7,8124995E+1	-3,6467800E-1	0,0000000E+0	0,0000000E+0
3,8545948E+2	6,7641963E-1	7,8124995E+1	3,9163048E-1	1,8560329E-1	-4,3371695E-2	-1,8198044E-1	7,8124995E+1	-3,6424028E-1	0,0000000E+0	0,0000000E+0
3,8721496E+2	6,7895282E-1	7,8124995E+1	3,9400535E-1	1,8746593E-1	-4,2309987E-2	-1,8125401E-1	7,8124995E+1	-3,6405402E-1	0,0000000E+0	0,0000000E+0
3,8897016E+2	6,8174679E-1	7,8124995E+1	3,9614739E-1	1,8917957E-1	-4,1313472E-2	-1,8071384E-1	7,8124995E+1	-3,6374668E-1	0,0000000E+0	0,0000000E+0
3,9072525E+2	6,8374914E-1	7,8124995E+1	3,9840119E-1	1,9097702E-1	-4,0391462E-2	-1,8006192E-1	7,8124995E+1	-3,6356973E-1	0,0000000E+0	0,0000000E+0
3,9248038E+2	6,8466183E-1	7,8124995E+1	4,0058980E-1	1,9268134E-1	-3,9096924E-2	-1,7942862E-1	7,8124995E+1	-3,6331827E-1	0,0000000E+0	0,0000000E+0
3,9423469E+2	6,8629165E-1	7,8124995E+1	4,0274116E-1	1,9449742E-1	-3,8277360E-2	-1,7882326E-1	7,8124995E+1	-3,6317857E-1	0,0000000E+0	0,0000000E+0
3,9598801E+2	6,8820086E-1	7,8124995E+1	4,0499496E-1	1,9613655E-1	-3,7234279E-2	-1,7808751E-1	7,8124995E+1	-3,6297368E-1	0,0000000E+0	0,0000000E+0
3,9774267E+2	6,8905767E-1	7,8124995E+1	4,0706250E-1	1,9791537E-1	-3,6088752E-2	-1,7751941E-1	7,8124995E+1	-3,6286192E-1	0,0000000E+0	0,0000000E+0
3,9949583E+2	6,9046397E-1	7,8124995E+1	4,0912072E-1	1,9975008E-1	-3,5129490E-2	-1,7678366E-1	7,8124995E+1	-3,6268497E-1	0,0000000E+0	0,0000000E+0
4,0125122E+2	6,9305305E-1	7,8124995E+1	4,1135589E-1	2,0146371E-1	-3,4049155E-2	-1,7618762E-1	7,8124995E+1	-3,6248008E-1	0,0000000E+0	0,0000000E+0
4,0300729E+2	6,9591221E-1	7,8124995E+1	4,1362832E-1	2,0317734E-1	-3,2978134E-2	-1,7562882E-1	7,8124995E+1	-3,6243351E-1	0,0000000E+0	0,0000000E+0
4,0476207E+2	6,9911596E-1	7,8124995E+1	4,1580761E-1	2,0503068E-1	-3,2037498E-2	-1,7503278E-1	7,8124995E+1	-3,6220068E-1	0,0000000E+0	0,0000000E+0
4,0651850E+2	7,0345592E-1	7,8124995E+1	4,1810798E-1	2,0664187E-1	-3,1217935E-2	-1,7444604E-1	7,8124995E+1	-3,6207030E-1	0,0000000E+0	0,0000000E+0
4,0827548E+2	7,0542101E-1	7,8124995E+1	4,2026865E-1	2,0843000E-1	-2,9988589E-2	-1,7385931E-1	7,8124995E+1	-3,6171640E-1	0,0000000E+0	0,0000000E+0
4,1002878E+2	7,0705083E-1	7,8124995E+1	4,2236413E-1	2,1013433E-1	-2,9020013E-2	-1,7331914E-1	7,8124995E+1	-3,6163258E-1	0,0000000E+0	0,0000000E+0
4,1178403E+2	7,1025458E-1	7,8124995E+1	4,2453411E-1	2,1179208E-1	-2,8051438E-2	-1,7274172E-1	7,8124995E+1	-3,6127867E-1	0,0000000E+0	0,0000000E+0
4,1353826E+2	7,1427789E-1	7,8124995E+1	4,2675066E-1	2,1358022E-1	-2,7054922E-2	-1,7217361E-1	7,8124995E+1	-3,6125073E-1	0,0000000E+0	0,0000000E+0
4,1529357E+2	7,1878549E-1	7,8124995E+1	4,2871575E-1	2,1513553E-1	-2,6114287E-2	-1,7167070E-1	7,8124995E+1	-3,6104584E-1	0,0000000E+0	0,0000000E+0
4,1704942E+2	7,2276224E-1	7,8124995E+1	4,3088573E-1	2,1657908E-1	-2,5089832E-2	-1,7122367E-1	7,8124995E+1	-3,6098065E-1	0,0000000E+0	0,0000000E+0
4,1880370E+2	7,2577973E-1	7,8124995E+1	4,3299983E-1	2,1830202E-1	-2,4130569E-2	-1,7061831E-1	7,8124995E+1	-3,6079439E-1	0,0000000E+0	0,0000000E+0
4,2056044E+2	7,2823842E-1	7,8124995E+1	4,3510462E-1	2,1991321E-1	-2,3152681E-2	-1,7014333E-1	7,8124995E+1	-3,6051499E-1	0,0000000E+0	0,0000000E+0
4,2231574E+2	7,3019419E-1	7,8124995E+1	4,3714422E-1	2,2150577E-1	-2,2267924E-2	-1,6937965E-1	7,8124995E+1	-3,6041254E-1	0,0000000E+0	0,0000000E+0
4,2407024E+2	7,3127453E-1	7,8124995E+1	4,3919313E-1	2,2315422E-1	-2,1336601E-2	-1,6879291E-1	7,8124995E+1	-3,6028216E-1	0,0000000E+0	0,0000000E+0
4,2582341E+2	7,3365872E-1	7,8124995E+1	4,4102783E-1	2,2474678E-1	-2,0209701E-2	-1,6819687E-1	7,8124995E+1	-3,6021697E-1	0,0000000E+0	0,0000000E+0
4,2757957E+2	7,3591252E-1	7,8124995E+1	4,4301155E-1	2,2625552E-1	-1,9343571E-2	-1,6777777E-1	7,8124995E+1	-3,5991894E-1	0,0000000E+0	0,0000000E+0
4,2933474E+2	7,3663895E-1	7,8124995E+1	4,4502321E-1	2,2784808E-1	-1,8347056E-2	-1,6711653E-1	7,8124995E+1	-3,5991894E-1	0,0000000E+0	0,0000000E+0
4,3108979E+2	7,3865992E-1	7,8124995E+1	4,4684860E-1	2,2943133E-1	-1,7518179E-2	-1,6664156E-1	7,8124995E+1	-3,5971405E-1	0,0000000E+0	0,0000000E+0
4,3284568E+2	7,3959124E-1	7,8124995E+1	4,4881369E-1	2,3095870E-1	-1,6605482E-2	-1,6617590E-1	7,8124995E+1	-3,5962092E-1	0,0000000E+0	0,0000000E+0
4,3460064E+2	7,4239452E-1	7,8124995E+1	4,5088122E-1	2,3263508E-1	-1,5646220E-2	-1,6580337E-1	7,8124995E+1	-3,5949985E-1	0,0000000E+0	0,0000000E+0
4,3635635E+2	7,4517918E-1	7,8124995E+1	4,5282769E-1	2,3419970E-1	-1,4724211E-2	-1,6556122E-1	7,8124995E+1	-3,5944397E-1	0,0000000E+0	0,0000000E+0
4,3811048E+2	7,4758199E-1	7,8124995E+1	4,5485797E-1	2,3552218E-1	-1,3867394E-2	-1,6506762E-1	7,8124995E+1	-3,5936946E-1	0,0000000E+0	0,0000000E+0
4,3986539E+2	7,5150286E-1	7,8124995E+1	4,5646916E-1	2,3717993E-1	-1,3047830E-2	-1,6451814E-1	7,8124995E+1	-3,5931358E-1	0,0000000E+0	0,0000000E+0
4,4162068E+2	7,5449240E-1	7,8124995E+1	4,5721422E-1	2,3844653E-1	-1,2023375E-2	-1,6407111E-1	7,8124995E+1	-3,5909938E-1	0,0000000E+0	0,0000000E+0
4,4337782E+2	7,5434339E-1	7,8124995E+1	4,5822005E-1	2,4002978E-1	-1,1213124E-2	-1,6336330E-1	7,8124995E+1	-3,5913663E-1	0,0000000E+0	0,0000000E+0
4,4513257E+2	7,5510708E-1	7,8124995E+1	4,5975673E-1	2,4111012E-1	-1,0458753E-2	-1,6278588E-1	7,8124995E+1	-3,5917389E-1	0,0000000E+0	0,0000000E+0
4,4688843E+2	7,5512570E-1	7,8124995E+1	4,6140517E-1	2,4248847E-1	-9,6298760E-3	-1,6215258E-1	7,8124995E+1	-3,5897831E-1	0,0000000E+0	0,0000000E+0
4,4864181E+2	7,5588007E-1	7,8124995E+1	4,6326782E-1	2,4372713E-1	-8,6706137E-3	-1,6163104E-1	7,8124995E+1	-3,5900625E-1	0,0000000E+0	0,0000000E+0
4,5039744E+2	7,5823632E-1	7,8124995E+1	4,6525153E-1	2,4500304E-1	-7,8696762E-3	-1,6127714E-1	7,8124995E+1	-3,5891312E-1	0,0000000E+0	0,0000000E+0
4,5215372E+2	7,6022004E-1	7,8124995E+1	4,6708624E-1	2,4633484E-1	-7,0314859E-3	-1,6080217E-1	7,8124995E+1	-3,5878273E-1	0,0000000E+0	0,0000000E+0
4,5390709E+2	7,6234345E-1	7,8124995E+1	4,6907927E-1	2,4764800E-1	-6,1374161E-3	-1,6034582E-1	7,8124995E+1	-3,5885724E-1	0,0000000E+0	0,0000000E+0
4,5566255E+2	7,6581729E-1	7,8124995E+1	4,7103505E-1	2,4921262E-1	-5,3364787E-3	-1,5984290E-1	7,8124995E+1	-3,5868028E-1	0,0000000E+0	0,0000000E+0
4,5741867E+2	7,7017588E-1	7,8124995E+1	4,7296288E-1	2,5055373E-1	-4,4051560E-3	-1,5934930E-1	7,8124995E+1	-3,5877342E-1	0,0000000E+0	0,0000000E+0
4,5917377E+2	7,7161943E-1	7,8124995E+1	4,7486278E-1	2,5204384E-1	-3,6694112E-3	-1,5876257E-1	7,8124995E+1	-3,5856853E-1	0,0000000E+0	0,0000000E+0
4,6092846E+2	7,7277427E-1	7,8124995E+1	4,7672543E-1	2,5346877E-1	-2,8312208E-3	-1,5827828E-1	7,8124995E+1	-3,5846608E-1	0,0000000E+0	0,0000000E+0
4,6268545E+2	7,7124690E-1	7,8124995E+1	4,7863464E-1	2,5486575E-1	-2,0582230E-3	-1,5778468E-1	7,8124995E+1	-3,5827050E-1	0,0000000E+0	0,0000000E+0
4,6444039E+2	7,7188020E-1	7,8124995E+1	4,8039484E-1	2,5618823E-1	-1,2572856E-3	-1,5730971E-1	7,8124995E+1	-3,5834501E-1	0,0000000E+0	0,0000000E+0
4,6619539E+2	7,7585694E-1	7,8124995E+1	4,8231336E-1	2,5762247E-1	-5,5879358E-4	-1,5680679E-1	7,8124995E+1	-3,5814943E-1	0,0000000E+0	0,0000000E+0
4,6794938E+2	7,8178947E-1	7,8124995E+1	4,8413876E-1	2,5900082E-1	3,5390260E-4	-1,5623868E-1	7,8124995E+1	-3,5797248E-1	0,0000000E+0	0,0000000E+0
4,6970578E+2	7,8773131E-1	7,8124995E+1	4,8612247E-1	2,6029536E-1	1,1269004E-3	-1,5546569E-1	7,8124995E+1	-3,5789797E-1	0,0000000E+0	0,0000000E+0
4,7146069E+2	7,9115857E-1	7,8124995E+1	4,8775229E-1	2,6170166E-1	2,0023437E-3	-1,5513041E-1	7,8124995E+1	-3,5776759E-1	0,0000000E+0	0,0000000E+0
4,7321576E+2	7,9122377E-1	7,8124995E+1	4,8945661E-1	2,6302414E-1	2,6635827E-3	-1,5480445E-1	7,8124995E+1	-3,5761858E-1	0,0000000E+0	0,0000000E+0
4,7497034E+2	7,9272320E-1	7,8124995E+1	4,9111436E-1	2,6435593E-1	3,3993276E-3	-1,5451574E-1	7,8124995E+1	-3,5748819E-1	0,0000000E+0	0,0000000E+0
4,7672727E+2	7,9392460E-1	7,8124995E+1	4,9284662E-1	2,6584604E-1	4,2933973E-3	-1,5407802E-1	7,8124995E+1	-3,5730193E-1	0,0000000E+0	0,0000000E+0
4,7848213E+2	7,9588038E-1	7,8124995E+1	4,9453232E-1	2,6702882E-1	5,0477687E-3	-1,5362167E-1	7,8124995E+1	-3,5715292E-1	0,0000000E+0	0,0000000E+0
4,8023479E+2	7,9775234E-1	7,8124995E+1	4,9616213E-1	2,6836993E-1	5,9511516E-3	-1,5326777E-1	7,8124995E+1	-3,5712498E-1	0,0000000E+0	0,0000000E+0
4,8198905E+2	8,0090021E-1	7,8124995E+1	4,9804340E-1	2,6974829E-1	6,6775833E-3	-1,5284867E-1	7,8124995E+1	-3,5689215E-1	0,0000000E+0	0,0000000E+0
4,8374377E+2	8,0339615E-1	7,8124995E+1	4,9965459E-1	2,7108939E-1	7,5157736E-3	-1,5243889E-1	7,8124995E+1	-3,5666863E-1	0,0000000E+0	0,0000000E+0
4,8549854E+2	8,0489558E-1	7,8124995E+1	5,0146136E-1	2,7222560E-1	8,3446508E-3	-1,5208499E-1	7,8124995E+1	-3,5658481E-1	0,0000000E+0	0,0000000E+0
4,8725385E+2	8,0672098E-1	7,8124995E+1	5,0306323E-1	2,7361328E-1	9,1176485E-3	-1,5170314E-1	7,8124995E+1	-3,5640786E-1	0,0000000E+0	0,0000000E+0
4,8900837E+2	8,0876989E-1	7,8124995E+1	5,0488862E-1	2,7500095E-1	9,8813331E-3	-1,5133993E-1	7,8124995E+1	-3,5624953E-1	0,0000000E+0	0,0000000E+0
4,9076244E+2	8,1017618E-1	7,8124995E+1	5,0656500E-1	2,7615579E-1	1,0626391E-2	-1,5116298E-1	7,8124995E+1	-3,5619365E-1	0,0000000E+0	0,0000000E+0
4,9251711E+2	8,1257899E-1	7,8124995E+1	5,0824139E-1	2,7750620E-1	1,1138619E-2	-1,5075319E-1	7,8124995E+1	-3,5611915E-1	0,0000000E+0	0,0000000E+0
4,9427243E+2	8,1391079E-1	7,8124995E+1	5,1002021E-1	2,7884731E-1	1,2014062E-2	-1,5038067E-1	7,8124995E+1	-3,5603533E-1	0,0000000E+0	0,0000000E+0
4,9602776E+2	8,1561511E-1	7,8124995E+1	5,1161277E-1	2,8005803E-1	1,2749807E-2	-1,4990569E-1	7,8124995E+1	-3,5584906E-1	0,0000000E+0	0,0000000E+0
4,9778203E+2	8,1846495E-1	7,8124995E+1	5,1334503E-1	2,8137119E-1	1,3634563E-2	-1,4964492E-1	7,8124995E+1	-3,5583975E-1	0,0000000E+0	0,0000000E+0
4,9953680E+2	8,2029966E-1	7,8124995E+1	5,1491897E-1	2,8252603E-1	1,4323742E-2	-1,4937484E-1	7,8124995E+1	-3,5581181E-1	0,0000000E+0	0,0000000E+0
5,0129268E+2	8,2246033E-1	7,8124995E+1	5,1659535E-1	2,8380195E-1	1,5068800E-2	-1,4886261E-1	7,8124995E+1	-3,5561623E-1	0,0000000E+0	0,0000000E+0
5,0304857E+2	8,2409946E-1	7,8124995E+1	5,1820654E-1	2,8518962E-1	1,5832485E-2	-1,4847145E-1	7,8124995E+1	-3,5560692E-1	0,0000000E+0	0,0000000E+0
5,0480601E+2	8,2458374E-1	7,8124995E+1	5,1984567E-1	2,8646553E-1	1,6419218E-2	-1,4800579E-1	7,8124995E+1	-3,5559761E-1	0,0000000E+0	0,0000000E+0
5,0656182E+2	8,2548713E-1	7,8124995E+1	5,2140097E-1	2,8753655E-1	1,7192216E-2	-1,4759601E-1	7,8124995E+1	-3,5556035E-1	0,0000000E+0	0,0000000E+0
5,0831695E+2	8,2806689E-1	7,8124995E+1	5,2298422E-1	2,8898010E-1	1,7918647E-2	-1,4729799E-1	7,8124995E+1	-3,5550447E-1	0,0000000E+0	0,0000000E+0
5,1007119E+2	8,3023687E-1	7,8124995E+1	5,2454884E-1	2,9007906E-1	1,8663706E-2	-1,4691614E-1	7,8124995E+1	-3,5538340E-1	0,0000000E+0	0,0000000E+0
5,1182617E+2	8,3172699E-1	7,8124995E+1	5,2605759E-1	2,9125253E-1	1,9371511E-2	-1,4648774E-1	7,8124995E+1	-3,5540203E-1	0,0000000E+0	0,0000000E+0
5,1358127E+2	8,3388766E-1	7,8124995E+1	5,2766878E-1	2,9264951E-1	2,0135195E-2	-1,4598482E-1	7,8124995E+1	-3,5525302E-1	0,0000000E+0	0,0000000E+0
5,1533674E+2	8,3603901E-1	7,8124995E+1	5,2925202E-1	2,9361809E-1	2,0638109E-2	-1,4582650E-1	7,8124995E+1	-3,5509469E-1	0,0000000E+0	0,0000000E+0
5,1709186E+2	8,3905650E-1	7,8124995E+1	5,3080733E-1	2,9486606E-1	2,1494926E-2	-1,4552847E-1	7,8124995E+1	-3,5516920E-1	0,0000000E+0	0,0000000E+0
5,1884606E+2	8,4005301E-1	7,8124995E+1	5,3229745E-1	2,9598365E-1	2,2100286E-2	-1,4525839E-1	7,8124995E+1	-3,5498293E-1	0,0000000E+0	0,0000000E+0
5,2060190E+2	8,4036035E-1	7,8124995E+1	5,3369443E-1	2,9729681E-1	2,2780152E-2	-1,4477410E-1	7,8124995E+1	-3,5498293E-1	0,0000000E+0	0,0000000E+0
5,2235759E+2	8,4409495E-1	7,8124995E+1	5,3526837E-1	2,9843302E-1	2,3413451E-2	-1,4441089E-1	7,8124995E+1	-3,5486186E-1	0,0000000E+0	0,0000000E+0
5,2411140E+2	8,4608798E-1	7,8124995E+1	5,3689818E-1	2,9958786E-1	2,4214388E-2	-1,4407561E-1	7,8124995E+1	-3,5489911E-1	0,0000000E+0	0,0000000E+0
5,2586488E+2	8,4575271E-1	7,8124995E+1	5,3816478E-1	3,0074270E-1	2,4819748E-2	-1,4358201E-1	7,8124995E+1	-3,5482461E-1	0,0000000E+0	0,0000000E+0
5,2762186E+2	8,4532430E-1	7,8124995E+1	5,3961765E-1	3,0192548E-1	2,5415795E-2	-1,4306047E-1	7,8124995E+1	-3,5472216E-1	0,0000000E+0	0,0000000E+0
5,2937712E+2	8,4851874E-1	7,8124995E+1	5,4094012E-1	3,0291269E-1	2,5890769E-2	-1,4268794E-1	7,8124995E+1	-3,5475942E-1	0,0000000E+0	0,0000000E+0
5,3112864E+2	8,5286801E-1	7,8124995E+1	5,4234642E-1	3,0401165E-1	2,6579948E-2	-1,4225953E-1	7,8124995E+1	-3,5453590E-1	0,0000000E+0	0,0000000E+0
5,3288274E+2	8,5791578E-1	7,8124995E+1	5,4374340E-1	3,0501747E-1	2,7418138E-2	-1,4178456E-1	7,8124995E+1	-3,5426582E-1	0,0000000E+0	0,0000000E+0
5,3463780E+2	8,6238613E-1	7,8124995E+1	5,4520558E-1	3,0606056E-1	2,7995558E-2	-1,4139340E-1	7,8124995E+1	-3,5410749E-1	0,0000000E+0	0,0000000E+0
5,3639272E+2	8,6561782E-1	7,8124995E+1	5,4651875E-1	3,0720608E-1	2,8731303E-2	-1,4082529E-1	7,8124995E+1	-3,5373496E-1	0,0000000E+0	0,0000000E+0
5,3814617E+2	8,6816964E-1	7,8124995E+1	5,4784122E-1	3,0806290E-1	2,9392542E-2	-1,4023856E-1	7,8124995E+1	-3,5349282E-1	0,0000000E+0	0,0000000E+0
5,3990116E+2	8,6445367E-1	7,8124995E+1	5,4921958E-1	3,0921774E-1	3,0091034E-2	-1,3962389E-1	7,8124995E+1	-3,5319479E-1	0,0000000E+0	0,0000000E+0
5,4165485E+2	8,6556194E-1	7,8124995E+1	5,5051412E-1	3,1023288E-1	3,0659141E-2	-1,3874845E-1	7,8124995E+1	-3,5299922E-1	0,0000000E+0	0,0000000E+0
5,4340855E+2	8,7024649E-1	7,8124995E+1	5,5158514E-1	3,1136909E-1	3,1348320E-2	-1,3822690E-1	7,8124995E+1	-3,5291540E-1	0,0000000E+0	0,0000000E+0
5,4516377E+2	8,6992053E-1	7,8124995E+1	5,5301006E-1	3,1244943E-1	3,1981619E-2	-1,3794751E-1	7,8124995E+1	-3,5256149E-1	0,0000000E+0	0,0000000E+0
5,4691874E+2	8,7177386E-1	7,8124995E+1	5,5422078E-1	3,1357633E-1	3,2698738E-2	-1,3765880E-1	7,8124995E+1	-3,5233798E-1	0,0000000E+0	0,0000000E+0
5,4867395E+2	8,7480066E-1	7,8124995E+1	5,5580403E-1	3,1449834E-1	3,3313410E-2	-1,3716520E-1	7,8124995E+1	-3,5209583E-1	0,0000000E+0	0,0000000E+0
5,5043001E+2	8,7628146E-1	7,8124995E+1	5,5706132E-1	3,1563455E-1	3,4077095E-2	-1,3676473E-1	7,8124995E+1	-3,5182575E-1	0,0000000E+0	0,0000000E+0
5,5218642E+2	8,7885191E-1	7,8124995E+1	5,5855143E-1	3,1665901E-1	3,4878032E-2	-1,3638289E-1	7,8124995E+1	-3,5155567E-1	0,0000000E+0	0,0000000E+0
5,5394028E+2	8,8257720E-1	7,8124995E+1	5,5987391E-1	3,1770209E-1	3,5390260E-2	-1,3590791E-1	7,8124995E+1	-3,5125764E-1	0,0000000E+0	0,0000000E+0
5,5569606E+2	8,8447710E-1	7,8124995E+1	5,6112188E-1	3,1861478E-1	3,6153945E-2	-1,3547950E-1	7,8124995E+1	-3,5089443E-1	0,0000000E+0	0,0000000E+0
5,5745070E+2	8,8363891E-1	7,8124995E+1	5,6097287E-1	3,1963924E-1	3,6731365E-2	-1,3504178E-1	7,8124995E+1	-3,5046602E-1	0,0000000E+0	0,0000000E+0
5,5920484E+2	8,7927101E-1	7,8124995E+1	5,6121502E-1	3,2062644E-1	3,7262218E-2	-1,3473444E-1	7,8124995E+1	-3,5028907E-1	0,0000000E+0	0,0000000E+0
5,6096054E+2	8,7983912E-1	7,8124995E+1	5,6200664E-1	3,2141807E-1	3,8081782E-2	-1,3435260E-1	7,8124995E+1	-3,5007486E-1	0,0000000E+0	0,0000000E+0
5,6271746E+2	8,8009989E-1	7,8124995E+1	5,6306835E-1	3,2223763E-1	3,8780274E-2	-1,3408252E-1	7,8124995E+1	-3,4991654E-1	0,0000000E+0	0,0000000E+0
5,6447210E+2	8,8070525E-1	7,8124995E+1	5,6425113E-1	3,2296406E-1	3,9320441E-2	-1,3370999E-1	7,8124995E+1	-3,4984203E-1	0,0000000E+0	0,0000000E+0
5,6622588E+2	8,8236300E-1	7,8124995E+1	5,6557361E-1	3,2369049E-1	3,9953741E-2	-1,3332815E-1	7,8124995E+1	-3,4961852E-1	0,0000000E+0	0,0000000E+0
5,6798218E+2	8,8398350E-1	7,8124995E+1	5,6707304E-1	3,2497572E-1	4,0708112E-2	-1,3293699E-1	7,8124995E+1	-3,4947882E-1	0,0000000E+0	0,0000000E+0
5,6973704E+2	8,8503590E-1	7,8124995E+1	5,6859109E-1	3,2586048E-1	4,1387978E-2	-1,3255515E-1	7,8124995E+1	-3,4943225E-1	0,0000000E+0	0,0000000E+0
5,7149268E+2	8,8436534E-1	7,8124995E+1	5,6991357E-1	3,2692218E-1	4,2002651E-2	-1,3230369E-1	7,8124995E+1	-3,4936706E-1	0,0000000E+0	0,0000000E+0
5,7324654E+2	8,8627455E-1	7,8124995E+1	5,7122674E-1	3,2793732E-1	4,2580071E-2	-1,3173559E-1	7,8124995E+1	-3,4928324E-1	0,0000000E+0	0,0000000E+0
5,7500206E+2	8,9048413E-1	7,8124995E+1	5,7278204E-1	3,2887796E-1	4,3082985E-2	-1,3127924E-1	7,8124995E+1	-3,4921805E-1	0,0000000E+0	0,0000000E+0
5,7675651E+2	8,9285901E-1	7,8124995E+1	5,7415109E-1	3,2980928E-1	4,3818730E-2	-1,3091602E-1	7,8124995E+1	-3,4906903E-1	0,0000000E+0	0,0000000E+0
5,7851047E+2	8,9468440E-1	7,8124995E+1	5,7552945E-1	3,3081511E-1	4,4507908E-2	-1,3056212E-1	7,8124995E+1	-3,4891071E-1	0,0000000E+0	0,0000000E+0
5,8026618E+2	8,9886604E-1	7,8124995E+1	5,7691712E-1	3,3188613E-1	4,4992196E-2	-1,3009646E-1	7,8124995E+1	-3,4877101E-1	0,0000000E+0	0,0000000E+0
5,8202107E+2	9,0132473E-1	7,8124995E+1	5,7834204E-1	3,3276158E-1	4,5550990E-2	-1,2968668E-1	7,8124995E+1	-3,4862200E-1	0,0000000E+0	0,0000000E+0
5,8377544E+2	9,0242369E-1	7,8124995E+1	5,7959001E-1	3,3381397E-1	4,6044591E-2	-1,2916514E-1	7,8124995E+1	-3,4837054E-1	0,0000000E+0	0,0000000E+0
5,8552942E+2	9,0279622E-1	7,8124995E+1	5,8086592E-1	3,3467079E-1	4,6743083E-2	-1,2881123E-1	7,8124995E+1	-3,4819359E-1	0,0000000E+0	0,0000000E+0
5,8728556E+2	9,0127816E-1	7,8124995E+1	5,8208596E-1	3,3577906E-1	4,7245997E-2	-1,2858772E-1	7,8124995E+1	-3,4819359E-1	0,0000000E+0	0,0000000E+0
5,8904079E+2	8,9955522E-1	7,8124995E+1	5,8322217E-1	3,3673832E-1	4,7860670E-2	-1,2807549E-1	7,8124995E+1	-3,4784900E-1	0,0000000E+0	0,0000000E+0
5,9079411E+2	9,0034684E-1	7,8124995E+1	5,8441426E-1	3,3769759E-1	4,8587102E-2	-1,2774953E-1	7,8124995E+1	-3,4768136E-1	0,0000000E+0	0,0000000E+0
5,9254989E+2	9,0151099E-1	7,8124995E+1	5,8553185E-1	3,3872204E-1	4,9108642E-2	-1,2734906E-1	7,8124995E+1	-3,4763480E-1	0,0000000E+0	0,0000000E+0
5,9430642E+2	9,0065418E-1	7,8124995E+1	5,8677982E-1	3,3980237E-1	4,9527737E-2	-1,2699515E-1	7,8124995E+1	-3,4754167E-1	0,0000000E+0	0,0000000E+0
5,9605976E+2	9,0206979E-1	7,8124995E+1	5,8794398E-1	3,4091065E-1	5,0039965E-2	-1,2657606E-1	7,8124995E+1	-3,4736471E-1	0,0000000E+0	0,0000000E+0
5,9781574E+2	9,0186490E-1	7,8124995E+1	5,8905225E-1	3,4176747E-1	5,0626698E-2	-1,2652018E-1	7,8124995E+1	-3,4728090E-1	0,0000000E+0	0,0000000E+0
5,9957178E+2	9,0419320E-1	7,8124995E+1	5,9025366E-1	3,4271741E-1	5,1287937E-2	-1,2616628E-1	7,8124995E+1	-3,4716914E-1	0,0000000E+0	0,0000000E+0
6,0132730E+2	9,0575782E-1	7,8124995E+1	5,9149232E-1	3,4361148E-1	5,1800165E-2	-1,2600795E-1	7,8124995E+1	-3,4705738E-1	0,0000000E+0	0,0000000E+0
6,0308427E+2	9,0758322E-1	7,8124995E+1	5,9271235E-1	3,4452418E-1	5,2414838E-2	-1,2562611E-1	7,8124995E+1	-3,4700150E-1	0,0000000E+0	0,0000000E+0
6,0484019E+2	9,1017229E-1	7,8124995E+1	5,9393238E-1	3,4560451E-1	5,2917752E-2	-1,2537465E-1	7,8124995E+1	-3,4695493E-1	0,0000000E+0	0,0000000E+0
6,0659827E+2	9,1161584E-1	7,8124995E+1	5,9505928E-1	3,4647064E-1	5,3439293E-2	-1,2517907E-1	7,8124995E+1	-3,4688974E-1	0,0000000E+0	0,0000000E+0
6,0835365E+2	9,1070315E-1	7,8124995E+1	5,9599992E-1	3,4720639E-1	5,4137784E-2	-1,2503938E-1	7,8124995E+1	-3,4681523E-1	0,0000000E+0	0,0000000E+0
6,1010893E+2	9,0204185E-1	7,8124995E+1	5,9629794E-1	3,4797939E-1	5,4417181E-2	-1,2402423E-1	7,8124995E+1	-3,4685249E-1	0,0000000E+0	0,0000000E+0
6,1186542E+2	9,0979045E-1	7,8124995E+1	5,9684742E-1	3,4861269E-1	5,4780397E-2	-1,2359583E-1	7,8124995E+1	-3,4676867E-1	0,0000000E+0	0,0000000E+0
6,1362247E+2	9,1169035E-1	7,8124995E+1	5,9779737E-1	3,4937637E-1	5,5171553E-2	-1,2335368E-1	7,8124995E+1	-3,4645202E-1	0,0000000E+0	0,0000000E+0
6,1537994E+2	9,2133885E-1	7,8124995E+1	5,9904534E-1	3,4974890E-1	5,5665154E-2	-1,2288802E-1	7,8124995E+1	-3,4601430E-1	0,0000000E+0	0,0000000E+0
6,1713480E+2	9,2685228E-1	7,8124995E+1	6,0017224E-1	3,5041014E-1	5,6009743E-2	-1,2249687E-1	7,8124995E+1	-3,4575353E-1	0,0000000E+0	0,0000000E+0
6,1888972E+2	9,3035405E-1	7,8124995E+1	6,0132708E-1	3,5099687E-1	5,6689608E-2	-1,2228266E-1	7,8124995E+1	-3,4559520E-1	0,0000000E+0	0,0000000E+0
6,2064443E+2	9,2585577E-1	7,8124995E+1	6,0224909E-1	3,5176987E-1	5,7099390E-2	-1,2215228E-1	7,8124995E+1	-3,4551138E-1	0,0000000E+0	0,0000000E+0
6,2240067E+2	9,2478475E-1	7,8124995E+1	6,0322698E-1	3,5242180E-1	5,7509172E-2	-1,2180769E-1	7,8124995E+1	-3,4518542E-1	0,0000000E+0	0,0000000E+0
6,2415433E+2	9,2577195E-1	7,8124995E+1	6,0419556E-1	3,5312960E-1	5,7918954E-2	-1,2145378E-1	7,8124995E+1	-3,4503641E-1	0,0000000E+0	0,0000000E+0
6,2590843E+2	9,2705717E-1	7,8124995E+1	6,0528520E-1	3,5397711E-1	5,8431182E-2	-1,2117439E-1	7,8124995E+1	-3,4506435E-1	0,0000000E+0	0,0000000E+0
6,2766370E+2	9,2600478E-1	7,8124995E+1	6,0638416E-1	3,5486186E-1	5,8840964E-2	-1,2086705E-1	7,8124995E+1	-3,4502709E-1	0,0000000E+0	0,0000000E+0
6,2941916E+2	9,2649838E-1	7,8124995E+1	6,0731549E-1	3,5572799E-1	5,9278685E-2	-1,2065285E-1	7,8124995E+1	-3,4495259E-1	0,0000000E+0	0,0000000E+0
6,3117445E+2	9,2715030E-1	7,8124995E+1	6,0828406E-1	3,5658481E-1	5,9790913E-2	-1,2043864E-1	7,8124995E+1	-3,4488740E-1	0,0000000E+0	0,0000000E+0
6,3292973E+2	9,3093147E-1	7,8124995E+1	6,0953203E-1	3,5746957E-1	6,0312454E-2	-1,2032688E-1	7,8124995E+1	-3,4485014E-1	0,0000000E+0	0,0000000E+0
6,3468699E+2	9,3407935E-1	7,8124995E+1	6,1067756E-1	3,5835432E-1	6,0880560E-2	-1,1985191E-1	7,8124995E+1	-3,4471976E-1	0,0000000E+0	0,0000000E+0
6,3644128E+2	9,3529938E-1	7,8124995E+1	6,1184172E-1	3,5912732E-1	6,1457980E-2	-1,1945144E-1	7,8124995E+1	-3,4463594E-1	0,0000000E+0	0,0000000E+0
6,3819853E+2	9,3468470E-1	7,8124995E+1	6,1284754E-1	3,6002139E-1	6,1923642E-2	-1,1958183E-1	7,8124995E+1	-3,4458937E-1	0,0000000E+0	0,0000000E+0
6,3995478E+2	9,3398621E-1	7,8124995E+1	6,1386269E-1	3,6085958E-1	6,2445182E-2	-1,1921861E-1	7,8124995E+1	-3,4457075E-1	0,0000000E+0	0,0000000E+0
6,4171066E+2	9,3355780E-1	7,8124995E+1	6,1487783E-1	3,6175365E-1	6,3013289E-2	-1,1896715E-1	7,8124995E+1	-3,4462663E-1	0,0000000E+0	0,0000000E+0
6,4346748E+2	9,3479646E-1	7,8124995E+1	6,1589297E-1	3,6254527E-1	6,3488264E-2	-1,1849218E-1	7,8124995E+1	-3,4457075E-1	0,0000000E+0	0,0000000E+0
6,4522204E+2	9,3542976E-1	7,8124995E+1	6,1689880E-1	3,6341140E-1	6,3842166E-2	-1,1814759E-1	7,8124995E+1	-3,4457075E-1	0,0000000E+0	0,0000000E+0
6,4697655E+2	9,3464745E-1	7,8124995E+1	6,1800707E-1	3,6418440E-1	6,4484779E-2	-1,1776575E-1	7,8124995E+1	-3,4454281E-1	0,0000000E+0	0,0000000E+0
6,4873270E+2	9,3727378E-1	7,8124995E+1	6,1898496E-1	3,6485495E-1	6,4987693E-2	-1,1743978E-1	7,8124995E+1	-3,4471045E-1	0,0000000E+0	0,0000000E+0
6,5048709E+2	9,3975110E-1	7,8124995E+1	6,2001873E-1	3,6573040E-1	6,5369535E-2	-1,1713245E-1	7,8124995E+1	-3,4461731E-1	0,0000000E+0	0,0000000E+0
6,5224115E+2	9,4169756E-1	7,8124995E+1	6,2095005E-1	3,6651271E-1	6,6040088E-2	-1,1695550E-1	7,8124995E+1	-3,4466388E-1	0,0000000E+0	0,0000000E+0
6,5399474E+2	9,4328081E-1	7,8124995E+1	6,2199313E-1	3,6731365E-1	6,6580255E-2	-1,1675060E-1	7,8124995E+1	-3,4459869E-1	0,0000000E+0	0,0000000E+0
6,5575005E+2	9,4523659E-1	7,8124995E+1	6,2298965E-1	3,6795626E-1	6,6971410E-2	-1,1671335E-1	7,8124995E+1	-3,4454281E-1	0,0000000E+0	0,0000000E+0
6,5750578E+2	9,4825408E-1	7,8124995E+1	6,2398616E-1	3,6881307E-1	6,7623336E-2	-1,1661091E-1	7,8124995E+1	-3,4462663E-1	0,0000000E+0	0,0000000E+0
6,5926003E+2	9,5020985E-1	7,8124995E+1	6,2508512E-1	3,6956745E-1	6,8061058E-2	-1,1640602E-1	7,8124995E+1	-3,4452418E-1	0,0000000E+0	0,0000000E+0
6,6101398E+2	9,5152302E-1	7,8124995E+1	6,2618408E-1	3,7030319E-1	6,8526719E-2	-1,1601486E-1	7,8124995E+1	-3,4447761E-1	0,0000000E+0	0,0000000E+0
6,6276804E+2	9,5227739E-1	7,8124995E+1	6,2725510E-1	3,7113207E-1	6,9020320E-2	-1,1568890E-1	7,8124995E+1	-3,4452418E-1	0,0000000E+0	0,0000000E+0
6,6452239E+2	9,5399102E-1	7,8124995E+1	6,2818643E-1	3,7182125E-1	6,9541861E-2	-1,1536293E-1	7,8124995E+1	-3,4457075E-1	0,0000000E+0	0,0000000E+0
6,6627790E+2	9,5557427E-1	7,8124995E+1	6,2927607E-1	3,7263150E-1	7,0119281E-2	-1,1499041E-1	7,8124995E+1	-3,4445899E-1	0,0000000E+0	0,0000000E+0
6,6803220E+2	9,5980248E-1	7,8124995E+1	6,3038435E-1	3,7326480E-1	7,0631508E-2	-1,1477620E-1	7,8124995E+1	-3,4441242E-1	0,0000000E+0	0,0000000E+0
6,6978661E+2	9,6380716E-1	7,8124995E+1	6,3146468E-1	3,7419612E-1	7,0994724E-2	-1,1429191E-1	7,8124995E+1	-3,4442174E-1	0,0000000E+0	0,0000000E+0
6,7154188E+2	9,6451497E-1	7,8124995E+1	6,3240532E-1	3,7499706E-1	7,1534891E-2	-1,1395664E-1	7,8124995E+1	-3,4434723E-1	0,0000000E+0	0,0000000E+0
6,7329840E+2	9,6063135E-1	7,8124995E+1	6,3321557E-1	3,7562104E-1	7,1981926E-2	-1,1353754E-1	7,8124995E+1	-3,4428204E-1	0,0000000E+0	0,0000000E+0
6,7505356E+2	9,6216804E-1	7,8124995E+1	6,3422140E-1	3,7647786E-1	7,2475527E-2	-1,1336059E-1	7,8124995E+1	-3,4413303E-1	0,0000000E+0	0,0000000E+0
6,7680971E+2	9,6688053E-1	7,8124995E+1	6,3505959E-1	3,7714841E-1	7,2820116E-2	-1,1316501E-1	7,8124995E+1	-3,4403989E-1	0,0000000E+0	0,0000000E+0
6,7856432E+2	9,6990733E-1	7,8124995E+1	6,3581396E-1	3,7786553E-1	7,3229898E-2	-1,1299737E-1	7,8124995E+1	-3,4390019E-1	0,0000000E+0	0,0000000E+0
6,8031961E+2	9,6883631E-1	7,8124995E+1	6,3668940E-1	3,7856402E-1	7,3742126E-2	-1,1272729E-1	7,8124995E+1	-3,4388157E-1	0,0000000E+0	0,0000000E+0
6,8207560E+2	9,6980488E-1	7,8124995E+1	6,3775111E-1	3,7933702E-1	7,4300919E-2	-1,1249446E-1	7,8124995E+1	-3,4371393E-1	0,0000000E+0	0,0000000E+0
6,8383103E+2	9,7008428E-1	7,8124995E+1	6,3863587E-1	3,8012864E-1	7,4626882E-2	-1,1210330E-1	7,8124995E+1	-3,4349973E-1	0,0000000E+0	0,0000000E+0
6,8558690E+2	9,7370712E-1	7,8124995E+1	6,3957650E-1	3,8073400E-1	7,5157736E-2	-1,1182391E-1	7,8124995E+1	-3,4326690E-1	0,0000000E+0	0,0000000E+0
6,8734298E+2	9,7386545E-1	7,8124995E+1	6,4061958E-1	3,8140456E-1	7,5669964E-2	-1,1147932E-1	7,8124995E+1	-3,4315514E-1	0,0000000E+0	0,0000000E+0
6,8909677E+2	9,7285962E-1	7,8124995E+1	6,4154159E-1	3,8227069E-1	7,6079746E-2	-1,1121855E-1	7,8124995E+1	-3,4293162E-1	0,0000000E+0	0,0000000E+0
6,9085005E+2	9,7272923E-1	7,8124995E+1	6,4245429E-1	3,8294124E-1	7,6685105E-2	-1,1092984E-1	7,8124995E+1	-3,4289437E-1	0,0000000E+0	0,0000000E+0
6,9260615E+2	9,7284099E-1	7,8124995E+1	6,4333905E-1	3,8356523E-1	7,6927249E-2	-1,1076220E-1	7,8124995E+1	-3,4274535E-1	0,0000000E+0	0,0000000E+0
6,9436067E+2	9,7403309E-1	7,8124995E+1	6,4422380E-1	3,8440342E-1	7,7504669E-2	-1,1033379E-1	7,8124995E+1	-3,4259634E-1	0,0000000E+0	0,0000000E+0
6,9611663E+2	9,7561633E-1	7,8124995E+1	6,4510856E-1	3,8520435E-1	7,7849259E-2	-1,1016615E-1	7,8124995E+1	-3,4266154E-1	0,0000000E+0	0,0000000E+0
6,9787208E+2	9,7714370E-1	7,8124995E+1	6,4619821E-1	3,8597735E-1	7,8417365E-2	-1,0984950E-1	7,8124995E+1	-3,4254046E-1	0,0000000E+0	0,0000000E+0
6,9962803E+2	9,7751623E-1	7,8124995E+1	6,4711090E-1	3,8669447E-1	7,8668823E-2	-1,0961667E-1	7,8124995E+1	-3,4252184E-1	0,0000000E+0	0,0000000E+0
7,0138208E+2	9,7924849E-1	7,8124995E+1	6,4802360E-1	3,8736502E-1	7,9143797E-2	-1,0930934E-1	7,8124995E+1	-3,4234489E-1	0,0000000E+0	0,0000000E+0
7,0313682E+2	9,7967690E-1	7,8124995E+1	6,4890836E-1	3,8809145E-1	7,9432507E-2	-1,0908582E-1	7,8124995E+1	-3,4233557E-1	0,0000000E+0	0,0000000E+0
7,0489270E+2	9,7870833E-1	7,8124995E+1	6,4971861E-1	3,8882720E-1	7,9981987E-2	-1,0875986E-1	7,8124995E+1	-3,4232626E-1	0,0000000E+0	0,0000000E+0
7,0664752E+2	9,8070136E-1	7,8124995E+1	6,5077100E-1	3,8954432E-1	8,0484902E-2	-1,0862016E-1	7,8124995E+1	-3,4205618E-1	0,0000000E+0	0,0000000E+0
7,0840123E+2	9,8398892E-1	7,8124995E+1	6,5162782E-1	3,9024281E-1	8,0661853E-2	-1,0834076E-1	7,8124995E+1	-3,4196304E-1	0,0000000E+0	0,0000000E+0
7,1015579E+2	9,8230323E-1	7,8124995E+1	6,5243807E-1	3,9078298E-1	8,1220647E-2	-1,0811724E-1	7,8124995E+1	-3,4173021E-1	0,0000000E+0	0,0000000E+0
7,1191041E+2	9,8135328E-1	7,8124995E+1	6,5318313E-1	3,9167705E-1	8,1593176E-2	-1,0804274E-1	7,8124995E+1	-3,4162777E-1	0,0000000E+0	0,0000000E+0
7,1366478E+2	9,8143710E-1	7,8124995E+1	6,5384437E-1	3,9222653E-1	8,1947078E-2	-1,0800549E-1	7,8124995E+1	-3,4162777E-1	0,0000000E+0	0,0000000E+0
7,1542008E+2	9,8083174E-1	7,8124995E+1	6,5456148E-1	3,9298090E-1	8,2226475E-2	-1,0770746E-1	7,8124995E+1	-3,4160914E-1	0,0000000E+0	0,0000000E+0
7,1717565E+2	9,8152092E-1	7,8124995E+1	6,5531586E-1	3,9346518E-1	8,2841148E-2	-1,0744669E-1	7,8124995E+1	-3,4150670E-1	0,0000000E+0	0,0000000E+0
7,1892980E+2	9,8230323E-1	7,8124995E+1	6,5620993E-1	3,9417299E-1	8,3046039E-2	-1,0726974E-1	7,8124995E+1	-3,4146944E-1	0,0000000E+0	0,0000000E+0
7,2068499E+2	9,8209834E-1	7,8124995E+1	6,5689910E-1	3,9486217E-1	8,3446508E-2	-1,0712073E-1	7,8124995E+1	-3,4162777E-1	0,0000000E+0	0,0000000E+0
7,2244077E+2	9,8382129E-1	7,8124995E+1	6,5762554E-1	3,9549547E-1	8,3930795E-2	-1,0699034E-1	7,8124995E+1	-3,4160914E-1	0,0000000E+0	0,0000000E+0
7,2419760E+2	9,8545110E-1	7,8124995E+1	6,5824021E-1	3,9608220E-1	8,4172939E-2	-1,0684133E-1	7,8124995E+1	-3,4164639E-1	0,0000000E+0	0,0000000E+0
7,2595072E+2	9,8609371E-1	7,8124995E+1	6,5888282E-1	3,9668756E-1	8,4619974E-2	-1,0674820E-1	7,8124995E+1	-3,4173953E-1	0,0000000E+0	0,0000000E+0
7,2770485E+2	9,8610303E-1	7,8124995E+1	6,5949749E-1	3,9717185E-1	8,4955250E-2	-1,0652468E-1	7,8124995E+1	-3,4177678E-1	0,0000000E+0	0,0000000E+0
7,2946190E+2	9,8600989E-1	7,8124995E+1	6,6020530E-1	3,9774927E-1	8,5160141E-2	-1,0654331E-1	7,8124995E+1	-3,4180472E-1	0,0000000E+0	0,0000000E+0
7,3121592E+2	9,8675495E-1	7,8124995E+1	6,6089448E-1	3,9831738E-1	8,5644429E-2	-1,0627323E-1	7,8124995E+1	-3,4176747E-1	0,0000000E+0	0,0000000E+0
7,3297124E+2	9,8774216E-1	7,8124995E+1	6,6167679E-1	3,9895068E-1	8,5933139E-2	-1,0621735E-1	7,8124995E+1	-3,4182334E-1	0,0000000E+0	0,0000000E+0
7,3472684E+2	9,8859897E-1	7,8124995E+1	6,6230078E-1	3,9943496E-1	8,6324295E-2	-1,0608696E-1	7,8124995E+1	-3,4190716E-1	0,0000000E+0	0,0000000E+0
7,3648198E+2	9,8975381E-1	7,8124995E+1	6,6293407E-1	4,0003101E-1	8,6585065E-2	-1,0585413E-1	7,8124995E+1	-3,4188854E-1	0,0000000E+0	0,0000000E+0
7,3823771E+2	9,9230564E-1	7,8124995E+1	6,6362325E-1	4,0047804E-1	8,6883088E-2	-1,0573306E-1	7,8124995E+1	-3,4184197E-1	0,0000000E+0	0,0000000E+0
7,3999233E+2	9,9206349E-1	7,8124995E+1	6,6425655E-1	4,0109272E-1	8,7236991E-2	-1,0554679E-1	7,8124995E+1	-3,4198167E-1	0,0000000E+0	0,0000000E+0
7,4174751E+2	9,9346048E-1	7,8124995E+1	6,6482466E-1	4,0156769E-1	8,7618833E-2	-1,0536984E-1	7,8124995E+1	-3,4197236E-1	0,0000000E+0	0,0000000E+0
7,4350370E+2	9,9390751E-1	7,8124995E+1	6,6555109E-1	4,0210786E-1	8,7907543E-2	-1,0525808E-1	7,8124995E+1	-3,4200030E-1	0,0000000E+0	0,0000000E+0
7,4525818E+2	9,9481089E-1	7,8124995E+1	6,6622164E-1	4,0257352E-1	8,8317325E-2	-1,0508113E-1	7,8124995E+1	-3,4206549E-1	0,0000000E+0	0,0000000E+0
7,4701180E+2	9,9564908E-1	7,8124995E+1	6,6680838E-1	4,0311369E-1	8,8503590E-2	-1,0503457E-1	7,8124995E+1	-3,4202824E-1	0,0000000E+0	0,0000000E+0
7,4876716E+2	9,9604955E-1	7,8124995E+1	6,6758137E-1	4,0348622E-1	8,8931998E-2	-1,0484830E-1	7,8124995E+1	-3,4211205E-1	0,0000000E+0	0,0000000E+0
7,5052237E+2	9,9119736E-1	7,8124995E+1	6,6788871E-1	4,0417540E-1	8,9081010E-2	-1,0471792E-1	7,8124995E+1	-3,4217725E-1	0,0000000E+0	0,0000000E+0
7,5227717E+2	9,7926712E-1	7,8124995E+1	6,6577461E-1	4,0454792E-1	8,9351093E-2	-1,0425226E-1	7,8124995E+1	-3,4226107E-1	0,0000000E+0	0,0000000E+0
7,5403206E+2	9,9110423E-1	7,8124995E+1	6,6591431E-1	4,0464106E-1	8,9462852E-2	-1,0333956E-1	7,8124995E+1	-3,4211205E-1	0,0000000E+0	0,0000000E+0
7,5578704E+2	1,0011998E+0	7,8124995E+1	6,6691082E-1	4,0494839E-1	8,9639803E-2	-1,0319986E-1	7,8124995E+1	-3,4200030E-1	0,0000000E+0	0,0000000E+0
7,5754399E+2	1,0057446E+0	7,8124995E+1	6,6788871E-1	4,0516260E-1	8,9863321E-2	-1,0313467E-1	7,8124995E+1	-3,4178609E-1	0,0000000E+0	0,0000000E+0
7,5929777E+2	1,0077190E+0	7,8124995E+1	6,6883866E-1	4,0545131E-1	9,0068212E-2	-1,0298566E-1	7,8124995E+1	-3,4155326E-1	0,0000000E+0	0,0000000E+0
7,6105195E+2	1,0063220E+0	7,8124995E+1	6,6969548E-1	4,0584246E-1	9,0254476E-2	-1,0288321E-1	7,8124995E+1	-3,4132974E-1	0,0000000E+0	0,0000000E+0
7,6280826E+2	1,0068808E+0	7,8124995E+1	6,7056161E-1	4,0623362E-1	9,0571126E-2	-1,0287390E-1	7,8124995E+1	-3,4122730E-1	0,0000000E+0	0,0000000E+0
7,6456521E+2	1,0085200E+0	7,8124995E+1	6,7127873E-1	4,0657821E-1	9,0720137E-2	-1,0267832E-1	7,8124995E+1	-3,4096653E-1	0,0000000E+0	0,0000000E+0
7,6632210E+2	1,0094047E+0	7,8124995E+1	6,7215417E-1	4,0711837E-1	9,1148546E-2	-1,0252000E-1	7,8124995E+1	-3,4090134E-1	0,0000000E+0	0,0000000E+0
7,6807573E+2	1,0107179E+0	7,8124995E+1	6,7291785E-1	4,0766785E-1	9,1306871E-2	-1,0250137E-1	7,8124995E+1	-3,4087340E-1	0,0000000E+0	0,0000000E+0
7,6983258E+2	1,0107738E+0	7,8124995E+1	6,7361635E-1	4,0810558E-1	9,1614207E-2	-1,0235236E-1	7,8124995E+1	-3,4065919E-1	0,0000000E+0	0,0000000E+0
7,7158715E+2	1,0111370E+0	7,8124995E+1	6,7437072E-1	4,0861780E-1	9,1902917E-2	-1,0211953E-1	7,8124995E+1	-3,4084546E-1	0,0000000E+0	0,0000000E+0
7,7334078E+2	1,0120962E+0	7,8124995E+1	6,7503196E-1	4,0918591E-1	9,2135748E-2	-1,0205433E-1	7,8124995E+1	-3,4073370E-1	0,0000000E+0	0,0000000E+0
7,7509582E+2	1,0134467E+0	7,8124995E+1	6,7582358E-1	4,0957707E-1	9,2498964E-2	-1,0182150E-1	7,8124995E+1	-3,4063125E-1	0,0000000E+0	0,0000000E+0
7,7685092E+2	1,0138471E+0	7,8124995E+1	6,7669902E-1	4,1010792E-1	9,2703855E-2	-1,0173768E-1	7,8124995E+1	-3,4057537E-1	0,0000000E+0	0,0000000E+0
7,7860583E+2	1,0149275E+0	7,8124995E+1	6,7756515E-1	4,1074122E-1	9,3029818E-2	-1,0177494E-1	7,8124995E+1	-3,4067782E-1	0,0000000E+0	0,0000000E+0
7,8036369E+2	1,0164083E+0	7,8124995E+1	6,7827296E-1	4,1112306E-1	9,3411660E-2	-1,0180288E-1	7,8124995E+1	-3,4072438E-1	0,0000000E+0	0,0000000E+0
7,8211990E+2	1,0174700E+0	7,8124995E+1	6,7915771E-1	4,1180293E-1	9,3644490E-2	-1,0172837E-1	7,8124995E+1	-3,4074301E-1	0,0000000E+0	0,0000000E+0
7,8387418E+2	1,0173489E+0	7,8124995E+1	6,7997728E-1	4,1253867E-1	9,3895948E-2	-1,0168180E-1	7,8124995E+1	-3,4078026E-1	0,0000000E+0	0,0000000E+0
7,8562828E+2	1,0174979E+0	7,8124995E+1	6,8075028E-1	4,1301365E-1	9,4231224E-2	-1,0155142E-1	7,8124995E+1	-3,4083614E-1	0,0000000E+0	0,0000000E+0
7,8738210E+2	1,0187366E+0	7,8124995E+1	6,8148602E-1	4,1356313E-1	9,4575813E-2	-1,0136516E-1	7,8124995E+1	-3,4089202E-1	0,0000000E+0	0,0000000E+0
7,8913627E+2	1,0198262E+0	7,8124995E+1	6,8223108E-1	4,1415917E-1	9,4790017E-2	-1,0110438E-1	7,8124995E+1	-3,4085477E-1	0,0000000E+0	0,0000000E+0
7,9089218E+2	1,0202360E+0	7,8124995E+1	6,8295751E-1	4,1469934E-1	9,5125293E-2	-1,0085293E-1	7,8124995E+1	-3,4083614E-1	0,0000000E+0	0,0000000E+0
7,9264632E+2	1,0210928E+0	7,8124995E+1	6,8366532E-1	4,1530470E-1	9,5488509E-2	-1,0060147E-1	7,8124995E+1	-3,4087340E-1	0,0000000E+0	0,0000000E+0
7,9440237E+2	1,0220707E+0	7,8124995E+1	6,8435450E-1	4,1586349E-1	9,5749280E-2	-1,0038727E-1	7,8124995E+1	-3,4075232E-1	0,0000000E+0	0,0000000E+0
7,9615761E+2	1,0232069E+0	7,8124995E+1	6,8500642E-1	4,1624534E-1	9,6112495E-2	-1,0055490E-1	7,8124995E+1	-3,4071507E-1	0,0000000E+0	0,0000000E+0
7,9791162E+2	1,0241662E+0	7,8124995E+1	6,8578873E-1	4,1681344E-1	9,6410519E-2	-1,0070392E-1	7,8124995E+1	-3,4081752E-1	0,0000000E+0	0,0000000E+0
7,9966580E+2	1,0237285E+0	7,8124995E+1	6,8639409E-1	4,1741880E-1	9,6689915E-2	-1,0089949E-1	7,8124995E+1	-3,4075232E-1	0,0000000E+0	0,0000000E+0
8,0142058E+2	1,0240265E+0	7,8124995E+1	6,8713915E-1	4,1793103E-1	9,7062445E-2	-1,0078774E-1	7,8124995E+1	-3,4072438E-1	0,0000000E+0	0,0000000E+0
8,0317576E+2	1,0255818E+0	7,8124995E+1	6,8776314E-1	4,1847120E-1	9,7379094E-2	-1,0063872E-1	7,8124995E+1	-3,4072438E-1	0,0000000E+0	0,0000000E+0
8,0493048E+2	1,0268670E+0	7,8124995E+1	6,8846163E-1	4,1899274E-1	9,7583985E-2	-1,0035933E-1	7,8124995E+1	-3,4077095E-1	0,0000000E+0	0,0000000E+0
8,0668631E+2	1,0292978E+0	7,8124995E+1	6,8929982E-1	4,1945840E-1	9,7947201E-2	-1,0007062E-1	7,8124995E+1	-3,4089202E-1	0,0000000E+0	0,0000000E+0
8,0844260E+2	1,0313839E+0	7,8124995E+1	6,8986793E-1	4,2003582E-1	9,8114839E-2	-9,9837786E-2	7,8124995E+1	-3,4069644E-1	0,0000000E+0	0,0000000E+0
8,1019803E+2	1,0334980E+0	7,8124995E+1	6,9061298E-1	4,2041766E-1	9,8412862E-2	-9,9735340E-2	7,8124995E+1	-3,4081752E-1	0,0000000E+0	0,0000000E+0
8,1195302E+2	1,0353048E+0	7,8124995E+1	6,9111590E-1	4,2098577E-1	9,8710886E-2	-9,9586329E-2	7,8124995E+1	-3,4076164E-1	0,0000000E+0	0,0000000E+0
8,1370965E+2	1,0340755E+0	7,8124995E+1	6,9181439E-1	4,2127448E-1	9,8897150E-2	-9,9558389E-2	7,8124995E+1	-3,4080820E-1	0,0000000E+0	0,0000000E+0
8,1546340E+2	1,0334701E+0	7,8124995E+1	6,9244769E-1	4,2198228E-1	9,9325559E-2	-9,9353498E-2	7,8124995E+1	-3,4073370E-1	0,0000000E+0	0,0000000E+0
8,1721677E+2	1,0347181E+0	7,8124995E+1	6,9295992E-1	4,2229893E-1	9,9455944E-2	-9,9195173E-2	7,8124995E+1	-3,4062194E-1	0,0000000E+0	0,0000000E+0
8,1897265E+2	1,0350161E+0	7,8124995E+1	6,9358390E-1	4,2273666E-1	9,9791220E-2	-9,9102041E-2	7,8124995E+1	-3,4063125E-1	0,0000000E+0	0,0000000E+0
8,2072827E+2	1,0336191E+0	7,8124995E+1	6,9409613E-1	4,2308124E-1	9,9996111E-2	-9,9111354E-2	7,8124995E+1	-3,4069644E-1	0,0000000E+0	0,0000000E+0
8,2248371E+2	1,0332559E+0	7,8124995E+1	6,9470149E-1	4,2350034E-1	1,0030345E-1	-9,8804018E-2	7,8124995E+1	-3,4062194E-1	0,0000000E+0	0,0000000E+0
8,2424065E+2	1,0324550E+0	7,8124995E+1	6,9510196E-1	4,2399394E-1	1,0041521E-1	-9,8664319E-2	7,8124995E+1	-3,4064057E-1	0,0000000E+0	0,0000000E+0
8,2599380E+2	1,0335632E+0	7,8124995E+1	6,9566075E-1	4,2447823E-1	1,0068529E-1	-9,8468742E-2	7,8124995E+1	-3,4052881E-1	0,0000000E+0	0,0000000E+0
8,2774829E+2	1,0356960E+0	7,8124995E+1	6,9618229E-1	4,2492526E-1	1,0099263E-1	-9,8384923E-2	7,8124995E+1	-3,4039842E-1	0,0000000E+0	0,0000000E+0
8,2950243E+2	1,0380708E+0	7,8124995E+1	6,9694598E-1	4,2530711E-1	1,0111370E-1	-9,8189345E-2	7,8124995E+1	-3,4033323E-1	0,0000000E+0	0,0000000E+0
8,3125607E+2	1,0393747E+0	7,8124995E+1	6,9736507E-1	4,2581002E-1	1,0131859E-1	-9,8040333E-2	7,8124995E+1	-3,4039842E-1	0,0000000E+0	0,0000000E+0
8,3301173E+2	1,0415354E+0	7,8124995E+1	6,9786799E-1	4,2616392E-1	1,0157936E-1	-9,8058960E-2	7,8124995E+1	-3,4031460E-1	0,0000000E+0	0,0000000E+0
8,3476826E+2	1,0415540E+0	7,8124995E+1	6,9841747E-1	4,2667615E-1	1,0175631E-1	-9,7919261E-2	7,8124995E+1	-3,4028666E-1	0,0000000E+0	0,0000000E+0
8,3652357E+2	1,0399707E+0	7,8124995E+1	6,9888313E-1	4,2707662E-1	1,0199845E-1	-9,8012394E-2	7,8124995E+1	-3,4028666E-1	0,0000000E+0	0,0000000E+0
8,3828093E+2	1,0406972E+0	7,8124995E+1	6,9946986E-1	4,2747709E-1	1,0218472E-1	-9,7900635E-2	7,8124995E+1	-3,4016559E-1	0,0000000E+0	0,0000000E+0
8,4003732E+2	1,0424201E+0	7,8124995E+1	7,0012179E-1	4,2791481E-1	1,0222197E-1	-9,7807503E-2	7,8124995E+1	-3,4017490E-1	0,0000000E+0	0,0000000E+0
8,4179125E+2	1,0427181E+0	7,8124995E+1	7,0047569E-1	4,2825940E-1	1,0252000E-1	-9,7844756E-2	7,8124995E+1	-3,4031460E-1	0,0000000E+0	0,0000000E+0
8,4354590E+2	1,0441710E+0	7,8124995E+1	7,0099723E-1	4,2855742E-1	1,0274351E-1	-9,7882008E-2	7,8124995E+1	-3,4013765E-1	0,0000000E+0	0,0000000E+0
8,4530044E+2	1,0458008E+0	7,8124995E+1	7,0157465E-1	4,2902308E-1	1,0286458E-1	-9,7826129E-2	7,8124995E+1	-3,4020284E-1	0,0000000E+0	0,0000000E+0
8,4705479E+2	1,0470860E+0	7,8124995E+1	7,0201237E-1	4,2948874E-1	1,0310673E-1	-9,7611925E-2	7,8124995E+1	-3,4022147E-1	0,0000000E+0	0,0000000E+0
8,4880940E+2	1,0477193E+0	7,8124995E+1	7,0245941E-1	4,2983333E-1	1,0337681E-1	-9,7621238E-2	7,8124995E+1	-3,4041705E-1	0,0000000E+0	0,0000000E+0
8,5056279E+2	1,0501315E+0	7,8124995E+1	7,0291576E-1	4,3032693E-1	1,0350720E-1	-9,7556046E-2	7,8124995E+1	-3,4032392E-1	0,0000000E+0	0,0000000E+0
8,5231926E+2	1,0519382E+0	7,8124995E+1	7,0367013E-1	4,3049457E-1	1,0370277E-1	-9,7556046E-2	7,8124995E+1	-3,4042636E-1	0,0000000E+0	0,0000000E+0
8,5407469E+2	1,0522456E+0	7,8124995E+1	7,0410785E-1	4,3107199E-1	1,0388904E-1	-9,7444287E-2	7,8124995E+1	-3,4047293E-1	0,0000000E+0	0,0000000E+0
8,5583081E+2	1,0510255E+0	7,8124995E+1	7,0451763E-1	4,3139796E-1	1,0415912E-1	-9,7379094E-2	7,8124995E+1	-3,4046361E-1	0,0000000E+0	0,0000000E+0
8,5758577E+2	1,0495354E+0	7,8124995E+1	7,0505780E-1	4,3181705E-1	1,0438264E-1	-9,7369781E-2	7,8124995E+1	-3,4048224E-1	0,0000000E+0	0,0000000E+0
8,5934067E+2	1,0497217E+0	7,8124995E+1	7,0557002E-1	4,3222683E-1	1,0458753E-1	-9,7332528E-2	7,8124995E+1	-3,4044499E-1	0,0000000E+0	0,0000000E+0
8,6109484E+2	1,0493305E+0	7,8124995E+1	7,0595187E-1	4,3248760E-1	1,0470860E-1	-9,7379094E-2	7,8124995E+1	-3,4054743E-1	0,0000000E+0	0,0000000E+0
8,6285065E+2	1,0490791E+0	7,8124995E+1	7,0637096E-1	4,3293464E-1	1,0500663E-1	-9,7164890E-2	7,8124995E+1	-3,4048224E-1	0,0000000E+0	0,0000000E+0
8,6460577E+2	1,0512118E+0	7,8124995E+1	7,0682731E-1	4,3330717E-1	1,0523014E-1	-9,6987939E-2	7,8124995E+1	-3,4051949E-1	0,0000000E+0	0,0000000E+0
8,6635980E+2	1,0520127E+0	7,8124995E+1	7,0730228E-1	4,3362382E-1	1,0540710E-1	-9,6885493E-2	7,8124995E+1	-3,4049155E-1	0,0000000E+0	0,0000000E+0
8,6811583E+2	1,0510628E+0	7,8124995E+1	7,0785177E-1	4,3405222E-1	1,0577031E-1	-9,6997252E-2	7,8124995E+1	-3,4048224E-1	0,0000000E+0	0,0000000E+0
8,6987070E+2	1,0496658E+0	7,8124995E+1	7,0831743E-1	4,3445269E-1	1,0586344E-1	-9,7062445E-2	7,8124995E+1	-3,4041705E-1	0,0000000E+0	0,0000000E+0
8,7162727E+2	1,0484458E+0	7,8124995E+1	7,0881103E-1	4,3477866E-1	1,0600314E-1	-9,7155577E-2	7,8124995E+1	-3,4055675E-1	0,0000000E+0	0,0000000E+0
8,7338209E+2	1,0495354E+0	7,8124995E+1	7,0924875E-1	4,3528157E-1	1,0631979E-1	-9,7081071E-2	7,8124995E+1	-3,4046361E-1	0,0000000E+0	0,0000000E+0
8,7513806E+2	1,0503643E+0	7,8124995E+1	7,0987274E-1	4,3558891E-1	1,0658988E-1	-9,7146264E-2	7,8124995E+1	-3,4055675E-1	0,0000000E+0	0,0000000E+0
8,7689274E+2	1,0516868E+0	7,8124995E+1	7,1031046E-1	4,3587762E-1	1,0674820E-1	-9,7071758E-2	7,8124995E+1	-3,4060331E-1	0,0000000E+0	0,0000000E+0
8,7864830E+2	1,0527392E+0	7,8124995E+1	7,1085062E-1	4,3634328E-1	1,0694378E-1	-9,6764421E-2	7,8124995E+1	-3,4062194E-1	0,0000000E+0	0,0000000E+0
8,8040244E+2	1,0536239E+0	7,8124995E+1	7,1133491E-1	4,3677169E-1	1,0717661E-1	-9,6652663E-2	7,8124995E+1	-3,4066850E-1	0,0000000E+0	0,0000000E+0
8,8215889E+2	1,0521524E+0	7,8124995E+1	7,1162362E-1	4,3707902E-1	1,0747463E-1	-9,6550217E-2	7,8124995E+1	-3,4065919E-1	0,0000000E+0	0,0000000E+0
8,8391579E+2	1,0546856E+0	7,8124995E+1	7,1215448E-1	4,3753537E-1	1,0759570E-1	-9,6485024E-2	7,8124995E+1	-3,4076164E-1	0,0000000E+0	0,0000000E+0
8,8567015E+2	1,0580570E+0	7,8124995E+1	7,1273190E-1	4,3777752E-1	1,0780059E-1	-9,6485024E-2	7,8124995E+1	-3,4081752E-1	0,0000000E+0	0,0000000E+0
8,8742549E+2	1,0563434E+0	7,8124995E+1	7,1262945E-1	4,3827112E-1	1,0807999E-1	-9,5963484E-2	7,8124995E+1	-3,4086408E-1	0,0000000E+0	0,0000000E+0
8,8917971E+2	1,0494143E+0	7,8124995E+1	7,0966784E-1	4,3846669E-1	1,0789373E-1	-9,5758593E-2	7,8124995E+1	-3,4086408E-1	0,0000000E+0	0,0000000E+0
8,9093571E+2	1,0427088E+0	7,8124995E+1	7,0698563E-1	4,3855983E-1	1,0791235E-1	-9,5590955E-2	7,8124995E+1	-3,4097584E-1	0,0000000E+0	0,0000000E+0
8,9269082E+2	1,0451209E+0	7,8124995E+1	7,0775863E-1	4,3867159E-1	1,0792167E-1	-9,5423317E-2	7,8124995E+1	-3,4094790E-1	0,0000000E+0	0,0000000E+0
8,9444675E+2	1,0488928E+0	7,8124995E+1	7,0822429E-1	4,3855983E-1	1,0794029E-1	-9,5311558E-2	7,8124995E+1	-3,4093859E-1	0,0000000E+0	0,0000000E+0
8,9620243E+2	1,0483247E+0	7,8124995E+1	7,0948158E-1	4,3881128E-1	1,0807068E-1	-9,5292932E-2	7,8124995E+1	-3,4093859E-1	0,0000000E+0	0,0000000E+0
8,9795827E+2	1,0436867E+0	7,8124995E+1	7,1045016E-1	4,3909999E-1	1,0821969E-1	-9,5283618E-2	7,8124995E+1	-3,4104103E-1	0,0000000E+0	0,0000000E+0
8,9971211E+2	1,0481850E+0	7,8124995E+1	7,1145598E-1	4,3925832E-1	1,0836870E-1	-9,5181173E-2	7,8124995E+1	-3,4110623E-1	0,0000000E+0	0,0000000E+0
9,0146630E+2	1,0541268E+0	7,8124995E+1	7,1233143E-1	4,3951909E-1	1,0878780E-1	-9,5115980E-2	7,8124995E+1	-3,4113417E-1	0,0000000E+0	0,0000000E+0
9,0322207E+2	1,0529161E+0	7,8124995E+1	7,1295541E-1	4,3983574E-1	1,0886230E-1	-9,4873836E-2	7,8124995E+1	-3,4110623E-1	0,0000000E+0	0,0000000E+0
9,0497648E+2	1,0533631E+0	7,8124995E+1	7,1369116E-1	4,4023621E-1	1,0925346E-1	-9,4790017E-2	7,8124995E+1	-3,4122730E-1	0,0000000E+0	0,0000000E+0
9,0673243E+2	1,0543410E+0	7,8124995E+1	7,1409163E-1	4,4069256E-1	1,0958873E-1	-9,4817957E-2	7,8124995E+1	-3,4109691E-1	0,0000000E+0	0,0000000E+0
9,0848859E+2	1,0547788E+0	7,8124995E+1	7,1461317E-1	4,4105577E-1	1,0997058E-1	-9,4641006E-2	7,8124995E+1	-3,4107829E-1	0,0000000E+0	0,0000000E+0
9,1024300E+2	1,0557287E+0	7,8124995E+1	7,1514402E-1	4,4151212E-1	1,1021272E-1	-9,4370922E-2	7,8124995E+1	-3,4102241E-1	0,0000000E+0	0,0000000E+0
9,1199680E+2	1,0586065E+0	7,8124995E+1	7,1574938E-1	4,4165182E-1	1,1038036E-1	-9,4259163E-2	7,8124995E+1	-3,4102241E-1	0,0000000E+0	0,0000000E+0
9,1375265E+2	1,0595564E+0	7,8124995E+1	7,1615916E-1	4,4195915E-1	1,1077151E-1	-9,3998393E-2	7,8124995E+1	-3,4094790E-1	0,0000000E+0	0,0000000E+0
9,1550753E+2	1,0603481E+0	7,8124995E+1	7,1677384E-1	4,4236894E-1	1,1096709E-1	-9,3858695E-2	7,8124995E+1	-3,4094790E-1	0,0000000E+0	0,0000000E+0
9,1726343E+2	1,0607299E+0	7,8124995E+1	7,1731400E-1	4,4262971E-1	1,1127443E-1	-9,3774876E-2	7,8124995E+1	-3,4087340E-1	0,0000000E+0	0,0000000E+0
9,1901830E+2	1,0614098E+0	7,8124995E+1	7,1779829E-1	4,4303018E-1	1,1152588E-1	-9,3718996E-2	7,8124995E+1	-3,4089202E-1	0,0000000E+0	0,0000000E+0
9,2077482E+2	1,0618289E+0	7,8124995E+1	7,1836640E-1	4,4331889E-1	1,1185185E-1	-9,3579298E-2	7,8124995E+1	-3,4091065E-1	0,0000000E+0	0,0000000E+0
9,2253033E+2	1,0632352E+0	7,8124995E+1	7,1892519E-1	4,4365416E-1	1,1201949E-1	-9,3691057E-2	7,8124995E+1	-3,4089202E-1	0,0000000E+0	0,0000000E+0
9,2428667E+2	1,0662061E+0	7,8124995E+1	7,1954918E-1	4,4406394E-1	1,1224300E-1	-9,3430286E-2	7,8124995E+1	-3,4093859E-1	0,0000000E+0	0,0000000E+0
9,2604481E+2	1,0670908E+0	7,8124995E+1	7,2010797E-1	4,4423158E-1	1,1244789E-1	-9,3374407E-2	7,8124995E+1	-3,4103172E-1	0,0000000E+0	0,0000000E+0
9,2780048E+2	1,0670629E+0	7,8124995E+1	7,2059226E-1	4,4468793E-1	1,1271798E-1	-9,3346467E-2	7,8124995E+1	-3,4108760E-1	0,0000000E+0	0,0000000E+0
9,2955520E+2	1,0672212E+0	7,8124995E+1	7,2111380E-1	4,4499527E-1	1,1289493E-1	-9,3216082E-2	7,8124995E+1	-3,4105035E-1	0,0000000E+0	0,0000000E+0
9,3131070E+2	1,0672771E+0	7,8124995E+1	7,2157015E-1	4,4546093E-1	1,1320227E-1	-9,3216082E-2	7,8124995E+1	-3,4112485E-1	0,0000000E+0	0,0000000E+0
9,3306474E+2	1,0690001E+0	7,8124995E+1	7,2206375E-1	4,4588002E-1	1,1329540E-1	-9,2852866E-2	7,8124995E+1	-3,4101309E-1	0,0000000E+0	0,0000000E+0
9,3481886E+2	1,0697637E+0	7,8124995E+1	7,2267842E-1	4,4620599E-1	1,1349098E-1	-9,2936685E-2	7,8124995E+1	-3,4103172E-1	0,0000000E+0	0,0000000E+0
9,3657361E+2	1,0707323E+0	7,8124995E+1	7,2319996E-1	4,4671821E-1	1,1377969E-1	-9,2722481E-2	7,8124995E+1	-3,4105966E-1	0,0000000E+0	0,0000000E+0
9,3832819E+2	1,0711235E+0	7,8124995E+1	7,2369356E-1	4,4697898E-1	1,1396595E-1	-9,2405831E-2	7,8124995E+1	-3,4089202E-1	0,0000000E+0	0,0000000E+0
9,4008203E+2	1,0726695E+0	7,8124995E+1	7,2410334E-1	4,4736083E-1	1,1419878E-1	-9,2368578E-2	7,8124995E+1	-3,4079889E-1	0,0000000E+0	0,0000000E+0
9,4183867E+2	1,0736567E+0	7,8124995E+1	7,2455969E-1	4,4764954E-1	1,1437573E-1	-9,2396518E-2	7,8124995E+1	-3,4077095E-1	0,0000000E+0	0,0000000E+0
9,4359485E+2	1,0735542E+0	7,8124995E+1	7,2488566E-1	4,4815245E-1	1,1467376E-1	-9,2191627E-2	7,8124995E+1	-3,4081752E-1	0,0000000E+0	0,0000000E+0
9,4534944E+2	1,0716823E+0	7,8124995E+1	7,2529544E-1	4,4850635E-1	1,1495315E-1	-9,1949483E-2	7,8124995E+1	-3,4087340E-1	0,0000000E+0	0,0000000E+0
9,4710443E+2	1,0728930E+0	7,8124995E+1	7,2585423E-1	4,4876712E-1	1,1514873E-1	-9,1679400E-2	7,8124995E+1	-3,4081752E-1	0,0000000E+0	0,0000000E+0
9,4886039E+2	1,0776241E+0	7,8124995E+1	7,2619882E-1	4,4918622E-1	1,1516736E-1	-9,1558328E-2	7,8124995E+1	-3,4076164E-1	0,0000000E+0	0,0000000E+0
9,5061775E+2	1,0792819E+0	7,8124995E+1	7,2691594E-1	4,4959600E-1	1,1550263E-1	-9,1427943E-2	7,8124995E+1	-3,4078958E-1	0,0000000E+0	0,0000000E+0
9,5237089E+2	1,0798593E+0	7,8124995E+1	7,2725122E-1	4,4992196E-1	1,1555851E-1	-9,1390690E-2	7,8124995E+1	-3,4079889E-1	0,0000000E+0	0,0000000E+0
9,5412578E+2	1,0776707E+0	7,8124995E+1	7,2765168E-1	4,5021067E-1	1,1590310E-1	-9,1213738E-2	7,8124995E+1	-3,4072438E-1	0,0000000E+0	0,0000000E+0
9,5588102E+2	1,0789280E+0	7,8124995E+1	7,2808941E-1	4,5045282E-1	1,1603349E-1	-9,0971595E-2	7,8124995E+1	-3,4068713E-1	0,0000000E+0	0,0000000E+0
9,5763862E+2	1,0775775E+0	7,8124995E+1	7,2835949E-1	4,5093710E-1	1,1629426E-1	-9,0869149E-2	7,8124995E+1	-3,4069644E-1	0,0000000E+0	0,0000000E+0
9,5939329E+2	1,0789931E+0	7,8124995E+1	7,2889034E-1	4,5120719E-1	1,1669473E-1	-9,0673571E-2	7,8124995E+1	-3,4048224E-1	0,0000000E+0	0,0000000E+0
9,6114778E+2	1,0809955E+0	7,8124995E+1	7,2941188E-1	4,5153315E-1	1,1681580E-1	-9,0524560E-2	7,8124995E+1	-3,4046361E-1	0,0000000E+0	0,0000000E+0
9,6290233E+2	1,0786672E+0	7,8124995E+1	7,2986823E-1	4,5177529E-1	1,1693687E-1	-9,0328982E-2	7,8124995E+1	-3,4020284E-1	0,0000000E+0	0,0000000E+0
9,6465800E+2	1,0804367E+0	7,8124995E+1	7,3028733E-1	4,5195225E-1	1,1723489E-1	-9,0189284E-2	7,8124995E+1	-3,4019353E-1	0,0000000E+0	0,0000000E+0
9,6641170E+2	1,0786486E+0	7,8124995E+1	7,3044565E-1	4,5238065E-1	1,1748635E-1	-9,0040272E-2	7,8124995E+1	-3,4001658E-1	0,0000000E+0	0,0000000E+0
9,6816747E+2	1,0789000E+0	7,8124995E+1	7,3100445E-1	4,5249241E-1	1,1753292E-1	-8,9723622E-2	7,8124995E+1	-3,3984894E-1	0,0000000E+0	0,0000000E+0
9,6992188E+2	1,0792725E+0	7,8124995E+1	7,3117208E-1	4,5270662E-1	1,1770055E-1	-8,9695683E-2	7,8124995E+1	-3,3965336E-1	0,0000000E+0	0,0000000E+0
9,7167797E+2	1,0798779E+0	7,8124995E+1	7,3160049E-1	4,5309777E-1	1,1794270E-1	-8,9397659E-2	7,8124995E+1	-3,3942985E-1	0,0000000E+0	0,0000000E+0
9,7343285E+2	1,0810793E+0	7,8124995E+1	7,3208478E-1	4,5333060E-1	1,1804514E-1	-8,9341780E-2	7,8124995E+1	-3,3916908E-1	0,0000000E+0	0,0000000E+0
9,7518707E+2	1,0815357E+0	7,8124995E+1	7,3238280E-1	4,5360069E-1	1,1822209E-1	-8,9146202E-2	7,8124995E+1	-3,3903869E-1	0,0000000E+0	0,0000000E+0
9,7694120E+2	1,0809489E+0	7,8124995E+1	7,3269945E-1	4,5388008E-1	1,1844561E-1	-8,8997191E-2	7,8124995E+1	-3,3893624E-1	0,0000000E+0	0,0000000E+0
9,7869703E+2	1,0789373E+0	7,8124995E+1	7,3294160E-1	4,5418742E-1	1,1865050E-1	-8,8959938E-2	7,8124995E+1	-3,3881517E-1	0,0000000E+0	0,0000000E+0
9,8045208E+2	1,0770001E+0	7,8124995E+1	7,3322099E-1	4,5451338E-1	1,1863188E-1	-8,8801613E-2	7,8124995E+1	-3,3867547E-1	0,0000000E+0	0,0000000E+0
9,8220713E+2	1,0748953E+0	7,8124995E+1	7,3349108E-1	4,5486729E-1	1,1876226E-1	-8,8782986E-2	7,8124995E+1	-3,3853578E-1	0,0000000E+0	0,0000000E+0
9,8396280E+2	1,0770560E+0	7,8124995E+1	7,3367734E-1	4,5510012E-1	1,1889265E-1	-8,8587409E-2	7,8124995E+1	-3,3846127E-1	0,0000000E+0	0,0000000E+0
9,8571803E+2	1,0749326E+0	7,8124995E+1	7,3364940E-1	4,5555646E-1	1,1910685E-1	-8,8578095E-2	7,8124995E+1	-3,3841470E-1	0,0000000E+0	0,0000000E+0
9,8747259E+2	1,0724925E+0	7,8124995E+1	7,3404987E-1	4,5583586E-1	1,1916273E-1	-8,8317325E-2	7,8124995E+1	-3,3812599E-1	0,0000000E+0	0,0000000E+0
9,8922709E+2	1,0756404E+0	7,8124995E+1	7,3445965E-1	4,5609663E-1	1,1942350E-1	-8,8196253E-2	7,8124995E+1	-3,3796767E-1	0,0000000E+0	0,0000000E+0
9,9098270E+2	1,0774751E+0	7,8124995E+1	7,3498119E-1	4,5634809E-1	1,1959114E-1	-8,8047241E-2	7,8124995E+1	-3,3772553E-1	0,0000000E+0	0,0000000E+0
9,9273888E+2	1,0783319E+0	7,8124995E+1	7,3530716E-1	4,5672062E-1	1,1987054E-1	-8,7851664E-2	7,8124995E+1	-3,3759514E-1	0,0000000E+0	0,0000000E+0
9,9449408E+2	1,0802132E+0	7,8124995E+1	7,3567037E-1	4,5691620E-1	1,2014993E-1	-8,7730592E-2	7,8124995E+1	-3,3753926E-1	0,0000000E+0	0,0000000E+0
9,9624977E+2	1,0789652E+0	7,8124995E+1	7,3593114E-1	4,5718628E-1	1,2036414E-1	-8,7581580E-2	7,8124995E+1	-3,3730643E-1	0,0000000E+0	0,0000000E+0
9,9800443E+2	1,0802597E+0	7,8124995E+1	7,3643406E-1	4,5764263E-1	1,2051315E-1	-8,7404629E-2	7,8124995E+1	-3,3701772E-1	0,0000000E+0	0,0000000E+0
9,9976133E+2	1,0844600E+0	7,8124995E+1	7,3685315E-1	4,5774507E-1	1,2069010E-1	-8,7032100E-2	7,8124995E+1	-3,3682214E-1	0,0000000E+0	0,0000000E+0
1,0015160E+3	1,0873844E+0	7,8124995E+1	7,3744920E-1	4,5799653E-1	1,2090430E-1	-8,6827209E-2	7,8124995E+1	-3,3679420E-1	0,0000000E+0	0,0000000E+0
1,0032738E+3	1,0877383E+0	7,8124995E+1	7,3780310E-1	4,5822936E-1	1,2106263E-1	-8,6762016E-2	7,8124995E+1	-3,3658931E-1	0,0000000E+0	0,0000000E+0
1,0050274E+3	1,0881667E+0	7,8124995E+1	7,3830602E-1	4,5862052E-1	1,2130477E-1	-8,6436053E-2	7,8124995E+1	-3,3634717E-1	0,0000000E+0	0,0000000E+0
1,0067813E+3	1,0888465E+0	7,8124995E+1	7,3875305E-1	4,5882541E-1	1,2146310E-1	-8,6268415E-2	7,8124995E+1	-3,3631923E-1	0,0000000E+0	0,0000000E+0
1,0085368E+3	1,0894985E+0	7,8124995E+1	7,3914421E-1	4,5906755E-1	1,2162142E-1	-8,6035585E-2	7,8124995E+1	-3,3620747E-1	0,0000000E+0	0,0000000E+0
1,0102924E+3	1,0898244E+0	7,8124995E+1	7,3948879E-1	4,5930038E-1	1,2195670E-1	-8,5830694E-2	7,8124995E+1	-3,3600258E-1	0,0000000E+0	0,0000000E+0
1,0120478E+3	1,0878035E+0	7,8124995E+1	7,3968437E-1	4,5954253E-1	1,2204983E-1	-8,5718935E-2	7,8124995E+1	-3,3584425E-1	0,0000000E+0	0,0000000E+0
1,0138008E+3	1,0885671E+0	7,8124995E+1	7,4021523E-1	4,5986849E-1	1,2231991E-1	-8,5523357E-2	7,8124995E+1	-3,3563005E-1	0,0000000E+0	0,0000000E+0
1,0155569E+3	1,0909327E+0	7,8124995E+1	7,4066226E-1	4,6026896E-1	1,2263656E-1	-8,5309153E-2	7,8124995E+1	-3,3579769E-1	0,0000000E+0	0,0000000E+0
1,0173126E+3	1,0911190E+0	7,8124995E+1	7,4116518E-1	4,6054835E-1	1,2259000E-1	-8,5262587E-2	7,8124995E+1	-3,3559280E-1	0,0000000E+0	0,0000000E+0
1,0190666E+3	1,0908489E+0	7,8124995E+1	7,4157496E-1	4,6078118E-1	1,2292527E-1	-8,5216021E-2	7,8124995E+1	-3,3556486E-1	0,0000000E+0	0,0000000E+0
1,0208218E+3	1,0918175E+0	7,8124995E+1	7,4191955E-1	4,6106058E-1	1,2300909E-1	-8,5094949E-2	7,8124995E+1	-3,3550898E-1	0,0000000E+0	0,0000000E+0
1,0225762E+3	1,0902808E+0	7,8124995E+1	7,4221757E-1	4,6140517E-1	1,2318604E-1	-8,5122888E-2	7,8124995E+1	-3,3558348E-1	0,0000000E+0	0,0000000E+0
1,0243301E+3	1,0911376E+0	7,8124995E+1	7,4259010E-1	4,6169388E-1	1,2343750E-1	-8,5225334E-2	7,8124995E+1	-3,3556486E-1	0,0000000E+0	0,0000000E+0
1,0260838E+3	1,0926836E+0	7,8124995E+1	7,4301851E-1	4,6192671E-1	1,2345613E-1	-8,4955250E-2	7,8124995E+1	-3,3543447E-1	0,0000000E+0	0,0000000E+0
1,0278385E+3	1,0927860E+0	7,8124995E+1	7,4323271E-1	4,6222473E-1	1,2359583E-1	-8,4973877E-2	7,8124995E+1	-3,3546241E-1	0,0000000E+0	0,0000000E+0
1,0295965E+3	1,0916684E+0	7,8124995E+1	7,4336310E-1	4,6247619E-1	1,2375415E-1	-8,4815552E-2	7,8124995E+1	-3,3559280E-1	0,0000000E+0	0,0000000E+0
1,0313506E+3	1,0919106E+0	7,8124995E+1	7,4381013E-1	4,6281147E-1	1,2409874E-1	-8,4778299E-2	7,8124995E+1	-3,3544378E-1	0,0000000E+0	0,0000000E+0
1,0331073E+3	1,0923017E+0	7,8124995E+1	7,4392189E-1	4,6303499E-1	1,2404286E-1	-8,4750359E-2	7,8124995E+1	-3,3553692E-1	0,0000000E+0	0,0000000E+0
1,0348626E+3	1,0937919E+0	7,8124995E+1	7,4442480E-1	4,6325850E-1	1,2431294E-1	-8,4796925E-2	7,8124995E+1	-3,3571387E-1	0,0000000E+0	0,0000000E+0
1,0366185E+3	1,0960364E+0	7,8124995E+1	7,4464832E-1	4,6350065E-1	1,2447127E-1	-8,4796925E-2	7,8124995E+1	-3,3580700E-1	0,0000000E+0	0,0000000E+0
1,0383752E+3	1,0990352E+0	7,8124995E+1	7,4509536E-1	4,6386386E-1	1,2450852E-1	-8,4741046E-2	7,8124995E+1	-3,3593739E-1	0,0000000E+0	0,0000000E+0
1,0401298E+3	1,0968932E+0	7,8124995E+1	7,4518849E-1	4,6402219E-1	1,2469479E-1	-8,4731733E-2	7,8124995E+1	-3,3603052E-1	0,0000000E+0	0,0000000E+0
1,0418848E+3	1,0948163E+0	7,8124995E+1	7,4556102E-1	4,6440403E-1	1,2476929E-1	-8,4750359E-2	7,8124995E+1	-3,3607708E-1	0,0000000E+0	0,0000000E+0
1,0436418E+3	1,0946394E+0	7,8124995E+1	7,4584973E-1	4,6454373E-1	1,2490899E-1	-8,4713106E-2	7,8124995E+1	-3,3608640E-1	0,0000000E+0	0,0000000E+0
1,0453959E+3	1,0962692E+0	7,8124995E+1	7,4605462E-1	4,6467411E-1	1,2495556E-1	-8,4778299E-2	7,8124995E+1	-3,3614228E-1	0,0000000E+0	0,0000000E+0
1,0471497E+3	1,0959712E+0	7,8124995E+1	7,4632470E-1	4,6485106E-1	1,2509526E-1	-8,4899371E-2	7,8124995E+1	-3,3637511E-1	0,0000000E+0	0,0000000E+0
1,0489048E+3	1,0956638E+0	7,8124995E+1	7,4567278E-1	4,6500008E-1	1,2518839E-1	-8,5039069E-2	7,8124995E+1	-3,3644961E-1	0,0000000E+0	0,0000000E+0
1,0506605E+3	1,0892284E+0	7,8124995E+1	7,4437824E-1	4,6513046E-1	1,2525358E-1	-8,5029756E-2	7,8124995E+1	-3,3639373E-1	0,0000000E+0	0,0000000E+0
1,0524147E+3	1,0882971E+0	7,8124995E+1	7,4366112E-1	4,6499076E-1	1,2524427E-1	-8,5001816E-2	7,8124995E+1	-3,3649618E-1	0,0000000E+0	0,0000000E+0
1,0541703E+3	1,0912307E+0	7,8124995E+1	7,4350280E-1	4,6470205E-1	1,2538397E-1	-8,4927311E-2	7,8124995E+1	-3,3664519E-1	0,0000000E+0	0,0000000E+0
1,0559265E+3	1,0923763E+0	7,8124995E+1	7,4382876E-1	4,6457167E-1	1,2539328E-1	-8,4824865E-2	7,8124995E+1	-3,3671970E-1	0,0000000E+0	0,0000000E+0
1,0576834E+3	1,0907744E+0	7,8124995E+1	7,4416403E-1	4,6463686E-1	1,2557954E-1	-8,4862118E-2	7,8124995E+1	-3,3690596E-1	0,0000000E+0	0,0000000E+0
1,0594386E+3	1,0920689E+0	7,8124995E+1	7,4463901E-1	4,6463686E-1	1,2561680E-1	-8,4852805E-2	7,8124995E+1	-3,3696184E-1	0,0000000E+0	0,0000000E+0
1,0611947E+3	1,0988769E+0	7,8124995E+1	7,4476008E-1	4,6475793E-1	1,2565405E-1	-8,4470963E-2	7,8124995E+1	-3,3687802E-1	0,0000000E+0	0,0000000E+0
1,0629492E+3	1,0935032E+0	7,8124995E+1	7,4413609E-1	4,6468343E-1	1,2589619E-1	-8,4387144E-2	7,8124995E+1	-3,3689665E-1	0,0000000E+0	0,0000000E+0
1,0647056E+3	1,0977966E+0	7,8124995E+1	7,4451794E-1	4,6463686E-1	1,2573787E-1	-8,4126373E-2	7,8124995E+1	-3,3694321E-1	0,0000000E+0	0,0000000E+0
1,0664614E+3	1,0986068E+0	7,8124995E+1	7,4481596E-1	4,6473931E-1	1,2571924E-1	-8,4051867E-2	7,8124995E+1	-3,3698978E-1	0,0000000E+0	0,0000000E+0
1,0682164E+3	1,1007116E+0	7,8124995E+1	7,4515124E-1	4,6488832E-1	1,2577512E-1	-8,4182253E-2	7,8124995E+1	-3,3697115E-1	0,0000000E+0	0,0000000E+0
1,0699716E+3	1,1031982E+0	7,8124995E+1	7,4555171E-1	4,6482312E-1	1,2584031E-1	-8,4098434E-2	7,8124995E+1	-3,3685008E-1	0,0000000E+0	0,0000000E+0
1,0717269E+3	1,0981411E+0	7,8124995E+1	7,4587767E-1	4,6504664E-1	1,2567268E-1	-8,3968048E-2	7,8124995E+1	-3,3666382E-1	0,0000000E+0	0,0000000E+0
1,0734826E+3	1,0958967E+0	7,8124995E+1	7,4629676E-1	4,6519565E-1	1,2590551E-1	-8,3753844E-2	7,8124995E+1	-3,3658000E-1	0,0000000E+0	0,0000000E+0
1,0752378E+3	1,0933169E+0	7,8124995E+1	7,4647371E-1	4,6540986E-1	1,2576581E-1	-8,3697965E-2	7,8124995E+1	-3,3653343E-1	0,0000000E+0	0,0000000E+0
1,0769937E+3	1,0951795E+0	7,8124995E+1	7,4682762E-1	4,6558681E-1	1,2610108E-1	-8,3567580E-2	7,8124995E+1	-3,3632854E-1	0,0000000E+0	0,0000000E+0
1,0787505E+3	1,0966324E+0	7,8124995E+1	7,4698594E-1	4,6569857E-1	1,2599864E-1	-8,3474447E-2	7,8124995E+1	-3,3624472E-1	0,0000000E+0	0,0000000E+0
1,0805048E+3	1,0971167E+0	7,8124995E+1	7,4738641E-1	4,6597796E-1	1,2620353E-1	-8,3353375E-2	7,8124995E+1	-3,3627266E-1	0,0000000E+0	0,0000000E+0
1,0822615E+3	1,0984392E+0	7,8124995E+1	7,4766581E-1	4,6621080E-1	1,2640842E-1	-8,3334749E-2	7,8124995E+1	-3,3637511E-1	0,0000000E+0	0,0000000E+0
1,0840172E+3	1,0993891E+0	7,8124995E+1	7,4808490E-1	4,6634118E-1	1,2638979E-1	-8,3288183E-2	7,8124995E+1	-3,3626335E-1	0,0000000E+0	0,0000000E+0
1,0857721E+3	1,0992494E+0	7,8124995E+1	7,4837361E-1	4,6657401E-1	1,2667850E-1	-8,3185737E-2	7,8124995E+1	-3,3629129E-1	0,0000000E+0	0,0000000E+0
1,0875262E+3	1,0992215E+0	7,8124995E+1	7,4883927E-1	4,6683478E-1	1,2679026E-1	-8,3008786E-2	7,8124995E+1	-3,3630060E-1	0,0000000E+0	0,0000000E+0
1,0892805E+3	1,0977593E+0	7,8124995E+1	7,4909073E-1	4,6707693E-1	1,2692065E-1	-8,2813208E-2	7,8124995E+1	-3,3632854E-1	0,0000000E+0	0,0000000E+0
1,0910366E+3	1,0963530E+0	7,8124995E+1	7,4923974E-1	4,6762641E-1	1,2698584E-1	-8,2720076E-2	7,8124995E+1	-3,3630060E-1	0,0000000E+0	0,0000000E+0
1,0927926E+3	1,0958315E+0	7,8124995E+1	7,4944463E-1	4,6777542E-1	1,2734906E-1	-8,2561751E-2	7,8124995E+1	-3,3630991E-1	0,0000000E+0	0,0000000E+0
1,0945478E+3	1,0961481E+0	7,8124995E+1	7,4964952E-1	4,6804550E-1	1,2734906E-1	-8,2524498E-2	7,8124995E+1	-3,3622610E-1	0,0000000E+0	0,0000000E+0
1,0963040E+3	1,0943786E+0	7,8124995E+1	7,4999411E-1	4,6816657E-1	1,2760983E-1	-8,2440679E-2	7,8124995E+1	-3,3616090E-1	0,0000000E+0	0,0000000E+0
1,0980581E+3	1,0936615E+0	7,8124995E+1	7,5023626E-1	4,6859498E-1	1,2776815E-1	-8,2347547E-2	7,8124995E+1	-3,3612365E-1	0,0000000E+0	0,0000000E+0
1,0998139E+3	1,0944065E+0	7,8124995E+1	7,5047840E-1	4,6880919E-1	1,2801030E-1	-8,2114716E-2	7,8124995E+1	-3,3610502E-1	0,0000000E+0	0,0000000E+0
1,1015678E+3	1,0960457E+0	7,8124995E+1	7,5062741E-1	4,6898614E-1	1,2833626E-1	-8,1975018E-2	7,8124995E+1	-3,3607708E-1	0,0000000E+0	0,0000000E+0
1,1033226E+3	1,0967442E+0	7,8124995E+1	7,5097200E-1	4,6914446E-1	1,2846664E-1	-8,1956391E-2	7,8124995E+1	-3,3597464E-1	0,0000000E+0	0,0000000E+0
1,1050783E+3	1,0985230E+0	7,8124995E+1	7,5123277E-1	4,6938661E-1	1,2861566E-1	-8,2207849E-2	7,8124995E+1	-3,3603983E-1	0,0000000E+0	0,0000000E+0
1,1068326E+3	1,0980853E+0	7,8124995E+1	7,5146560E-1	4,6960081E-1	1,2894162E-1	-8,2477932E-2	7,8124995E+1	-3,3603052E-1	0,0000000E+0	0,0000000E+0
1,1085866E+3	1,0997151E+0	7,8124995E+1	7,5169843E-1	4,6984295E-1	1,2896024E-1	-8,2794582E-2	7,8124995E+1	-3,3602120E-1	0,0000000E+0	0,0000000E+0
1,1103414E+3	1,0985137E+0	7,8124995E+1	7,5196852E-1	4,7015029E-1	1,2900681E-1	-8,2654883E-2	7,8124995E+1	-3,3617022E-1	0,0000000E+0	0,0000000E+0
1,1120963E+3	1,0983553E+0	7,8124995E+1	7,5215478E-1	4,7023411E-1	1,2907200E-1	-8,2748016E-2	7,8124995E+1	-3,3625404E-1	0,0000000E+0	0,0000000E+0
1,1138518E+3	1,1008047E+0	7,8124995E+1	7,5260182E-1	4,7047625E-1	1,2930483E-1	-8,2394113E-2	7,8124995E+1	-3,3625404E-1	0,0000000E+0	0,0000000E+0
1,1156064E+3	1,1079293E+0	7,8124995E+1	7,5298366E-1	4,7049488E-1	1,2948179E-1	-8,2189222E-2	7,8124995E+1	-3,3623541E-1	0,0000000E+0	0,0000000E+0
1,1173604E+3	1,1107606E+0	7,8124995E+1	7,5291847E-1	4,7040175E-1	1,2957492E-1	-8,2245101E-2	7,8124995E+1	-3,3602120E-1	0,0000000E+0	0,0000000E+0
1,1191180E+3	1,1163112E+0	7,8124995E+1	7,5196852E-1	4,7016892E-1	1,2953766E-1	-8,1770127E-2	7,8124995E+1	-3,3572318E-1	0,0000000E+0	0,0000000E+0
1,1208708E+3	1,1189562E+0	7,8124995E+1	7,5189401E-1	4,7011304E-1	1,2954698E-1	-8,1341719E-2	7,8124995E+1	-3,3545310E-1	0,0000000E+0	0,0000000E+0
1,1226263E+3	1,1193939E+0	7,8124995E+1	7,5198714E-1	4,7006647E-1	1,2950972E-1	-8,1211333E-2	7,8124995E+1	-3,3519233E-1	0,0000000E+0	0,0000000E+0
1,1243808E+3	1,1175313E+0	7,8124995E+1	7,5215478E-1	4,7009441E-1	1,2946316E-1	-8,1378971E-2	7,8124995E+1	-3,3522027E-1	0,0000000E+0	0,0000000E+0
1,1261379E+3	1,1070725E+0	7,8124995E+1	7,5209890E-1	4,7032724E-1	1,2951904E-1	-8,1453477E-2	7,8124995E+1	-3,3511782E-1	0,0000000E+0	0,0000000E+0
1,1278943E+3	1,1019689E+0	7,8124995E+1	7,5220135E-1	4,7037381E-1	1,2958423E-1	-8,1462790E-2	7,8124995E+1	-3,3508057E-1	0,0000000E+0	0,0000000E+0
1,1296506E+3	1,1001062E+0	7,8124995E+1	7,5220135E-1	4,7035518E-1	1,2951904E-1	-8,1481417E-2	7,8124995E+1	-3,3509920E-1	0,0000000E+0	0,0000000E+0
1,1314057E+3	1,0965951E+0	7,8124995E+1	7,5191264E-1	4,7047625E-1	1,2967736E-1	-8,1565236E-2	7,8124995E+1	-3,3519233E-1	0,0000000E+0	0,0000000E+0
1,1331614E+3	1,0887255E+0	7,8124995E+1	7,5154942E-1	4,7068114E-1	1,2954698E-1	-8,1527983E-2	7,8124995E+1	-3,3529477E-1	0,0000000E+0	0,0000000E+0
1,1349151E+3	1,0872726E+0	7,8124995E+1	7,5132591E-1	4,7042037E-1	1,2957492E-1	-8,1686308E-2	7,8124995E+1	-3,3529477E-1	0,0000000E+0	0,0000000E+0
1,1366708E+3	1,0893215E+0	7,8124995E+1	7,5142835E-1	4,7027136E-1	1,2960286E-1	-8,1891199E-2	7,8124995E+1	-3,3541585E-1	0,0000000E+0	0,0000000E+0
1,1384287E+3	1,0859781E+0	7,8124995E+1	7,5138178E-1	4,7036449E-1	1,2939797E-1	-8,2068150E-2	7,8124995E+1	-3,3552760E-1	0,0000000E+0	0,0000000E+0
1,1401848E+3	1,0814705E+0	7,8124995E+1	7,5134453E-1	4,7016892E-1	1,2949110E-1	-8,2058837E-2	7,8124995E+1	-3,3569524E-1	0,0000000E+0	0,0000000E+0
1,1419398E+3	1,0828116E+0	7,8124995E+1	7,5152148E-1	4,7020617E-1	1,2950972E-1	-8,1928452E-2	7,8124995E+1	-3,3578837E-1	0,0000000E+0	0,0000000E+0
1,1436947E+3	1,0887534E+0	7,8124995E+1	7,5194989E-1	4,7036449E-1	1,2952835E-1	-8,1993644E-2	7,8124995E+1	-3,3596533E-1	0,0000000E+0	0,0000000E+0
1,1454488E+3	1,0930561E+0	7,8124995E+1	7,5228517E-1	4,7025274E-1	1,2980775E-1	-8,1909825E-2	7,8124995E+1	-3,3605846E-1	0,0000000E+0	0,0000000E+0
1,1472048E+3	1,0944717E+0	7,8124995E+1	7,5240624E-1	4,7028999E-1	1,2980775E-1	-8,1928452E-2	7,8124995E+1	-3,3620747E-1	0,0000000E+0	0,0000000E+0
1,1489578E+3	1,0946394E+0	7,8124995E+1	7,5255525E-1	4,7047625E-1	1,2996607E-1	-8,1900512E-2	7,8124995E+1	-3,3635648E-1	0,0000000E+0	0,0000000E+0
1,1507120E+3	1,0990166E+0	7,8124995E+1	7,5285327E-1	4,7044831E-1	1,3000333E-1	-8,1975018E-2	7,8124995E+1	-3,3645893E-1	0,0000000E+0	0,0000000E+0
1,1524682E+3	1,0994636E+0	7,8124995E+1	7,5291847E-1	4,7067183E-1	1,3015234E-1	-8,2077463E-2	7,8124995E+1	-3,3663588E-1	0,0000000E+0	0,0000000E+0
1,1542245E+3	1,0977779E+0	7,8124995E+1	7,5312336E-1	4,7080222E-1	1,3020822E-1	-8,2282354E-2	7,8124995E+1	-3,3676626E-1	0,0000000E+0	0,0000000E+0
1,1559781E+3	1,0978524E+0	7,8124995E+1	7,5324443E-1	4,7082084E-1	1,3046899E-1	-8,2403426E-2	7,8124995E+1	-3,3677558E-1	0,0000000E+0	0,0000000E+0
1,1577341E+3	1,1003670E+0	7,8124995E+1	7,5337482E-1	4,7089535E-1	1,3048761E-1	-8,2449992E-2	7,8124995E+1	-3,3680352E-1	0,0000000E+0	0,0000000E+0
1,1594909E+3	1,1021738E+0	7,8124995E+1	7,5367284E-1	4,7084878E-1	1,3074838E-1	-8,2599004E-2	7,8124995E+1	-3,3693390E-1	0,0000000E+0	0,0000000E+0
1,1612462E+3	1,1046511E+0	7,8124995E+1	7,5401743E-1	4,7096985E-1	1,3086014E-1	-8,2710763E-2	7,8124995E+1	-3,3696184E-1	0,0000000E+0	0,0000000E+0
1,1630003E+3	1,1030026E+0	7,8124995E+1	7,5417575E-1	4,7115612E-1	1,3086946E-1	-8,2561751E-2	7,8124995E+1	-3,3704566E-1	0,0000000E+0	0,0000000E+0
1,1647550E+3	1,1027139E+0	7,8124995E+1	7,5440858E-1	4,7126788E-1	1,3092534E-1	-8,2515185E-2	7,8124995E+1	-3,3702703E-1	0,0000000E+0	0,0000000E+0
1,1665107E+3	1,1030120E+0	7,8124995E+1	7,5467867E-1	4,7138895E-1	1,3103709E-1	-8,2384800E-2	7,8124995E+1	-3,3710154E-1	0,0000000E+0	0,0000000E+0
1,1682648E+3	1,1031610E+0	7,8124995E+1	7,5492081E-1	4,7162178E-1	1,3108366E-1	-8,2440679E-2	7,8124995E+1	-3,3729712E-1	0,0000000E+0	0,0000000E+0
1,1700207E+3	1,1025649E+0	7,8124995E+1	7,5528403E-1	4,7179873E-1	1,3121405E-1	-8,2356860E-2	7,8124995E+1	-3,3726918E-1	0,0000000E+0	0,0000000E+0
1,1717749E+3	1,1021738E+0	7,8124995E+1	7,5550754E-1	4,7207813E-1	1,3128855E-1	-8,2356860E-2	7,8124995E+1	-3,3734368E-1	0,0000000E+0	0,0000000E+0
1,1735280E+3	1,1030678E+0	7,8124995E+1	7,5586145E-1	4,7215263E-1	1,3130718E-1	-8,2366173E-2	7,8124995E+1	-3,3731574E-1	0,0000000E+0	0,0000000E+0
1,1752817E+3	1,1030585E+0	7,8124995E+1	7,5610359E-1	4,7243203E-1	1,3134443E-1	-8,2300981E-2	7,8124995E+1	-3,3741819E-1	0,0000000E+0	0,0000000E+0
1,1770351E+3	1,0990259E+0	7,8124995E+1	7,5610359E-1	4,7247860E-1	1,3137237E-1	-8,2319607E-2	7,8124995E+1	-3,3745544E-1	0,0000000E+0	0,0000000E+0
1,1787899E+3	1,1004881E+0	7,8124995E+1	7,5629917E-1	4,7278593E-1	1,3160520E-1	-8,2207849E-2	7,8124995E+1	-3,3750201E-1	0,0000000E+0	0,0000000E+0
1,1805438E+3	1,1026767E+0	7,8124995E+1	7,5638299E-1	4,7293494E-1	1,3161451E-1	-8,2161282E-2	7,8124995E+1	-3,3757651E-1	0,0000000E+0	0,0000000E+0
1,1822986E+3	1,1058246E+0	7,8124995E+1	7,5659719E-1	4,7292563E-1	1,3161451E-1	-8,2002958E-2	7,8124995E+1	-3,3761377E-1	0,0000000E+0	0,0000000E+0
1,1840534E+3	1,1061878E+0	7,8124995E+1	7,5679277E-1	4,7315846E-1	1,3170765E-1	-8,2077463E-2	7,8124995E+1	-3,3756720E-1	0,0000000E+0	0,0000000E+0
1,1858092E+3	1,1057221E+0	7,8124995E+1	7,5695109E-1	4,7331679E-1	1,3167039E-1	-8,2040210E-2	7,8124995E+1	-3,3768827E-1	0,0000000E+0	0,0000000E+0
1,1875648E+3	1,1050981E+0	7,8124995E+1	7,5705354E-1	4,7347511E-1	1,3179147E-1	-8,1900512E-2	7,8124995E+1	-3,3755789E-1	0,0000000E+0	0,0000000E+0
1,1893181E+3	1,1041109E+0	7,8124995E+1	7,5731431E-1	4,7373588E-1	1,3177284E-1	-8,1928452E-2	7,8124995E+1	-3,3747407E-1	0,0000000E+0	0,0000000E+0
1,1910724E+3	1,1020713E+0	7,8124995E+1	7,5737019E-1	4,7376382E-1	1,3188460E-1	-8,2068150E-2	7,8124995E+1	-3,3757651E-1	0,0000000E+0	0,0000000E+0
1,1928295E+3	1,1026208E+0	7,8124995E+1	7,5765890E-1	4,7387558E-1	1,3205224E-1	-8,2142656E-2	7,8124995E+1	-3,3728780E-1	0,0000000E+0	0,0000000E+0
1,1945843E+3	1,1009910E+0	7,8124995E+1	7,5764027E-1	4,7403391E-1	1,3193116E-1	-8,1984331E-2	7,8124995E+1	-3,3719467E-1	0,0000000E+0	0,0000000E+0
1,1963383E+3	1,1029654E+0	7,8124995E+1	7,5797555E-1	4,7398734E-1	1,3209880E-1	-8,1788753E-2	7,8124995E+1	-3,3696184E-1	0,0000000E+0	0,0000000E+0
1,1980924E+3	1,1056010E+0	7,8124995E+1	7,5814319E-1	4,7417360E-1	1,3241545E-1	-8,1732874E-2	7,8124995E+1	-3,3679420E-1	0,0000000E+0	0,0000000E+0
1,1998464E+3	1,1092425E+0	7,8124995E+1	7,5853434E-1	4,7434124E-1	1,3226644E-1	-8,1332405E-2	7,8124995E+1	-3,3669176E-1	0,0000000E+0	0,0000000E+0
1,2016021E+3	1,1132565E+0	7,8124995E+1	7,5879511E-1	4,7433193E-1	1,3249927E-1	-8,1146141E-2	7,8124995E+1	-3,3640305E-1	0,0000000E+0	0,0000000E+0
1,2033569E+3	1,1118968E+0	7,8124995E+1	7,5843190E-1	4,7440643E-1	1,3246202E-1	-8,1127514E-2	7,8124995E+1	-3,3611434E-1	0,0000000E+0	0,0000000E+0
1,2051117E+3	1,1033659E+0	7,8124995E+1	7,5622466E-1	4,7446231E-1	1,3224781E-1	-8,1164767E-2	7,8124995E+1	-3,3599327E-1	0,0000000E+0	0,0000000E+0
1,2068676E+3	1,1111424E+0	7,8124995E+1	7,5642955E-1	4,7422017E-1	1,3217331E-1	-8,1174080E-2	7,8124995E+1	-3,3575112E-1	0,0000000E+0	0,0000000E+0
1,2086237E+3	1,1132565E+0	7,8124995E+1	7,5650406E-1	4,7418292E-1	1,3194048E-1	-8,1183394E-2	7,8124995E+1	-3,3563005E-1	0,0000000E+0	0,0000000E+0
1,2103781E+3	1,1098851E+0	7,8124995E+1	7,5651337E-1	4,7418292E-1	1,3181941E-1	-8,1071635E-2	7,8124995E+1	-3,3560211E-1	0,0000000E+0	0,0000000E+0
1,2121321E+3	1,1071750E+0	7,8124995E+1	7,5683934E-1	4,7411772E-1	1,3191254E-1	-8,1043695E-2	7,8124995E+1	-3,3558348E-1	0,0000000E+0	0,0000000E+0
1,2138840E+3	1,1063088E+0	7,8124995E+1	7,5711873E-1	4,7410841E-1	1,3162383E-1	-8,1080948E-2	7,8124995E+1	-3,3557417E-1	0,0000000E+0	0,0000000E+0
1,2156383E+3	1,1063740E+0	7,8124995E+1	7,5751920E-1	4,7422017E-1	1,3172627E-1	-8,0857431E-2	7,8124995E+1	-3,3549966E-1	0,0000000E+0	0,0000000E+0
1,2173951E+3	1,1064113E+0	7,8124995E+1	7,5779860E-1	4,7445300E-1	1,3191254E-1	-8,0727046E-2	7,8124995E+1	-3,3559280E-1	0,0000000E+0	0,0000000E+0
1,2191498E+3	1,1072495E+0	7,8124995E+1	7,5795692E-1	4,7475102E-1	1,3182872E-1	-8,0782925E-2	7,8124995E+1	-3,3559280E-1	0,0000000E+0	0,0000000E+0
1,2209073E+3	1,1110679E+0	7,8124995E+1	7,5824563E-1	4,7468583E-1	1,3187528E-1	-8,0652540E-2	7,8124995E+1	-3,3552760E-1	0,0000000E+0	0,0000000E+0
1,2226636E+3	1,1133496E+0	7,8124995E+1	7,5863679E-1	4,7488141E-1	1,3205224E-1	-8,0466275E-2	7,8124995E+1	-3,3533203E-1	0,0000000E+0	0,0000000E+0
1,2244184E+3	1,1135638E+0	7,8124995E+1	7,5895344E-1	4,7503042E-1	1,3225713E-1	-8,0196192E-2	7,8124995E+1	-3,3532271E-1	0,0000000E+0	0,0000000E+0
1,2261746E+3	1,1142158E+0	7,8124995E+1	7,5917696E-1	4,7522600E-1	1,3233163E-1	-8,0205505E-2	7,8124995E+1	-3,3534134E-1	0,0000000E+0	0,0000000E+0
1,2279284E+3	1,1117757E+0	7,8124995E+1	7,5913970E-1	4,7533776E-1	1,3245270E-1	-8,0307950E-2	7,8124995E+1	-3,3543447E-1	0,0000000E+0	0,0000000E+0
1,2296837E+3	1,1066162E+0	7,8124995E+1	7,5936322E-1	4,7557990E-1	1,3268554E-1	-8,0382456E-2	7,8124995E+1	-3,3539722E-1	0,0000000E+0	0,0000000E+0
1,2314383E+3	1,1098665E+0	7,8124995E+1	7,5965193E-1	4,7570097E-1	1,3253652E-1	-8,0522155E-2	7,8124995E+1	-3,3551829E-1	0,0000000E+0	0,0000000E+0
1,2331924E+3	1,1110027E+0	7,8124995E+1	7,5984751E-1	4,7576617E-1	1,3282523E-1	-8,0615287E-2	7,8124995E+1	-3,3554623E-1	0,0000000E+0	0,0000000E+0
1,2349500E+3	1,1145883E+0	7,8124995E+1	7,6025729E-1	4,7608282E-1	1,3293699E-1	-8,0596660E-2	7,8124995E+1	-3,3572318E-1	0,0000000E+0	0,0000000E+0
1,2367062E+3	1,1178014E+0	7,8124995E+1	7,6055531E-1	4,7625977E-1	1,3296493E-1	-8,0559408E-2	7,8124995E+1	-3,3576043E-1	0,0000000E+0	0,0000000E+0
1,2384616E+3	1,1166651E+0	7,8124995E+1	7,6082540E-1	4,7639015E-1	1,3313257E-1	-8,0568721E-2	7,8124995E+1	-3,3591876E-1	0,0000000E+0	0,0000000E+0
1,2402150E+3	1,1146162E+0	7,8124995E+1	7,6113273E-1	4,7652054E-1	1,3324433E-1	-8,0345203E-2	7,8124995E+1	-3,3586288E-1	0,0000000E+0	0,0000000E+0
1,2419714E+3	1,1142344E+0	7,8124995E+1	7,6139350E-1	4,7675337E-1	1,3330021E-1	-8,0307950E-2	7,8124995E+1	-3,3580700E-1	0,0000000E+0	0,0000000E+0
1,2437265E+3	1,1171215E+0	7,8124995E+1	7,6157977E-1	4,7686513E-1	1,3340265E-1	-8,0298637E-2	7,8124995E+1	-3,3586288E-1	0,0000000E+0	0,0000000E+0
1,2454812E+3	1,1176896E+0	7,8124995E+1	7,6184054E-1	4,7693963E-1	1,3358892E-1	-8,0056493E-2	7,8124995E+1	-3,3590013E-1	0,0000000E+0	0,0000000E+0
1,2472374E+3	1,1196733E+0	7,8124995E+1	7,6198955E-1	4,7707933E-1	1,3369136E-1	-7,9954048E-2	7,8124995E+1	-3,3564868E-1	0,0000000E+0	0,0000000E+0
1,2489928E+3	1,1222810E+0	7,8124995E+1	7,6233414E-1	4,7716315E-1	1,3382175E-1	-7,9832976E-2	7,8124995E+1	-3,3569524E-1	0,0000000E+0	0,0000000E+0
1,2507500E+3	1,1203998E+0	7,8124995E+1	7,6257628E-1	4,7736804E-1	1,3392419E-1	-7,9786410E-2	7,8124995E+1	-3,3569524E-1	0,0000000E+0	0,0000000E+0
1,2525078E+3	1,1190028E+0	7,8124995E+1	7,6268804E-1	4,7748911E-1	1,3411046E-1	-7,9711904E-2	7,8124995E+1	-3,3561142E-1	0,0000000E+0	0,0000000E+0
1,2542635E+3	1,1180901E+0	7,8124995E+1	7,6302332E-1	4,7774988E-1	1,3414771E-1	-7,9618772E-2	7,8124995E+1	-3,3551829E-1	0,0000000E+0	0,0000000E+0
1,2560172E+3	1,1181459E+0	7,8124995E+1	7,6319096E-1	4,7780576E-1	1,3438054E-1	-7,9432507E-2	7,8124995E+1	-3,3543447E-1	0,0000000E+0	0,0000000E+0
1,2577746E+3	1,1186023E+0	7,8124995E+1	7,6348898E-1	4,7805722E-1	1,3438986E-1	-7,9358001E-2	7,8124995E+1	-3,3521095E-1	0,0000000E+0	0,0000000E+0
1,2595312E+3	1,1199248E+0	7,8124995E+1	7,6373112E-1	4,7827142E-1	1,3458543E-1	-7,9199676E-2	7,8124995E+1	-3,3510851E-1	0,0000000E+0	0,0000000E+0
1,2612864E+3	1,1240878E+0	7,8124995E+1	7,6401983E-1	4,7843906E-1	1,3470651E-1	-7,9367315E-2	7,8124995E+1	-3,3514576E-1	0,0000000E+0	0,0000000E+0
1,2630407E+3	1,1127908E+0	7,8124995E+1	7,6275323E-1	4,7848563E-1	1,3454818E-1	-7,9572206E-2	7,8124995E+1	-3,3480117E-1	0,0000000E+0	0,0000000E+0
1,2647948E+3	1,1064765E+0	7,8124995E+1	7,6302332E-1	4,7818760E-1	1,3435260E-1	-7,9376628E-2	7,8124995E+1	-3,3448452E-1	0,0000000E+0	0,0000000E+0
1,2665496E+3	1,1181180E+0	7,8124995E+1	7,6334928E-1	4,7801997E-1	1,3424084E-1	-7,9143797E-2	7,8124995E+1	-3,3406543E-1	0,0000000E+0	0,0000000E+0
1,2683067E+3	1,1246466E+0	7,8124995E+1	7,6362868E-1	4,7784302E-1	1,3418496E-1	-7,8883027E-2	7,8124995E+1	-3,3385122E-1	0,0000000E+0	0,0000000E+0
1,2700618E+3	1,1296850E+0	7,8124995E+1	7,6383357E-1	4,7758224E-1	1,3433398E-1	-7,8780581E-2	7,8124995E+1	-3,3370221E-1	0,0000000E+0	0,0000000E+0
1,2718190E+3	1,1297782E+0	7,8124995E+1	7,6386151E-1	4,7784302E-1	1,3426878E-1	-7,8966846E-2	7,8124995E+1	-3,3365565E-1	0,0000000E+0	0,0000000E+0
1,2735736E+3	1,1279993E+0	7,8124995E+1	7,6393601E-1	4,7772194E-1	1,3425016E-1	-7,8855087E-2	7,8124995E+1	-3,3366496E-1	0,0000000E+0	0,0000000E+0
1,2753272E+3	1,1236966E+0	7,8124995E+1	7,6379632E-1	4,7785233E-1	1,3443642E-1	-7,8817834E-2	7,8124995E+1	-3,3372084E-1	0,0000000E+0	0,0000000E+0
1,2770816E+3	1,1192077E+0	7,8124995E+1	7,6376838E-1	4,7792683E-1	1,3447367E-1	-7,8659509E-2	7,8124995E+1	-3,3370221E-1	0,0000000E+0	0,0000000E+0
1,2788375E+3	1,1157618E+0	7,8124995E+1	7,6377769E-1	4,7798271E-1	1,3440848E-1	-7,8659509E-2	7,8124995E+1	-3,3379534E-1	0,0000000E+0	0,0000000E+0
1,2805933E+3	1,1126232E+0	7,8124995E+1	7,6367524E-1	4,7811310E-1	1,3440848E-1	-7,8706075E-2	7,8124995E+1	-3,3386985E-1	0,0000000E+0	0,0000000E+0
1,2823475E+3	1,1089910E+0	7,8124995E+1	7,6379632E-1	4,7828074E-1	1,3456681E-1	-7,8948219E-2	7,8124995E+1	-3,3410268E-1	0,0000000E+0	0,0000000E+0
1,2841028E+3	1,1089352E+0	7,8124995E+1	7,6374044E-1	4,7823417E-1	1,3465063E-1	-7,9059978E-2	7,8124995E+1	-3,3404680E-1	0,0000000E+0	0,0000000E+0
1,2858599E+3	1,1090469E+0	7,8124995E+1	7,6376838E-1	4,7839250E-1	1,3455749E-1	-7,9292809E-2	7,8124995E+1	-3,3426101E-1	0,0000000E+0	0,0000000E+0
1,2876143E+3	1,1087303E+0	7,8124995E+1	7,6364730E-1	4,7842044E-1	1,3472513E-1	-7,9199676E-2	7,8124995E+1	-3,3440070E-1	0,0000000E+0	0,0000000E+0
1,2893703E+3	1,1067186E+0	7,8124995E+1	7,6391739E-1	4,7859739E-1	1,3468788E-1	-7,9264869E-2	7,8124995E+1	-3,3447521E-1	0,0000000E+0	0,0000000E+0
1,2911252E+3	1,1056103E+0	7,8124995E+1	7,6393601E-1	4,7873708E-1	1,3459475E-1	-7,9274182E-2	7,8124995E+1	-3,3474529E-1	0,0000000E+0	0,0000000E+0
1,2928794E+3	1,1076499E+0	7,8124995E+1	7,6414090E-1	4,7880228E-1	1,3472513E-1	-7,9423194E-2	7,8124995E+1	-3,3494087E-1	0,0000000E+0	0,0000000E+0
1,2946370E+3	1,1108909E+0	7,8124995E+1	7,6391739E-1	4,7902579E-1	1,3466925E-1	-7,9059978E-2	7,8124995E+1	-3,3515507E-1	0,0000000E+0	0,0000000E+0
1,2963924E+3	1,1035242E+0	7,8124995E+1	7,6363799E-1	4,7910030E-1	1,3454818E-1	-7,9078605E-2	7,8124995E+1	-3,3522027E-1	0,0000000E+0	0,0000000E+0
1,2981458E+3	1,1039712E+0	7,8124995E+1	7,6374975E-1	4,7910961E-1	1,3457612E-1	-7,9059978E-2	7,8124995E+1	-3,3550898E-1	0,0000000E+0	0,0000000E+0
1,2999027E+3	1,1044555E+0	7,8124995E+1	7,6395464E-1	4,7910961E-1	1,3462269E-1	-7,9208990E-2	7,8124995E+1	-3,3546241E-1	0,0000000E+0	0,0000000E+0
1,3016587E+3	1,1063927E+0	7,8124995E+1	7,6405709E-1	4,7889541E-1	1,3450161E-1	-7,9255556E-2	7,8124995E+1	-3,3574181E-1	0,0000000E+0	0,0000000E+0
1,3034136E+3	1,1076406E+0	7,8124995E+1	7,6414090E-1	4,7899786E-1	1,3442711E-1	-7,9423194E-2	7,8124995E+1	-3,3599327E-1	0,0000000E+0	0,0000000E+0
1,3051692E+3	1,1052285E+0	7,8124995E+1	7,6435511E-1	4,7907236E-1	1,3463200E-1	-7,9460447E-2	7,8124995E+1	-3,3615159E-1	0,0000000E+0	0,0000000E+0
1,3069248E+3	1,1053403E+0	7,8124995E+1	7,6443893E-1	4,7917481E-1	1,3454818E-1	-7,9534953E-2	7,8124995E+1	-3,3620747E-1	0,0000000E+0	0,0000000E+0
1,3086783E+3	1,1060667E+0	7,8124995E+1	7,6440168E-1	4,7922137E-1	1,3480895E-1	-7,9507013E-2	7,8124995E+1	-3,3630991E-1	0,0000000E+0	0,0000000E+0
1,3104339E+3	1,1065324E+0	7,8124995E+1	7,6441099E-1	4,7914687E-1	1,3493002E-1	-7,9600145E-2	7,8124995E+1	-3,3669176E-1	0,0000000E+0	0,0000000E+0
1,3121871E+3	1,1069235E+0	7,8124995E+1	7,6448549E-1	4,7928657E-1	1,3484620E-1	-7,9581519E-2	7,8124995E+1	-3,3675695E-1	0,0000000E+0	0,0000000E+0
1,3139400E+3	1,1054334E+0	7,8124995E+1	7,6447618E-1	4,7925863E-1	1,3500453E-1	-7,9581519E-2	7,8124995E+1	-3,3705497E-1	0,0000000E+0	0,0000000E+0
1,3156951E+3	1,1069701E+0	7,8124995E+1	7,6432717E-1	4,7934244E-1	1,3502315E-1	-7,9646711E-2	7,8124995E+1	-3,3722261E-1	0,0000000E+0	0,0000000E+0
1,3174500E+3	1,1075196E+0	7,8124995E+1	7,6436442E-1	4,7928657E-1	1,3520011E-1	-7,9730530E-2	7,8124995E+1	-3,3732506E-1	0,0000000E+0	0,0000000E+0
1,3192046E+3	1,1091121E+0	7,8124995E+1	7,6449481E-1	4,7934244E-1	1,3525599E-1	-7,9851602E-2	7,8124995E+1	-3,3744613E-1	0,0000000E+0	0,0000000E+0
1,3209598E+3	1,1103787E+0	7,8124995E+1	7,6474626E-1	4,7937970E-1	1,3537706E-1	-7,9981987E-2	7,8124995E+1	-3,3749269E-1	0,0000000E+0	0,0000000E+0
1,3227143E+3	1,1108351E+0	7,8124995E+1	7,6484871E-1	4,7954734E-1	1,3540500E-1	-8,0121686E-2	7,8124995E+1	-3,3767896E-1	0,0000000E+0	0,0000000E+0
1,3244696E+3	1,1117757E+0	7,8124995E+1	7,6503497E-1	4,7959390E-1	1,3545156E-1	-8,0130999E-2	7,8124995E+1	-3,3783728E-1	0,0000000E+0	0,0000000E+0
1,3262237E+3	1,1130609E+0	7,8124995E+1	7,6527712E-1	4,7968703E-1	1,3550744E-1	-8,0280011E-2	7,8124995E+1	-3,3808874E-1	0,0000000E+0	0,0000000E+0
1,3279777E+3	1,1086465E+0	7,8124995E+1	7,6523055E-1	4,7976154E-1	1,3571233E-1	-8,0633913E-2	7,8124995E+1	-3,3807943E-1	0,0000000E+0	0,0000000E+0
1,3297328E+3	1,1103228E+0	7,8124995E+1	7,6535162E-1	4,7980811E-1	1,3569371E-1	-8,0596660E-2	7,8124995E+1	-3,3820981E-1	0,0000000E+0	0,0000000E+0
1,3314879E+3	1,1041389E+0	7,8124995E+1	7,6508154E-1	4,7981742E-1	1,3574027E-1	-8,0624600E-2	7,8124995E+1	-3,3839608E-1	0,0000000E+0	0,0000000E+0
1,3332424E+3	1,0823738E+0	7,8124995E+1	7,6383357E-1	4,7975223E-1	1,3546088E-1	-8,0494215E-2	7,8124995E+1	-3,3857303E-1	0,0000000E+0	0,0000000E+0
1,3349960E+3	1,0835566E+0	7,8124995E+1	7,6426198E-1	4,7964047E-1	1,3547950E-1	-8,0605974E-2	7,8124995E+1	-3,3864753E-1	0,0000000E+0	0,0000000E+0
1,3367508E+3	1,0958687E+0	7,8124995E+1	7,6459725E-1	4,7937970E-1	1,3553538E-1	-8,0624600E-2	7,8124995E+1	-3,3848921E-1	0,0000000E+0	0,0000000E+0
1,3385061E+3	1,1090562E+0	7,8124995E+1	7,6490459E-1	4,7932382E-1	1,3536774E-1	-8,0643227E-2	7,8124995E+1	-3,3868479E-1	0,0000000E+0	0,0000000E+0
1,3402610E+3	1,1129305E+0	7,8124995E+1	7,6493253E-1	4,7922137E-1	1,3543294E-1	-8,0596660E-2	7,8124995E+1	-3,3864753E-1	0,0000000E+0	0,0000000E+0
1,3420169E+3	1,1145045E+0	7,8124995E+1	7,6482077E-1	4,7917481E-1	1,3519079E-1	-8,0708419E-2	7,8124995E+1	-3,3876861E-1	0,0000000E+0	0,0000000E+0
1,3437724E+3	1,1138898E+0	7,8124995E+1	7,6487665E-1	4,7925863E-1	1,3516285E-1	-8,0596660E-2	7,8124995E+1	-3,3884311E-1	0,0000000E+0	0,0000000E+0
1,3455276E+3	1,1141785E+0	7,8124995E+1	7,6492322E-1	4,7937970E-1	1,3532118E-1	-8,0643227E-2	7,8124995E+1	-3,3887105E-1	0,0000000E+0	0,0000000E+0
1,3472826E+3	1,1147839E+0	7,8124995E+1	7,6501635E-1	4,7933313E-1	1,3522805E-1	-8,0708419E-2	7,8124995E+1	-3,3891762E-1	0,0000000E+0	0,0000000E+0
1,3490362E+3	1,1173450E+0	7,8124995E+1	7,6523987E-1	4,7940764E-1	1,3528393E-1	-8,0801551E-2	7,8124995E+1	-3,3900144E-1	0,0000000E+0	0,0000000E+0
1,3507895E+3	1,1187979E+0	7,8124995E+1	7,6541682E-1	4,7946352E-1	1,3532118E-1	-8,0792238E-2	7,8124995E+1	-3,3890831E-1	0,0000000E+0	0,0000000E+0
1,3525464E+3	1,1196826E+0	7,8124995E+1	7,6566827E-1	4,7951940E-1	1,3528393E-1	-8,0727046E-2	7,8124995E+1	-3,3900144E-1	0,0000000E+0	0,0000000E+0
1,3543011E+3	1,1206326E+0	7,8124995E+1	7,6591042E-1	4,7971497E-1	1,3540500E-1	-8,0587347E-2	7,8124995E+1	-3,3895487E-1	0,0000000E+0	0,0000000E+0
1,3560557E+3	1,1230168E+0	7,8124995E+1	7,6618981E-1	4,7980811E-1	1,3540500E-1	-8,0419709E-2	7,8124995E+1	-3,3901075E-1	0,0000000E+0	0,0000000E+0
1,3578099E+3	1,1237898E+0	7,8124995E+1	7,6638539E-1	4,7992918E-1	1,3554470E-1	-8,0345203E-2	7,8124995E+1	-3,3904800E-1	0,0000000E+0	0,0000000E+0
1,3595668E+3	1,1235756E+0	7,8124995E+1	7,6653440E-1	4,8020857E-1	1,3559126E-1	-8,0224131E-2	7,8124995E+1	-3,3903869E-1	0,0000000E+0	0,0000000E+0
1,3613206E+3	1,1244417E+0	7,8124995E+1	7,6673929E-1	4,8025514E-1	1,3575890E-1	-8,0149626E-2	7,8124995E+1	-3,3886174E-1	0,0000000E+0	0,0000000E+0
1,3630763E+3	1,1234731E+0	7,8124995E+1	7,6681380E-1	4,8046934E-1	1,3596379E-1	-8,0103059E-2	7,8124995E+1	-3,3891762E-1	0,0000000E+0	0,0000000E+0
1,3648307E+3	1,1219923E+0	7,8124995E+1	7,6704663E-1	4,8063698E-1	1,3592654E-1	-8,0103059E-2	7,8124995E+1	-3,3894556E-1	0,0000000E+0	0,0000000E+0
1,3665842E+3	1,1180528E+0	7,8124995E+1	7,6719564E-1	4,8088844E-1	1,3598242E-1	-8,0177565E-2	7,8124995E+1	-3,3872204E-1	0,0000000E+0	0,0000000E+0
1,3683395E+3	1,1148584E+0	7,8124995E+1	7,6708388E-1	4,8100951E-1	1,3597310E-1	-8,0261384E-2	7,8124995E+1	-3,3885243E-1	0,0000000E+0	0,0000000E+0
1,3700948E+3	1,1128933E+0	7,8124995E+1	7,6735397E-1	4,8122372E-1	1,3610349E-1	-8,0252071E-2	7,8124995E+1	-3,3865685E-1	0,0000000E+0	0,0000000E+0
1,3718503E+3	1,1131727E+0	7,8124995E+1	7,6755886E-1	4,8134479E-1	1,3602898E-1	-8,0317264E-2	7,8124995E+1	-3,3871273E-1	0,0000000E+0	0,0000000E+0
1,3736048E+3	1,1144672E+0	7,8124995E+1	7,6768924E-1	4,8153105E-1	1,3629907E-1	-8,0121686E-2	7,8124995E+1	-3,3861028E-1	0,0000000E+0	0,0000000E+0
1,3753596E+3	1,1213590E+0	7,8124995E+1	7,6810834E-1	4,8169869E-1	1,3633632E-1	-8,0047180E-2	7,8124995E+1	-3,3884311E-1	0,0000000E+0	0,0000000E+0
1,3771165E+3	1,1171587E+0	7,8124995E+1	7,6741916E-1	4,8173594E-1	1,3660640E-1	-8,0149626E-2	7,8124995E+1	-3,3853578E-1	0,0000000E+0	0,0000000E+0
1,3788716E+3	1,1120365E+0	7,8124995E+1	7,6680449E-1	4,8185702E-1	1,3652258E-1	-8,0196192E-2	7,8124995E+1	-3,3854509E-1	0,0000000E+0	0,0000000E+0
1,3806261E+3	1,1083671E+0	7,8124995E+1	7,6646921E-1	4,8175457E-1	1,3664366E-1	-8,0168252E-2	7,8124995E+1	-3,3851715E-1	0,0000000E+0	0,0000000E+0
1,3823823E+3	1,1029002E+0	7,8124995E+1	7,6625501E-1	4,8184770E-1	1,3664366E-1	-8,0261384E-2	7,8124995E+1	-3,3860097E-1	0,0000000E+0	0,0000000E+0
1,3841368E+3	1,0981411E+0	7,8124995E+1	7,6608737E-1	4,8160556E-1	1,3654121E-1	-8,0214818E-2	7,8124995E+1	-3,3879655E-1	0,0000000E+0	0,0000000E+0
1,3858913E+3	1,1022762E+0	7,8124995E+1	7,6623638E-1	4,8149380E-1	1,3651327E-1	-8,0103059E-2	7,8124995E+1	-3,3861028E-1	0,0000000E+0	0,0000000E+0
1,3876450E+3	1,1085720E+0	7,8124995E+1	7,6654372E-1	4,8154037E-1	1,3649464E-1	-7,9888855E-2	7,8124995E+1	-3,3859166E-1	0,0000000E+0	0,0000000E+0
1,3894035E+3	1,1113752E+0	7,8124995E+1	7,6688831E-1	4,8154968E-1	1,3645739E-1	-7,9907482E-2	7,8124995E+1	-3,3859166E-1	0,0000000E+0	0,0000000E+0
1,3911578E+3	1,1108630E+0	7,8124995E+1	7,6692556E-1	4,8152174E-1	1,3657846E-1	-7,9702591E-2	7,8124995E+1	-3,3859166E-1	0,0000000E+0	0,0000000E+0
1,3929119E+3	1,1152123E+0	7,8124995E+1	7,6706526E-1	4,8165212E-1	1,3681129E-1	-7,9646711E-2	7,8124995E+1	-3,3835882E-1	0,0000000E+0	0,0000000E+0
1,3946657E+3	1,1137222E+0	7,8124995E+1	7,6703732E-1	4,8156831E-1	1,3683923E-1	-7,9693277E-2	7,8124995E+1	-3,3830295E-1	0,0000000E+0	0,0000000E+0
1,3964209E+3	1,1140295E+0	7,8124995E+1	7,6713045E-1	4,8164281E-1	1,3695099E-1	-7,9851602E-2	7,8124995E+1	-3,3817256E-1	0,0000000E+0	0,0000000E+0
1,3981757E+3	1,1238084E+0	7,8124995E+1	7,6733534E-1	4,8166144E-1	1,3696962E-1	-7,9777096E-2	7,8124995E+1	-3,3812599E-1	0,0000000E+0	0,0000000E+0
1,3999327E+3	1,1208561E+0	7,8124995E+1	7,6738191E-1	4,8153105E-1	1,3711863E-1	-7,9665338E-2	7,8124995E+1	-3,3807943E-1	0,0000000E+0	0,0000000E+0
1,4016906E+3	1,1233055E+0	7,8124995E+1	7,6749367E-1	4,8168938E-1	1,3721176E-1	-7,9656025E-2	7,8124995E+1	-3,3789316E-1	0,0000000E+0	0,0000000E+0
1,4034466E+3	1,1194498E+0	7,8124995E+1	7,6760542E-1	4,8180114E-1	1,3723039E-1	-7,9600145E-2	7,8124995E+1	-3,3795836E-1	0,0000000E+0	0,0000000E+0
1,4052002E+3	1,1192263E+0	7,8124995E+1	7,6790345E-1	4,8186633E-1	1,3721176E-1	-7,9711904E-2	7,8124995E+1	-3,3784660E-1	0,0000000E+0	0,0000000E+0
1,4069570E+3	1,1162181E+0	7,8124995E+1	7,6774512E-1	4,8193152E-1	1,3723970E-1	-7,9739844E-2	7,8124995E+1	-3,3808874E-1	0,0000000E+0	0,0000000E+0
1,4087123E+3	1,1122041E+0	7,8124995E+1	7,6783826E-1	4,8202465E-1	1,3723970E-1	-7,9693277E-2	7,8124995E+1	-3,3807943E-1	0,0000000E+0	0,0000000E+0
1,4104665E+3	1,1103508E+0	7,8124995E+1	7,6773581E-1	4,8213641E-1	1,3734215E-1	-7,9795723E-2	7,8124995E+1	-3,3821913E-1	0,0000000E+0	0,0000000E+0
1,4122211E+3	1,1117198E+0	7,8124995E+1	7,6803383E-1	4,8205259E-1	1,3747253E-1	-7,9749157E-2	7,8124995E+1	-3,3830295E-1	0,0000000E+0	0,0000000E+0
1,4139750E+3	1,1126325E+0	7,8124995E+1	7,6807109E-1	4,8200603E-1	1,3743528E-1	-7,9860916E-2	7,8124995E+1	-3,3841470E-1	0,0000000E+0	0,0000000E+0
1,4157290E+3	1,1121296E+0	7,8124995E+1	7,6797795E-1	4,8224817E-1	1,3739803E-1	-7,9898168E-2	7,8124995E+1	-3,3852646E-1	0,0000000E+0	0,0000000E+0
1,4174823E+3	1,1126046E+0	7,8124995E+1	7,6811765E-1	4,8211779E-1	1,3745391E-1	-7,9888855E-2	7,8124995E+1	-3,3859166E-1	0,0000000E+0	0,0000000E+0
1,4192367E+3	1,1132658E+0	7,8124995E+1	7,6803383E-1	4,8232268E-1	1,3750047E-1	-7,9879542E-2	7,8124995E+1	-3,3873135E-1	0,0000000E+0	0,0000000E+0
1,4209927E+3	1,1114218E+0	7,8124995E+1	7,6799658E-1	4,8227611E-1	1,3762155E-1	-7,9972674E-2	7,8124995E+1	-3,3888037E-1	0,0000000E+0	0,0000000E+0
1,4227471E+3	1,1115429E+0	7,8124995E+1	7,6792207E-1	4,8240650E-1	1,3747253E-1	-8,0103059E-2	7,8124995E+1	-3,3892693E-1	0,0000000E+0	0,0000000E+0
1,4245027E+3	1,1103415E+0	7,8124995E+1	7,6793139E-1	4,8228542E-1	1,3750979E-1	-8,0093746E-2	7,8124995E+1	-3,3894556E-1	0,0000000E+0	0,0000000E+0
1,4262609E+3	1,1091773E+0	7,8124995E+1	7,6789413E-1	4,8224817E-1	1,3751910E-1	-8,0112373E-2	7,8124995E+1	-3,3908526E-1	0,0000000E+0	0,0000000E+0
1,4280145E+3	1,1110120E+0	7,8124995E+1	7,6778238E-1	4,8235993E-1	1,3762155E-1	-8,0093746E-2	7,8124995E+1	-3,3927152E-1	0,0000000E+0	0,0000000E+0
1,4297708E+3	1,1108258E+0	7,8124995E+1	7,6771718E-1	4,8236924E-1	1,3759361E-1	-8,0233445E-2	7,8124995E+1	-3,3939259E-1	0,0000000E+0	0,0000000E+0
1,4315241E+3	1,1117664E+0	7,8124995E+1	7,6789413E-1	4,8235062E-1	1,3757498E-1	-8,0317264E-2	7,8124995E+1	-3,3956954E-1	0,0000000E+0	0,0000000E+0
1,4332781E+3	1,1111517E+0	7,8124995E+1	7,6795001E-1	4,8222954E-1	1,3768674E-1	-8,0391769E-2	7,8124995E+1	-3,3965336E-1	0,0000000E+0	0,0000000E+0
1,4350324E+3	1,1117385E+0	7,8124995E+1	7,6799658E-1	4,8252757E-1	1,3752841E-1	-8,0401083E-2	7,8124995E+1	-3,3973718E-1	0,0000000E+0	0,0000000E+0
1,4367857E+3	1,1122414E+0	7,8124995E+1	7,6816422E-1	4,8248100E-1	1,3750047E-1	-8,0484902E-2	7,8124995E+1	-3,3996070E-1	0,0000000E+0	0,0000000E+0
1,4385417E+3	1,1129492E+0	7,8124995E+1	7,6820147E-1	4,8248100E-1	1,3754704E-1	-8,0494215E-2	7,8124995E+1	-3,3999795E-1	0,0000000E+0	0,0000000E+0
1,4402967E+3	1,1138805E+0	7,8124995E+1	7,6818285E-1	4,8257413E-1	1,3731421E-1	-8,0456962E-2	7,8124995E+1	-3,4003521E-1	0,0000000E+0	0,0000000E+0
1,4420518E+3	1,1137408E+0	7,8124995E+1	7,6826666E-1	4,8257413E-1	1,3748185E-1	-8,0391769E-2	7,8124995E+1	-3,3998864E-1	0,0000000E+0	0,0000000E+0
1,4438083E+3	1,1143275E+0	7,8124995E+1	7,6844362E-1	4,8266727E-1	1,3744459E-1	-8,0429022E-2	7,8124995E+1	-3,4025872E-1	0,0000000E+0	0,0000000E+0
1,4455624E+3	1,1151750E+0	7,8124995E+1	7,6850881E-1	4,8249963E-1	1,3735146E-1	-8,0345203E-2	7,8124995E+1	-3,4014696E-1	0,0000000E+0	0,0000000E+0
1,4473181E+3	1,1157897E+0	7,8124995E+1	7,6867645E-1	4,8263933E-1	1,3736077E-1	-8,0456962E-2	7,8124995E+1	-3,4010971E-1	0,0000000E+0	0,0000000E+0
1,4490728E+3	1,1173636E+0	7,8124995E+1	7,6879752E-1	4,8280696E-1	1,3744459E-1	-8,0373143E-2	7,8124995E+1	-3,4020284E-1	0,0000000E+0	0,0000000E+0
1,4508285E+3	1,1180808E+0	7,8124995E+1	7,6907691E-1	4,8286284E-1	1,3736077E-1	-8,0578034E-2	7,8124995E+1	-3,4020284E-1	0,0000000E+0	0,0000000E+0
1,4525835E+3	1,1179504E+0	7,8124995E+1	7,6928181E-1	4,8277903E-1	1,3745391E-1	-8,0401083E-2	7,8124995E+1	-3,4021216E-1	0,0000000E+0	0,0000000E+0
1,4543407E+3	1,1198875E+0	7,8124995E+1	7,6952395E-1	4,8296529E-1	1,3759361E-1	-8,0214818E-2	7,8124995E+1	-3,4005383E-1	0,0000000E+0	0,0000000E+0
1,4560954E+3	1,1210703E+0	7,8124995E+1	7,6990579E-1	4,8317018E-1	1,3739803E-1	-8,0149626E-2	7,8124995E+1	-3,4007246E-1	0,0000000E+0	0,0000000E+0
1,4578513E+3	1,1221041E+0	7,8124995E+1	7,7005480E-1	4,8307705E-1	1,3765880E-1	-8,0103059E-2	7,8124995E+1	-3,4002589E-1	0,0000000E+0	0,0000000E+0
1,4596062E+3	1,1230913E+0	7,8124995E+1	7,7031557E-1	4,8333782E-1	1,3759361E-1	-8,0009927E-2	7,8124995E+1	-3,3985825E-1	0,0000000E+0	0,0000000E+0
1,4613610E+3	1,1235662E+0	7,8124995E+1	7,7069742E-1	4,8357065E-1	1,3769605E-1	-7,9963361E-2	7,8124995E+1	-3,3972787E-1	0,0000000E+0	0,0000000E+0
1,4631154E+3	1,1221786E+0	7,8124995E+1	7,7079986E-1	4,8359859E-1	1,3760292E-1	-7,9963361E-2	7,8124995E+1	-3,3963474E-1	0,0000000E+0	0,0000000E+0
1,4648703E+3	1,1207537E+0	7,8124995E+1	7,7100475E-1	4,8389661E-1	1,3768674E-1	-7,9795723E-2	7,8124995E+1	-3,3956954E-1	0,0000000E+0	0,0000000E+0
1,4666260E+3	1,1211076E+0	7,8124995E+1	7,7126552E-1	4,8404562E-1	1,3769605E-1	-7,9739844E-2	7,8124995E+1	-3,3943916E-1	0,0000000E+0	0,0000000E+0
1,4683828E+3	1,1221506E+0	7,8124995E+1	7,7130278E-1	4,8411082E-1	1,3778918E-1	-7,9711904E-2	7,8124995E+1	-3,3934603E-1	0,0000000E+0	0,0000000E+0
1,4701380E+3	1,1216012E+0	7,8124995E+1	7,7153561E-1	4,8428777E-1	1,3787300E-1	-7,9730530E-2	7,8124995E+1	-3,3935534E-1	0,0000000E+0	0,0000000E+0
1,4718917E+3	1,1229143E+0	7,8124995E+1	7,7181500E-1	4,8440884E-1	1,3778918E-1	-7,9739844E-2	7,8124995E+1	-3,3921564E-1	0,0000000E+0	0,0000000E+0
1,4736463E+3	1,1229423E+0	7,8124995E+1	7,7200127E-1	4,8468824E-1	1,3777056E-1	-7,9860916E-2	7,8124995E+1	-3,3917839E-1	0,0000000E+0	0,0000000E+0
1,4754033E+3	1,1214149E+0	7,8124995E+1	7,7230860E-1	4,8480000E-1	1,3790094E-1	-7,9814349E-2	7,8124995E+1	-3,3913182E-1	0,0000000E+0	0,0000000E+0
1,4771571E+3	1,1219271E+0	7,8124995E+1	7,7243899E-1	4,8479068E-1	1,3786369E-1	-7,9749157E-2	7,8124995E+1	-3,3915976E-1	0,0000000E+0	0,0000000E+0
1,4789109E+3	1,1264161E+0	7,8124995E+1	7,7271839E-1	4,8503283E-1	1,3793819E-1	-7,9786410E-2	7,8124995E+1	-3,3922495E-1	0,0000000E+0	0,0000000E+0
1,4806666E+3	1,1235104E+0	7,8124995E+1	7,7273701E-1	4,8506077E-1	1,3784506E-1	-7,9581519E-2	7,8124995E+1	-3,3909457E-1	0,0000000E+0	0,0000000E+0
1,4824217E+3	1,1215825E+0	7,8124995E+1	7,7267182E-1	4,8519115E-1	1,3790094E-1	-7,9739844E-2	7,8124995E+1	-3,3910388E-1	0,0000000E+0	0,0000000E+0
1,4841747E+3	1,1156779E+0	7,8124995E+1	7,7267182E-1	4,8518184E-1	1,3772399E-1	-7,9851602E-2	7,8124995E+1	-3,3903869E-1	0,0000000E+0	0,0000000E+0
1,4859279E+3	1,1143555E+0	7,8124995E+1	7,7283946E-1	4,8528428E-1	1,3786369E-1	-7,9963361E-2	7,8124995E+1	-3,3923427E-1	0,0000000E+0	0,0000000E+0
1,4876825E+3	1,1167583E+0	7,8124995E+1	7,7283014E-1	4,8547986E-1	1,3773330E-1	-8,0065807E-2	7,8124995E+1	-3,3926221E-1	0,0000000E+0	0,0000000E+0
1,4894359E+3	1,1176523E+0	7,8124995E+1	7,7281152E-1	4,8565681E-1	1,3788232E-1	-7,9981987E-2	7,8124995E+1	-3,3933671E-1	0,0000000E+0	0,0000000E+0
1,4911905E+3	1,1186023E+0	7,8124995E+1	7,7293259E-1	4,8573132E-1	1,3783575E-1	-8,0121686E-2	7,8124995E+1	-3,3934603E-1	0,0000000E+0	0,0000000E+0
1,4929468E+3	1,1189096E+0	7,8124995E+1	7,7305366E-1	4,8578720E-1	1,3788232E-1	-8,0326577E-2	7,8124995E+1	-3,3936465E-1	0,0000000E+0	0,0000000E+0
1,4946998E+3	1,1194405E+0	7,8124995E+1	7,7312817E-1	4,8589896E-1	1,3787300E-1	-8,0391769E-2	7,8124995E+1	-3,3951366E-1	0,0000000E+0	0,0000000E+0
1,4964556E+3	1,1210237E+0	7,8124995E+1	7,7336100E-1	4,8614110E-1	1,3800339E-1	-8,0326577E-2	7,8124995E+1	-3,3951366E-1	0,0000000E+0	0,0000000E+0
1,4982117E+3	1,1209027E+0	7,8124995E+1	7,7351932E-1	4,8604797E-1	1,3795682E-1	-8,0317264E-2	7,8124995E+1	-3,3959748E-1	0,0000000E+0	0,0000000E+0
1,4999645E+3	1,1238829E+0	7,8124995E+1	7,7370559E-1	4,8619698E-1	1,3789163E-1	-8,0177565E-2	7,8124995E+1	-3,3964405E-1	0,0000000E+0	0,0000000E+0
1,5017205E+3	1,1246931E+0	7,8124995E+1	7,7384529E-1	4,8622492E-1	1,3785438E-1	-8,0214818E-2	7,8124995E+1	-3,3973718E-1	0,0000000E+0	0,0000000E+0
1,5034764E+3	1,1244789E+0	7,8124995E+1	7,7391048E-1	4,8632736E-1	1,3814309E-1	-8,0149626E-2	7,8124995E+1	-3,3983963E-1	0,0000000E+0	0,0000000E+0
1,5052326E+3	1,1308771E+0	7,8124995E+1	7,7440408E-1	4,8644844E-1	1,3829210E-1	-8,0196192E-2	7,8124995E+1	-3,3989551E-1	0,0000000E+0	0,0000000E+0
1,5069886E+3	1,1231472E+0	7,8124995E+1	7,7370559E-1	4,8645775E-1	1,3814309E-1	-8,0233445E-2	7,8124995E+1	-3,3999795E-1	0,0000000E+0	0,0000000E+0
1,5087424E+3	1,1129305E+0	7,8124995E+1	7,7311885E-1	4,8640187E-1	1,3818965E-1	-8,0466275E-2	7,8124995E+1	-3,3998864E-1	0,0000000E+0	0,0000000E+0
1,5104986E+3	1,1124928E+0	7,8124995E+1	7,7310954E-1	4,8627148E-1	1,3831072E-1	-8,0447649E-2	7,8124995E+1	-3,4000727E-1	0,0000000E+0	0,0000000E+0
1,5122527E+3	1,1146628E+0	7,8124995E+1	7,7334237E-1	4,8621561E-1	1,3799407E-1	-8,0475588E-2	7,8124995E+1	-3,3987688E-1	0,0000000E+0	0,0000000E+0
1,5140069E+3	1,1202507E+0	7,8124995E+1	7,7360314E-1	4,8624355E-1	1,3799407E-1	-8,0540781E-2	7,8124995E+1	-3,3992345E-1	0,0000000E+0	0,0000000E+0
1,5157627E+3	1,1246931E+0	7,8124995E+1	7,7378941E-1	4,8620629E-1	1,3791026E-1	-8,0382456E-2	7,8124995E+1	-3,3969062E-1	0,0000000E+0	0,0000000E+0
1,5175170E+3	1,1261088E+0	7,8124995E+1	7,7381735E-1	4,8618767E-1	1,3791026E-1	-8,0438336E-2	7,8124995E+1	-3,3965336E-1	0,0000000E+0	0,0000000E+0
1,5192697E+3	1,1233800E+0	7,8124995E+1	7,7324924E-1	4,8605728E-1	1,3779850E-1	-8,0456962E-2	7,8124995E+1	-3,3960680E-1	0,0000000E+0	0,0000000E+0
1,5210242E+3	1,1360553E+0	7,8124995E+1	7,7304435E-1	4,8560093E-1	1,3752841E-1	-8,0196192E-2	7,8124995E+1	-3,3910388E-1	0,0000000E+0	0,0000000E+0
1,5227781E+3	1,1447538E+0	7,8124995E+1	7,7295122E-1	4,8504214E-1	1,3735146E-1	-7,9264869E-2	7,8124995E+1	-3,3864753E-1	0,0000000E+0	0,0000000E+0
1,5245322E+3	1,1472405E+0	7,8124995E+1	7,7090231E-1	4,8436227E-1	1,3706275E-1	-7,8901653E-2	7,8124995E+1	-3,3807943E-1	0,0000000E+0	0,0000000E+0
1,5262877E+3	1,1348446E+0	7,8124995E+1	7,7029695E-1	4,8387799E-1	1,3657846E-1	-7,9153110E-2	7,8124995E+1	-3,3796767E-1	0,0000000E+0	0,0000000E+0
1,5280406E+3	1,1356455E+0	7,8124995E+1	7,7033420E-1	4,8344958E-1	1,3622456E-1	-7,9367315E-2	7,8124995E+1	-3,3756720E-1	0,0000000E+0	0,0000000E+0
1,5297961E+3	1,1263882E+0	7,8124995E+1	7,6967296E-1	4,8303980E-1	1,3607555E-1	-7,9367315E-2	7,8124995E+1	-3,3744613E-1	0,0000000E+0	0,0000000E+0
1,5315508E+3	1,1189748E+0	7,8124995E+1	7,6964502E-1	4,8291872E-1	1,3586135E-1	-7,9572206E-2	7,8124995E+1	-3,3733437E-1	0,0000000E+0	0,0000000E+0
1,5333050E+3	1,1186489E+0	7,8124995E+1	7,6944013E-1	4,8281628E-1	1,3574027E-1	-7,9581519E-2	7,8124995E+1	-3,3741819E-1	0,0000000E+0	0,0000000E+0
1,5350599E+3	1,1183322E+0	7,8124995E+1	7,6944013E-1	4,8281628E-1	1,3570302E-1	-7,9423194E-2	7,8124995E+1	-3,3754857E-1	0,0000000E+0	0,0000000E+0
1,5368144E+3	1,1153334E+0	7,8124995E+1	7,6948670E-1	4,8280696E-1	1,3556332E-1	-7,9413881E-2	7,8124995E+1	-3,3761377E-1	0,0000000E+0	0,0000000E+0
1,5385692E+3	1,1159946E+0	7,8124995E+1	7,6969159E-1	4,8293735E-1	1,3560989E-1	-7,9320748E-2	7,8124995E+1	-3,3779072E-1	0,0000000E+0	0,0000000E+0
1,5403224E+3	1,1147187E+0	7,8124995E+1	7,6966365E-1	4,8313293E-1	1,3563783E-1	-7,9302122E-2	7,8124995E+1	-3,3798630E-1	0,0000000E+0	0,0000000E+0
1,5420784E+3	1,1134241E+0	7,8124995E+1	7,6961708E-1	4,8317018E-1	1,3571233E-1	-7,9320748E-2	7,8124995E+1	-3,3814462E-1	0,0000000E+0	0,0000000E+0
1,5438345E+3	1,1141506E+0	7,8124995E+1	7,6967296E-1	4,8329125E-1	1,3582409E-1	-7,9246243E-2	7,8124995E+1	-3,3817256E-1	0,0000000E+0	0,0000000E+0
1,5455898E+3	1,1162461E+0	7,8124995E+1	7,6978472E-1	4,8330057E-1	1,3589860E-1	-7,9413881E-2	7,8124995E+1	-3,3830295E-1	0,0000000E+0	0,0000000E+0
1,5473451E+3	1,1162461E+0	7,8124995E+1	7,6982197E-1	4,8337507E-1	1,3583341E-1	-7,9441820E-2	7,8124995E+1	-3,3840539E-1	0,0000000E+0	0,0000000E+0
1,5491004E+3	1,1174475E+0	7,8124995E+1	7,7000824E-1	4,8348683E-1	1,3595448E-1	-7,9525639E-2	7,8124995E+1	-3,3863822E-1	0,0000000E+0	0,0000000E+0
1,5508546E+3	1,1192915E+0	7,8124995E+1	7,6997098E-1	4,8356134E-1	1,3619662E-1	-7,9739844E-2	7,8124995E+1	-3,3876861E-1	0,0000000E+0	0,0000000E+0
1,5526115E+3	1,1227001E+0	7,8124995E+1	7,6996167E-1	4,8351477E-1	1,3613143E-1	-7,9926108E-2	7,8124995E+1	-3,3883380E-1	0,0000000E+0	0,0000000E+0
1,5543676E+3	1,1252426E+0	7,8124995E+1	7,7011068E-1	4,8353340E-1	1,3601036E-1	-7,9823663E-2	7,8124995E+1	-3,3905732E-1	0,0000000E+0	0,0000000E+0
1,5561217E+3	1,1241437E+0	7,8124995E+1	7,7032489E-1	4,8357996E-1	1,3614074E-1	-7,9702591E-2	7,8124995E+1	-3,3916908E-1	0,0000000E+0	0,0000000E+0
1,5578785E+3	1,1243392E+0	7,8124995E+1	7,7037145E-1	4,8371035E-1	1,3613143E-1	-7,9767783E-2	7,8124995E+1	-3,3920633E-1	0,0000000E+0	0,0000000E+0
1,5596348E+3	1,1236314E+0	7,8124995E+1	7,7043665E-1	4,8382211E-1	1,3607555E-1	-7,9870229E-2	7,8124995E+1	-3,3939259E-1	0,0000000E+0	0,0000000E+0
1,5613885E+3	1,1246652E+0	7,8124995E+1	7,7064154E-1	4,8368241E-1	1,3616868E-1	-7,9795723E-2	7,8124995E+1	-3,3948573E-1	0,0000000E+0	0,0000000E+0
1,5631457E+3	1,1248701E+0	7,8124995E+1	7,7057634E-1	4,8375691E-1	1,3625250E-1	-7,9832976E-2	7,8124995E+1	-3,3956954E-1	0,0000000E+0	0,0000000E+0
1,5648999E+3	1,1242647E+0	7,8124995E+1	7,7083711E-1	4,8383142E-1	1,3620593E-1	-7,9777096E-2	7,8124995E+1	-3,3965336E-1	0,0000000E+0	0,0000000E+0
1,5666539E+3	1,1240971E+0	7,8124995E+1	7,7092093E-1	4,8378485E-1	1,3621525E-1	-7,9767783E-2	7,8124995E+1	-3,3983031E-1	0,0000000E+0	0,0000000E+0
1,5684083E+3	1,1236966E+0	7,8124995E+1	7,7108857E-1	4,8388730E-1	1,3629907E-1	-7,9693277E-2	7,8124995E+1	-3,3985825E-1	0,0000000E+0	0,0000000E+0
1,5701624E+3	1,1242554E+0	7,8124995E+1	7,7105132E-1	4,8378485E-1	1,3632701E-1	-7,9572206E-2	7,8124995E+1	-3,3979306E-1	0,0000000E+0	0,0000000E+0
1,5719188E+3	1,1221600E+0	7,8124995E+1	7,7111651E-1	4,8408288E-1	1,3635495E-1	-7,9637398E-2	7,8124995E+1	-3,3988619E-1	0,0000000E+0	0,0000000E+0
1,5736741E+3	1,1206978E+0	7,8124995E+1	7,7125621E-1	4,8412944E-1	1,3654121E-1	-7,9553579E-2	7,8124995E+1	-3,3993276E-1	0,0000000E+0	0,0000000E+0
1,5754307E+3	1,1210051E+0	7,8124995E+1	7,7135866E-1	4,8426914E-1	1,3636426E-1	-7,9777096E-2	7,8124995E+1	-3,4001658E-1	0,0000000E+0	0,0000000E+0
1,5771828E+3	1,1213218E+0	7,8124995E+1	7,7151698E-1	4,8420395E-1	1,3641083E-1	-8,0056493E-2	7,8124995E+1	-3,3997933E-1	0,0000000E+0	0,0000000E+0
1,5789372E+3	1,1203439E+0	7,8124995E+1	7,7164737E-1	4,8448335E-1	1,3650396E-1	-8,0196192E-2	7,8124995E+1	-3,4009108E-1	0,0000000E+0	0,0000000E+0
1,5806940E+3	1,1199434E+0	7,8124995E+1	7,7180569E-1	4,8462304E-1	1,3640151E-1	-8,0280011E-2	7,8124995E+1	-3,4013765E-1	0,0000000E+0	0,0000000E+0
1,5824487E+3	1,1188631E+0	7,8124995E+1	7,7181500E-1	4,8471618E-1	1,3659709E-1	-8,0326577E-2	7,8124995E+1	-3,4022147E-1	0,0000000E+0	0,0000000E+0
1,5842057E+3	1,1173357E+0	7,8124995E+1	7,7176844E-1	4,8484656E-1	1,3655984E-1	-8,0261384E-2	7,8124995E+1	-3,4026804E-1	0,0000000E+0	0,0000000E+0
1,5859608E+3	1,1167303E+0	7,8124995E+1	7,7195470E-1	4,8491175E-1	1,3676473E-1	-8,0298637E-2	7,8124995E+1	-3,4036117E-1	0,0000000E+0	0,0000000E+0
1,5877191E+3	1,1165720E+0	7,8124995E+1	7,7212234E-1	4,8499557E-1	1,3682992E-1	-8,0084433E-2	7,8124995E+1	-3,4035186E-1	0,0000000E+0	0,0000000E+0
1,5894724E+3	1,1164696E+0	7,8124995E+1	7,7228998E-1	4,8522840E-1	1,3689511E-1	-8,0093746E-2	7,8124995E+1	-3,4042636E-1	0,0000000E+0	0,0000000E+0
1,5912264E+3	1,1178293E+0	7,8124995E+1	7,7243899E-1	4,8533085E-1	1,3699756E-1	-8,0252071E-2	7,8124995E+1	-3,4050087E-1	0,0000000E+0	0,0000000E+0
1,5929824E+3	1,1202414E+0	7,8124995E+1	7,7256006E-1	4,8543329E-1	1,3715588E-1	-8,0410396E-2	7,8124995E+1	-3,4065919E-1	0,0000000E+0	0,0000000E+0
1,5947375E+3	1,1240505E+0	7,8124995E+1	7,7282083E-1	4,8550780E-1	1,3723970E-1	-8,0363830E-2	7,8124995E+1	-3,4069644E-1	0,0000000E+0	0,0000000E+0
1,5964946E+3	1,1257083E+0	7,8124995E+1	7,7288602E-1	4,8558231E-1	1,3724902E-1	-8,0363830E-2	7,8124995E+1	-3,4056606E-1	0,0000000E+0	0,0000000E+0
1,5982488E+3	1,1277665E+0	7,8124995E+1	7,7248556E-1	4,8547986E-1	1,3736077E-1	-8,0214818E-2	7,8124995E+1	-3,4036117E-1	0,0000000E+0	0,0000000E+0
1,6000037E+3	1,1315384E+0	7,8124995E+1	7,7170324E-1	4,8534948E-1	1,3733284E-1	-7,9916795E-2	7,8124995E+1	-3,4000727E-1	0,0000000E+0	0,0000000E+0
1,6017600E+3	1,1301041E+0	7,8124995E+1	7,7013862E-1	4,8507008E-1	1,3733284E-1	-7,9795723E-2	7,8124995E+1	-3,3977444E-1	0,0000000E+0	0,0000000E+0
1,6035164E+3	1,1279062E+0	7,8124995E+1	7,6939356E-1	4,8476274E-1	1,3723970E-1	-7,9767783E-2	7,8124995E+1	-3,3956023E-1	0,0000000E+0	0,0000000E+0
1,6052710E+3	1,1269469E+0	7,8124995E+1	7,6925387E-1	4,8434365E-1	1,3742597E-1	-7,9609458E-2	7,8124995E+1	-3,3958817E-1	0,0000000E+0	0,0000000E+0
1,6070241E+3	1,1254755E+0	7,8124995E+1	7,6934700E-1	4,8424120E-1	1,3737940E-1	-7,9814349E-2	7,8124995E+1	-3,3956954E-1	0,0000000E+0	0,0000000E+0
1,6087781E+3	1,1231658E+0	7,8124995E+1	7,6955189E-1	4,8414807E-1	1,3732352E-1	-7,9516326E-2	7,8124995E+1	-3,3952298E-1	0,0000000E+0	0,0000000E+0
1,6105337E+3	1,1245348E+0	7,8124995E+1	7,6973815E-1	4,8408288E-1	1,3748185E-1	-7,9460447E-2	7,8124995E+1	-3,3947641E-1	0,0000000E+0	0,0000000E+0
1,6122890E+3	1,1258014E+0	7,8124995E+1	7,6999892E-1	4,8396180E-1	1,3755635E-1	-7,9423194E-2	7,8124995E+1	-3,3935534E-1	0,0000000E+0	0,0000000E+0
1,6140455E+3	1,1244976E+0	7,8124995E+1	7,7020382E-1	4,8414807E-1	1,3756567E-1	-7,9488386E-2	7,8124995E+1	-3,3942053E-1	0,0000000E+0	0,0000000E+0
1,6158012E+3	1,1200645E+0	7,8124995E+1	7,7039008E-1	4,8412944E-1	1,3750979E-1	-7,9376628E-2	7,8124995E+1	-3,3936465E-1	0,0000000E+0	0,0000000E+0
1,6175559E+3	1,1237525E+0	7,8124995E+1	7,7078124E-1	4,8432502E-1	1,3751910E-1	-7,9385941E-2	7,8124995E+1	-3,3944847E-1	0,0000000E+0	0,0000000E+0
1,6193099E+3	1,1269376E+0	7,8124995E+1	7,7105132E-1	4,8437159E-1	1,3739803E-1	-7,9534953E-2	7,8124995E+1	-3,3932740E-1	0,0000000E+0	0,0000000E+0
1,6210637E+3	1,1283719E+0	7,8124995E+1	7,7121896E-1	4,8451129E-1	1,3742597E-1	-7,9777096E-2	7,8124995E+1	-3,3941122E-1	0,0000000E+0	0,0000000E+0
1,6228178E+3	1,1266396E+0	7,8124995E+1	7,7139591E-1	4,8462304E-1	1,3737940E-1	-8,0028554E-2	7,8124995E+1	-3,3956023E-1	0,0000000E+0	0,0000000E+0
1,6245725E+3	1,1246093E+0	7,8124995E+1	7,7166599E-1	4,8465098E-1	1,3749116E-1	-8,0121686E-2	7,8124995E+1	-3,3969993E-1	0,0000000E+0	0,0000000E+0
1,6263287E+3	1,1247863E+0	7,8124995E+1	7,7191745E-1	4,8475343E-1	1,3733284E-1	-8,0252071E-2	7,8124995E+1	-3,3982100E-1	0,0000000E+0	0,0000000E+0
1,6280837E+3	1,1247770E+0	7,8124995E+1	7,7195470E-1	4,8480931E-1	1,3742597E-1	-8,0214818E-2	7,8124995E+1	-3,3980237E-1	0,0000000E+0	0,0000000E+0
1,6298369E+3	1,1253451E+0	7,8124995E+1	7,7217822E-1	4,8501420E-1	1,3730490E-1	-8,0121686E-2	7,8124995E+1	-3,3986757E-1	0,0000000E+0	0,0000000E+0
1,6315912E+3	1,1246000E+0	7,8124995E+1	7,7248556E-1	4,8511664E-1	1,3721176E-1	-8,0354517E-2	7,8124995E+1	-3,3997001E-1	0,0000000E+0	0,0000000E+0
1,6333454E+3	1,1251774E+0	7,8124995E+1	7,7257869E-1	4,8511664E-1	1,3723039E-1	-8,0261384E-2	7,8124995E+1	-3,4009108E-1	0,0000000E+0	0,0000000E+0
1,6351016E+3	1,1258387E+0	7,8124995E+1	7,7269976E-1	4,8521909E-1	1,3734215E-1	-8,0214818E-2	7,8124995E+1	-3,4020284E-1	0,0000000E+0	0,0000000E+0
1,6368567E+3	1,1260343E+0	7,8124995E+1	7,7280221E-1	4,8523772E-1	1,3738871E-1	-8,0363830E-2	7,8124995E+1	-3,4027735E-1	0,0000000E+0	0,0000000E+0
1,6386137E+3	1,1282974E+0	7,8124995E+1	7,7290465E-1	4,8530291E-1	1,3729558E-1	-8,0242758E-2	7,8124995E+1	-3,4029598E-1	0,0000000E+0	0,0000000E+0
1,6403693E+3	1,1289214E+0	7,8124995E+1	7,7309092E-1	4,8544261E-1	1,3749116E-1	-8,0270697E-2	7,8124995E+1	-3,4039842E-1	0,0000000E+0	0,0000000E+0
1,6421234E+3	1,1288189E+0	7,8124995E+1	7,7326787E-1	4,8557299E-1	1,3747253E-1	-8,0233445E-2	7,8124995E+1	-3,4035186E-1	0,0000000E+0	0,0000000E+0
1,6438778E+3	1,1269842E+0	7,8124995E+1	7,7339825E-1	4,8552643E-1	1,3751910E-1	-8,0335890E-2	7,8124995E+1	-3,4038911E-1	0,0000000E+0	0,0000000E+0
1,6456327E+3	1,1256152E+0	7,8124995E+1	7,7337963E-1	4,8583376E-1	1,3756567E-1	-8,0605974E-2	7,8124995E+1	-3,4037048E-1	0,0000000E+0	0,0000000E+0
1,6473875E+3	1,1241530E+0	7,8124995E+1	7,7354726E-1	4,8600140E-1	1,3755635E-1	-8,0680479E-2	7,8124995E+1	-3,4050087E-1	0,0000000E+0	0,0000000E+0
1,6491413E+3	1,1243672E+0	7,8124995E+1	7,7377078E-1	4,8607591E-1	1,3760292E-1	-8,0913310E-2	7,8124995E+1	-3,4050087E-1	0,0000000E+0	0,0000000E+0
1,6508979E+3	1,1223555E+0	7,8124995E+1	7,7391048E-1	4,8606659E-1	1,3747253E-1	-8,1015756E-2	7,8124995E+1	-3,4052881E-1	0,0000000E+0	0,0000000E+0
1,6526528E+3	1,1208002E+0	7,8124995E+1	7,7402224E-1	4,8616904E-1	1,3764948E-1	-8,1267213E-2	7,8124995E+1	-3,4062194E-1	0,0000000E+0	0,0000000E+0
1,6544078E+3	1,1215267E+0	7,8124995E+1	7,7432957E-1	4,8634599E-1	1,3767742E-1	-8,1155454E-2	7,8124995E+1	-3,4071507E-1	0,0000000E+0	0,0000000E+0
1,6561637E+3	1,1213870E+0	7,8124995E+1	7,7434820E-1	4,8641118E-1	1,3764017E-1	-8,1174080E-2	7,8124995E+1	-3,4079889E-1	0,0000000E+0	0,0000000E+0
1,6579207E+3	1,1234265E+0	7,8124995E+1	7,7456241E-1	4,8655088E-1	1,3777056E-1	-8,1183394E-2	7,8124995E+1	-3,4087340E-1	0,0000000E+0	0,0000000E+0
1,6596762E+3	1,1239574E+0	7,8124995E+1	7,7474867E-1	4,8666264E-1	1,3779850E-1	-8,1015756E-2	7,8124995E+1	-3,4085477E-1	0,0000000E+0	0,0000000E+0
1,6614316E+3	1,1242834E+0	7,8124995E+1	7,7477661E-1	4,8671852E-1	1,3776124E-1	-8,1034382E-2	7,8124995E+1	-3,4093859E-1	0,0000000E+0	0,0000000E+0
1,6631863E+3	1,1249539E+0	7,8124995E+1	7,7491631E-1	4,8698860E-1	1,3768674E-1	-8,1043695E-2	7,8124995E+1	-3,4079889E-1	0,0000000E+0	0,0000000E+0
1,6649435E+3	1,1246093E+0	7,8124995E+1	7,7511189E-1	4,8704448E-1	1,3791026E-1	-8,1025069E-2	7,8124995E+1	-3,4095721E-1	0,0000000E+0	0,0000000E+0
1,6666985E+3	1,1244603E+0	7,8124995E+1	7,7514914E-1	4,8709105E-1	1,3787300E-1	-8,1127514E-2	7,8124995E+1	-3,4092928E-1	0,0000000E+0	0,0000000E+0
1,6684548E+3	1,1241530E+0	7,8124995E+1	7,7517708E-1	4,8720281E-1	1,3777056E-1	-8,1127514E-2	7,8124995E+1	-3,4094790E-1	0,0000000E+0	0,0000000E+0
1,6702111E+3	1,1242368E+0	7,8124995E+1	7,7533540E-1	4,8723075E-1	1,3791957E-1	-8,1267213E-2	7,8124995E+1	-3,4102241E-1	0,0000000E+0	0,0000000E+0
1,6719649E+3	1,1211169E+0	7,8124995E+1	7,7527021E-1	4,8726800E-1	1,3797545E-1	-8,1369658E-2	7,8124995E+1	-3,4105966E-1	0,0000000E+0	0,0000000E+0
1,6737195E+3	1,1203532E+0	7,8124995E+1	7,7528884E-1	4,8735182E-1	1,3794751E-1	-8,1285839E-2	7,8124995E+1	-3,4111554E-1	0,0000000E+0	0,0000000E+0
1,6754744E+3	1,1201110E+0	7,8124995E+1	7,7523296E-1	4,8742632E-1	1,3783575E-1	-8,1164767E-2	7,8124995E+1	-3,4105966E-1	0,0000000E+0	0,0000000E+0
1,6772311E+3	1,1195616E+0	7,8124995E+1	7,7525158E-1	4,8739839E-1	1,3793819E-1	-8,1099575E-2	7,8124995E+1	-3,4114348E-1	0,0000000E+0	0,0000000E+0
1,6789844E+3	1,1195429E+0	7,8124995E+1	7,7541922E-1	4,8750083E-1	1,3806858E-1	-8,1146141E-2	7,8124995E+1	-3,4126455E-1	0,0000000E+0	0,0000000E+0
1,6807401E+3	1,1204556E+0	7,8124995E+1	7,7544716E-1	4,8749152E-1	1,3809652E-1	-8,1164767E-2	7,8124995E+1	-3,4131112E-1	0,0000000E+0	0,0000000E+0
1,6824970E+3	1,1176244E+0	7,8124995E+1	7,7526090E-1	4,8751014E-1	1,3808721E-1	-8,1211333E-2	7,8124995E+1	-3,4122730E-1	0,0000000E+0	0,0000000E+0
1,6842524E+3	1,1200179E+0	7,8124995E+1	7,7480455E-1	4,8739839E-1	1,3804064E-1	-8,0969189E-2	7,8124995E+1	-3,4121799E-1	0,0000000E+0	0,0000000E+0
1,6860082E+3	1,1259784E+0	7,8124995E+1	7,7498150E-1	4,8737045E-1	1,3800339E-1	-8,0885370E-2	7,8124995E+1	-3,4129249E-1	0,0000000E+0	0,0000000E+0
1,6877627E+3	1,1274033E+0	7,8124995E+1	7,7379872E-1	4,8709105E-1	1,3805927E-1	-8,0522155E-2	7,8124995E+1	-3,4096653E-1	0,0000000E+0	0,0000000E+0
1,6895187E+3	1,1243858E+0	7,8124995E+1	7,7390117E-1	4,8703517E-1	1,3797545E-1	-8,0596660E-2	7,8124995E+1	-3,4078026E-1	0,0000000E+0	0,0000000E+0
1,6912720E+3	1,1256617E+0	7,8124995E+1	7,7419919E-1	4,8701654E-1	1,3797545E-1	-8,0503528E-2	7,8124995E+1	-3,4057537E-1	0,0000000E+0	0,0000000E+0
1,6930259E+3	1,1243020E+0	7,8124995E+1	7,7405018E-1	4,8684890E-1	1,3791026E-1	-8,0708419E-2	7,8124995E+1	-3,4053812E-1	0,0000000E+0	0,0000000E+0
1,6947807E+3	1,1273195E+0	7,8124995E+1	7,7448790E-1	4,8683028E-1	1,3785438E-1	-8,0643227E-2	7,8124995E+1	-3,4045430E-1	0,0000000E+0	0,0000000E+0
1,6965363E+3	1,1326839E+0	7,8124995E+1	7,7469279E-1	4,8686753E-1	1,3796613E-1	-8,0410396E-2	7,8124995E+1	-3,4031460E-1	0,0000000E+0	0,0000000E+0
1,6982917E+3	1,1248142E+0	7,8124995E+1	7,7378009E-1	4,8692341E-1	1,3777987E-1	-8,0531468E-2	7,8124995E+1	-3,4018422E-1	0,0000000E+0	0,0000000E+0
1,7000463E+3	1,1126884E+0	7,8124995E+1	7,7339825E-1	4,8685822E-1	1,3764948E-1	-8,0550094E-2	7,8124995E+1	-3,3998864E-1	0,0000000E+0	0,0000000E+0
1,7018027E+3	1,1185837E+0	7,8124995E+1	7,7347276E-1	4,8658813E-1	1,3755635E-1	-8,0550094E-2	7,8124995E+1	-3,3989551E-1	0,0000000E+0	0,0000000E+0
1,7035573E+3	1,1176523E+0	7,8124995E+1	7,7358452E-1	4,8655088E-1	1,3729558E-1	-8,0596660E-2	7,8124995E+1	-3,3975581E-1	0,0000000E+0	0,0000000E+0
1,7053137E+3	1,1248608E+0	7,8124995E+1	7,7346344E-1	4,8636462E-1	1,3716520E-1	-8,0643227E-2	7,8124995E+1	-3,3943916E-1	0,0000000E+0	0,0000000E+0
1,7070681E+3	1,1257455E+0	7,8124995E+1	7,7340756E-1	4,8619698E-1	1,3727696E-1	-8,0792238E-2	7,8124995E+1	-3,3930877E-1	0,0000000E+0	0,0000000E+0
1,7088224E+3	1,1195429E+0	7,8124995E+1	7,7300710E-1	4,8610385E-1	1,3718382E-1	-8,0931937E-2	7,8124995E+1	-3,3924358E-1	0,0000000E+0	0,0000000E+0
1,7105810E+3	1,1202321E+0	7,8124995E+1	7,7303504E-1	4,8593621E-1	1,3704413E-1	-8,0894684E-2	7,8124995E+1	-3,3917839E-1	0,0000000E+0	0,0000000E+0
1,7123348E+3	1,1150260E+0	7,8124995E+1	7,7305366E-1	4,8598277E-1	1,3698825E-1	-8,0801551E-2	7,8124995E+1	-3,3920633E-1	0,0000000E+0	0,0000000E+0
1,7140881E+3	1,1092984E+0	7,8124995E+1	7,7287671E-1	4,8600140E-1	1,3713726E-1	-8,0633913E-2	7,8124995E+1	-3,3932740E-1	0,0000000E+0	0,0000000E+0
1,7158452E+3	1,1129305E+0	7,8124995E+1	7,7306298E-1	4,8590827E-1	1,3695099E-1	-8,0615287E-2	7,8124995E+1	-3,3936465E-1	0,0000000E+0	0,0000000E+0
1,7175998E+3	1,1151378E+0	7,8124995E+1	7,7310023E-1	4,8605728E-1	1,3710932E-1	-8,0540781E-2	7,8124995E+1	-3,3940191E-1	0,0000000E+0	0,0000000E+0
1,7193568E+3	1,1170377E+0	7,8124995E+1	7,7321199E-1	4,8614110E-1	1,3715588E-1	-8,0484902E-2	7,8124995E+1	-3,3940191E-1	0,0000000E+0	0,0000000E+0
1,7211127E+3	1,1184533E+0	7,8124995E+1	7,7346344E-1	4,8629011E-1	1,3729558E-1	-8,0410396E-2	7,8124995E+1	-3,3939259E-1	0,0000000E+0	0,0000000E+0
1,7228694E+3	1,1179969E+0	7,8124995E+1	7,7350070E-1	4,8636462E-1	1,3736077E-1	-8,0317264E-2	7,8124995E+1	-3,3945779E-1	0,0000000E+0	0,0000000E+0
1,7246234E+3	1,1192822E+0	7,8124995E+1	7,7364040E-1	4,8646706E-1	1,3748185E-1	-8,0186878E-2	7,8124995E+1	-3,3941122E-1	0,0000000E+0	0,0000000E+0
1,7263768E+3	1,1195522E+0	7,8124995E+1	7,7388254E-1	4,8662539E-1	1,3764017E-1	-8,0084433E-2	7,8124995E+1	-3,3942985E-1	0,0000000E+0	0,0000000E+0
1,7281315E+3	1,1208934E+0	7,8124995E+1	7,7406880E-1	4,8676509E-1	1,3775193E-1	-8,0103059E-2	7,8124995E+1	-3,3948573E-1	0,0000000E+0	0,0000000E+0
1,7298877E+3	1,1200179E+0	7,8124995E+1	7,7422713E-1	4,8696998E-1	1,3785438E-1	-8,0075120E-2	7,8124995E+1	-3,3959748E-1	0,0000000E+0	0,0000000E+0
1,7316425E+3	1,1181459E+0	7,8124995E+1	7,7434820E-1	4,8696998E-1	1,3800339E-1	-8,0056493E-2	7,8124995E+1	-3,3950435E-1	0,0000000E+0	0,0000000E+0
1,7333980E+3	1,1175499E+0	7,8124995E+1	7,7445065E-1	4,8707242E-1	1,3810583E-1	-8,0140312E-2	7,8124995E+1	-3,3966268E-1	0,0000000E+0	0,0000000E+0
1,7351535E+3	1,1211169E+0	7,8124995E+1	7,7443202E-1	4,8724937E-1	1,3833866E-1	-8,0326577E-2	7,8124995E+1	-3,3964405E-1	0,0000000E+0	0,0000000E+0
1,7369112E+3	1,1221506E+0	7,8124995E+1	7,7468348E-1	4,8734251E-1	1,3846905E-1	-8,0466275E-2	7,8124995E+1	-3,3977444E-1	0,0000000E+0	0,0000000E+0
1,7386652E+3	1,1221134E+0	7,8124995E+1	7,7484180E-1	4,8748220E-1	1,3838523E-1	-8,0661853E-2	7,8124995E+1	-3,3987688E-1	0,0000000E+0	0,0000000E+0
1,7404212E+3	1,1214708E+0	7,8124995E+1	7,7488837E-1	4,8764053E-1	1,3859943E-1	-8,0540781E-2	7,8124995E+1	-3,4001658E-1	0,0000000E+0	0,0000000E+0
1,7421758E+3	1,1222717E+0	7,8124995E+1	7,7510257E-1	4,8772435E-1	1,3859012E-1	-8,0605974E-2	7,8124995E+1	-3,4004452E-1	0,0000000E+0	0,0000000E+0
1,7439320E+3	1,1230726E+0	7,8124995E+1	7,7518639E-1	4,8791061E-1	1,3870188E-1	-8,0708419E-2	7,8124995E+1	-3,4019353E-1	0,0000000E+0	0,0000000E+0
1,7456869E+3	1,1229702E+0	7,8124995E+1	7,7526090E-1	4,8791993E-1	1,3869257E-1	-8,0605974E-2	7,8124995E+1	-3,4027735E-1	0,0000000E+0	0,0000000E+0
1,7474420E+3	1,1215546E+0	7,8124995E+1	7,7529815E-1	4,8807825E-1	1,3883226E-1	-8,0727046E-2	7,8124995E+1	-3,4033323E-1	0,0000000E+0	0,0000000E+0
1,7491984E+3	1,1223183E+0	7,8124995E+1	7,7537266E-1	4,8814344E-1	1,3895334E-1	-8,0699106E-2	7,8124995E+1	-3,4031460E-1	0,0000000E+0	0,0000000E+0
1,7509544E+3	1,1231378E+0	7,8124995E+1	7,7548441E-1	4,8820864E-1	1,3890677E-1	-8,0643227E-2	7,8124995E+1	-3,4051018E-1	0,0000000E+0	0,0000000E+0
1,7527108E+3	1,1255779E+0	7,8124995E+1	7,7573587E-1	4,8832039E-1	1,3903716E-1	-8,0689793E-2	7,8124995E+1	-3,4050087E-1	0,0000000E+0	0,0000000E+0
1,7544638E+3	1,1316501E+0	7,8124995E+1	7,7566137E-1	4,8821795E-1	1,3899059E-1	-8,0829491E-2	7,8124995E+1	-3,4066850E-1	0,0000000E+0	0,0000000E+0
1,7562199E+3	1,1251216E+0	7,8124995E+1	7,7565205E-1	4,8826452E-1	1,3901853E-1	-8,0950563E-2	7,8124995E+1	-3,4067782E-1	0,0000000E+0	0,0000000E+0
1,7579738E+3	1,1210610E+0	7,8124995E+1	7,7540991E-1	4,8813413E-1	1,3895334E-1	-8,0922623E-2	7,8124995E+1	-3,4064057E-1	0,0000000E+0	0,0000000E+0
1,7597289E+3	1,1225697E+0	7,8124995E+1	7,7532609E-1	4,8819001E-1	1,3898128E-1	-8,0810865E-2	7,8124995E+1	-3,4078026E-1	0,0000000E+0	0,0000000E+0
1,7614825E+3	1,1235383E+0	7,8124995E+1	7,7539128E-1	4,8815276E-1	1,3900922E-1	-8,0792238E-2	7,8124995E+1	-3,4072438E-1	0,0000000E+0	0,0000000E+0
1,7632379E+3	1,1269842E+0	7,8124995E+1	7,7563343E-1	4,8825520E-1	1,3916754E-1	-8,0615287E-2	7,8124995E+1	-3,4089202E-1	0,0000000E+0	0,0000000E+0
1,7649944E+3	1,1269376E+0	7,8124995E+1	7,7567999E-1	4,8838559E-1	1,3928861E-1	-8,0596660E-2	7,8124995E+1	-3,4073370E-1	0,0000000E+0	0,0000000E+0
1,7667478E+3	1,1270866E+0	7,8124995E+1	7,7573587E-1	4,8862773E-1	1,3929793E-1	-8,0512841E-2	7,8124995E+1	-3,4088271E-1	0,0000000E+0	0,0000000E+0
1,7685028E+3	1,1280459E+0	7,8124995E+1	7,7601527E-1	4,8841353E-1	1,3942831E-1	-8,0335890E-2	7,8124995E+1	-3,4082683E-1	0,0000000E+0	0,0000000E+0
1,7702574E+3	1,1295826E+0	7,8124995E+1	7,7603389E-1	4,8847872E-1	1,3938174E-1	-8,0289324E-2	7,8124995E+1	-3,4068713E-1	0,0000000E+0	0,0000000E+0
1,7720122E+3	1,1199248E+0	7,8124995E+1	7,7554029E-1	4,8848803E-1	1,3933518E-1	-8,0456962E-2	7,8124995E+1	-3,4044499E-1	0,0000000E+0	0,0000000E+0
1,7737683E+3	1,1219364E+0	7,8124995E+1	7,7560549E-1	4,8839490E-1	1,3916754E-1	-8,0531468E-2	7,8124995E+1	-3,4049155E-1	0,0000000E+0	0,0000000E+0
1,7755218E+3	1,1289307E+0	7,8124995E+1	7,7592214E-1	4,8844147E-1	1,3926067E-1	-8,0149626E-2	7,8124995E+1	-3,4041705E-1	0,0000000E+0	0,0000000E+0
1,7772772E+3	1,1254475E+0	7,8124995E+1	7,7549373E-1	4,8840421E-1	1,3909303E-1	-8,0363830E-2	7,8124995E+1	-3,4021216E-1	0,0000000E+0	0,0000000E+0
1,7790326E+3	1,1245814E+0	7,8124995E+1	7,7558686E-1	4,8817138E-1	1,3884158E-1	-8,0233445E-2	7,8124995E+1	-3,4014696E-1	0,0000000E+0	0,0000000E+0
1,7807875E+3	1,1260063E+0	7,8124995E+1	7,7556823E-1	4,8835765E-1	1,3897196E-1	-8,0168252E-2	7,8124995E+1	-3,3999795E-1	0,0000000E+0	0,0000000E+0
1,7825428E+3	1,1284464E+0	7,8124995E+1	7,7559617E-1	4,8844147E-1	1,3886952E-1	-8,0214818E-2	7,8124995E+1	-3,3995139E-1	0,0000000E+0	0,0000000E+0
1,7842969E+3	1,1250284E+0	7,8124995E+1	7,7566137E-1	4,8819932E-1	1,3883226E-1	-8,0326577E-2	7,8124995E+1	-3,3990482E-1	0,0000000E+0	0,0000000E+0
1,7860493E+3	1,1272263E+0	7,8124995E+1	7,7577312E-1	4,8829245E-1	1,3867394E-1	-8,0456962E-2	7,8124995E+1	-3,3992345E-1	0,0000000E+0	0,0000000E+0
1,7878057E+3	1,1268166E+0	7,8124995E+1	7,7577312E-1	4,8832971E-1	1,3858081E-1	-8,0550094E-2	7,8124995E+1	-3,3993276E-1	0,0000000E+0	0,0000000E+0
1,7895607E+3	1,1179969E+0	7,8124995E+1	7,7473936E-1	4,8815276E-1	1,3845974E-1	-8,0652540E-2	7,8124995E+1	-3,3956023E-1	0,0000000E+0	0,0000000E+0
1,7913184E+3	1,1171494E+0	7,8124995E+1	7,7352864E-1	4,8756602E-1	1,3812446E-1	-8,0885370E-2	7,8124995E+1	-3,3927152E-1	0,0000000E+0	0,0000000E+0
1,7930748E+3	1,1294336E+0	7,8124995E+1	7,7123758E-1	4,8692341E-1	1,3774262E-1	-8,0112373E-2	7,8124995E+1	-3,3840539E-1	0,0000000E+0	0,0000000E+0
1,7948279E+3	1,1322834E+0	7,8124995E+1	7,7139591E-1	4,8625286E-1	1,3753773E-1	-7,9702591E-2	7,8124995E+1	-3,3793042E-1	0,0000000E+0	0,0000000E+0
1,7965837E+3	1,1329912E+0	7,8124995E+1	7,7165668E-1	4,8595484E-1	1,3734215E-1	-7,9739844E-2	7,8124995E+1	-3,3786522E-1	0,0000000E+0	0,0000000E+0
1,7983386E+3	1,1350215E+0	7,8124995E+1	7,7198264E-1	4,8579651E-1	1,3746322E-1	-7,9479073E-2	7,8124995E+1	-3,3749269E-1	0,0000000E+0	0,0000000E+0
1,8000940E+3	1,1358783E+0	7,8124995E+1	7,7195470E-1	4,8561956E-1	1,3723039E-1	-7,9507013E-2	7,8124995E+1	-3,3734368E-1	0,0000000E+0	0,0000000E+0
1,8018480E+3	1,1339784E+0	7,8124995E+1	7,7202921E-1	4,8563819E-1	1,3726764E-1	-7,9367315E-2	7,8124995E+1	-3,3725986E-1	0,0000000E+0	0,0000000E+0
1,8036020E+3	1,1273847E+0	7,8124995E+1	7,7186157E-1	4,8559162E-1	1,3721176E-1	-7,9264869E-2	7,8124995E+1	-3,3700841E-1	0,0000000E+0	0,0000000E+0
1,8053580E+3	1,1290052E+0	7,8124995E+1	7,7194539E-1	4,8560093E-1	1,3722108E-1	-7,9283496E-2	7,8124995E+1	-3,3698047E-1	0,0000000E+0	0,0000000E+0
1,8071150E+3	1,1239015E+0	7,8124995E+1	7,7162874E-1	4,8565681E-1	1,3735146E-1	-7,9367315E-2	7,8124995E+1	-3,3688733E-1	0,0000000E+0	0,0000000E+0
1,8088715E+3	1,1181646E+0	7,8124995E+1	7,7093025E-1	4,8548917E-1	1,3713726E-1	-7,9693277E-2	7,8124995E+1	-3,3631923E-1	0,0000000E+0	0,0000000E+0
1,8106258E+3	1,1271332E+0	7,8124995E+1	7,7093956E-1	4,8496763E-1	1,3686717E-1	-7,9097231E-2	7,8124995E+1	-3,3551829E-1	0,0000000E+0	0,0000000E+0
1,8123812E+3	1,1337549E+0	7,8124995E+1	7,7062291E-1	4,8466961E-1	1,3682992E-1	-7,8715389E-2	7,8124995E+1	-3,3498744E-1	0,0000000E+0	0,0000000E+0
1,8141374E+3	1,1314918E+0	7,8124995E+1	7,7014794E-1	4,8454854E-1	1,3663434E-1	-7,8519811E-2	7,8124995E+1	-3,3455903E-1	0,0000000E+0	0,0000000E+0
1,8158924E+3	1,1257735E+0	7,8124995E+1	7,6981266E-1	4,8445541E-1	1,3669954E-1	-7,8426679E-2	7,8124995E+1	-3,3440070E-1	0,0000000E+0	0,0000000E+0
1,8176469E+3	1,1267979E+0	7,8124995E+1	7,6961708E-1	4,8452991E-1	1,3658778E-1	-7,8426679E-2	7,8124995E+1	-3,3443796E-1	0,0000000E+0	0,0000000E+0
1,8194007E+3	1,1249912E+0	7,8124995E+1	7,6977541E-1	4,8466961E-1	1,3660640E-1	-7,8110029E-2	7,8124995E+1	-3,3449384E-1	0,0000000E+0	0,0000000E+0
1,8211544E+3	1,1225045E+0	7,8124995E+1	7,6983129E-1	4,8484656E-1	1,3663434E-1	-7,8091403E-2	7,8124995E+1	-3,3429826E-1	0,0000000E+0	0,0000000E+0
1,8229095E+3	1,1261181E+0	7,8124995E+1	7,7010137E-1	4,8490244E-1	1,3666228E-1	-7,8128655E-2	7,8124995E+1	-3,3450315E-1	0,0000000E+0	0,0000000E+0
1,8246632E+3	1,1235849E+0	7,8124995E+1	7,7042733E-1	4,8493969E-1	1,3684855E-1	-7,8119342E-2	7,8124995E+1	-3,3459628E-1	0,0000000E+0	0,0000000E+0
1,8264185E+3	1,1240226E+0	7,8124995E+1	7,7066948E-1	4,8508871E-1	1,3697893E-1	-7,8165908E-2	7,8124995E+1	-3,3482911E-1	0,0000000E+0	0,0000000E+0
1,8281723E+3	1,1221786E+0	7,8124995E+1	7,7101407E-1	4,8520978E-1	1,3712794E-1	-7,8128655E-2	7,8124995E+1	-3,3473598E-1	0,0000000E+0	0,0000000E+0
1,8299259E+3	1,1200552E+0	7,8124995E+1	7,7092093E-1	4,8539604E-1	1,3720245E-1	-7,8277667E-2	7,8124995E+1	-3,3495950E-1	0,0000000E+0	0,0000000E+0
1,8316797E+3	1,1192356E+0	7,8124995E+1	7,7120964E-1	4,8561025E-1	1,3731421E-1	-7,8203161E-2	7,8124995E+1	-3,3511782E-1	0,0000000E+0	0,0000000E+0
1,8334342E+3	1,1193474E+0	7,8124995E+1	7,7133072E-1	4,8561956E-1	1,3748185E-1	-7,8296294E-2	7,8124995E+1	-3,3522027E-1	0,0000000E+0	0,0000000E+0
1,8351914E+3	1,1186302E+0	7,8124995E+1	7,7145179E-1	4,8568475E-1	1,3755635E-1	-7,8342860E-2	7,8124995E+1	-3,3518301E-1	0,0000000E+0	0,0000000E+0
1,8369454E+3	1,1181366E+0	7,8124995E+1	7,7153561E-1	4,8591758E-1	1,3776124E-1	-7,8370799E-2	7,8124995E+1	-3,3540653E-1	0,0000000E+0	0,0000000E+0
1,8387014E+3	1,1181646E+0	7,8124995E+1	7,7154492E-1	4,8600140E-1	1,3788232E-1	-7,8398739E-2	7,8124995E+1	-3,3546241E-1	0,0000000E+0	0,0000000E+0
1,8404574E+3	1,1180528E+0	7,8124995E+1	7,7155423E-1	4,8607591E-1	1,3806858E-1	-7,8352173E-2	7,8124995E+1	-3,3567662E-1	0,0000000E+0	0,0000000E+0
1,8422126E+3	1,1180528E+0	7,8124995E+1	7,7177775E-1	4,8619698E-1	1,3821759E-1	-7,8370799E-2	7,8124995E+1	-3,3582563E-1	0,0000000E+0	0,0000000E+0
1,8439678E+3	1,1181832E+0	7,8124995E+1	7,7194539E-1	4,8616904E-1	1,3836660E-1	-7,8249727E-2	7,8124995E+1	-3,3599327E-1	0,0000000E+0	0,0000000E+0
1,8457221E+3	1,1189935E+0	7,8124995E+1	7,7211303E-1	4,8631805E-1	1,3842248E-1	-7,8286980E-2	7,8124995E+1	-3,3605846E-1	0,0000000E+0	0,0000000E+0
1,8474769E+3	1,1204091E+0	7,8124995E+1	7,7222479E-1	4,8634599E-1	1,3832004E-1	-7,8473245E-2	7,8124995E+1	-3,3636579E-1	0,0000000E+0	0,0000000E+0
1,8492311E+3	1,1223462E+0	7,8124995E+1	7,7245762E-1	4,8648569E-1	1,3845042E-1	-7,8333546E-2	7,8124995E+1	-3,3641236E-1	0,0000000E+0	0,0000000E+0
1,8509849E+3	1,1221693E+0	7,8124995E+1	7,7261594E-1	4,8659745E-1	1,3868325E-1	-7,8501184E-2	7,8124995E+1	-3,3651481E-1	0,0000000E+0	0,0000000E+0
1,8527394E+3	1,1197199E+0	7,8124995E+1	7,7271839E-1	4,8662539E-1	1,3884158E-1	-7,8445305E-2	7,8124995E+1	-3,3671038E-1	0,0000000E+0	0,0000000E+0
1,8544941E+3	1,1183881E+0	7,8124995E+1	7,7276495E-1	4,8680234E-1	1,3885089E-1	-7,8566377E-2	7,8124995E+1	-3,3687802E-1	0,0000000E+0	0,0000000E+0
1,8562483E+3	1,1182484E+0	7,8124995E+1	7,7297916E-1	4,8682097E-1	1,3890677E-1	-7,8370799E-2	7,8124995E+1	-3,3710154E-1	0,0000000E+0	0,0000000E+0
1,8580059E+3	1,1192915E+0	7,8124995E+1	7,7337031E-1	4,8693272E-1	1,3907441E-1	-7,8435992E-2	7,8124995E+1	-3,3712017E-1	0,0000000E+0	0,0000000E+0
1,8597603E+3	1,1247863E+0	7,8124995E+1	7,7361246E-1	4,8706311E-1	1,3903716E-1	-7,8463932E-2	7,8124995E+1	-3,3716673E-1	0,0000000E+0	0,0000000E+0
1,8615140E+3	1,1294429E+0	7,8124995E+1	7,7391979E-1	4,8710968E-1	1,3914891E-1	-7,8473245E-2	7,8124995E+1	-3,3727849E-1	0,0000000E+0	0,0000000E+0
1,8632678E+3	1,1283160E+0	7,8124995E+1	7,7417125E-1	4,8710968E-1	1,3927930E-1	-7,8408052E-2	7,8124995E+1	-3,3734368E-1	0,0000000E+0	0,0000000E+0
1,8650248E+3	1,1319575E+0	7,8124995E+1	7,7436683E-1	4,8721212E-1	1,3924205E-1	-7,8510498E-2	7,8124995E+1	-3,3744613E-1	0,0000000E+0	0,0000000E+0
1,8667807E+3	1,1331496E+0	7,8124995E+1	7,7466485E-1	4,8738907E-1	1,3909303E-1	-7,8557064E-2	7,8124995E+1	-3,3753926E-1	0,0000000E+0	0,0000000E+0
1,8685364E+3	1,1331775E+0	7,8124995E+1	7,7484180E-1	4,8751946E-1	1,3915823E-1	-7,8519811E-2	7,8124995E+1	-3,3771621E-1	0,0000000E+0	0,0000000E+0
1,8702898E+3	1,1315849E+0	7,8124995E+1	7,7475798E-1	4,8776160E-1	1,3918617E-1	-7,8538437E-2	7,8124995E+1	-3,3779072E-1	0,0000000E+0	0,0000000E+0
1,8720456E+3	1,1326932E+0	7,8124995E+1	7,7503738E-1	4,8765916E-1	1,3921411E-1	-7,8640883E-2	7,8124995E+1	-3,3783728E-1	0,0000000E+0	0,0000000E+0
1,8737998E+3	1,1296571E+0	7,8124995E+1	7,7513983E-1	4,8785473E-1	1,3941900E-1	-7,8678136E-2	7,8124995E+1	-3,3792110E-1	0,0000000E+0	0,0000000E+0
1,8755534E+3	1,1274033E+0	7,8124995E+1	7,7522364E-1	4,8800374E-1	1,3934449E-1	-7,8966846E-2	7,8124995E+1	-3,3799561E-1	0,0000000E+0	0,0000000E+0
1,8773094E+3	1,1250750E+0	7,8124995E+1	7,7527952E-1	4,8789199E-1	1,3925136E-1	-7,9078605E-2	7,8124995E+1	-3,3809805E-1	0,0000000E+0	0,0000000E+0
1,8790663E+3	1,1224021E+0	7,8124995E+1	7,7528884E-1	4,8807825E-1	1,3938174E-1	-7,9069291E-2	7,8124995E+1	-3,3824707E-1	0,0000000E+0	0,0000000E+0
1,8808237E+3	1,1256617E+0	7,8124995E+1	7,7550304E-1	4,8812482E-1	1,3933518E-1	-7,9199676E-2	7,8124995E+1	-3,3827501E-1	0,0000000E+0	0,0000000E+0
1,8825793E+3	1,1283626E+0	7,8124995E+1	7,7545647E-1	4,8812482E-1	1,3928861E-1	-7,9246243E-2	7,8124995E+1	-3,3835882E-1	0,0000000E+0	0,0000000E+0
1,8843341E+3	1,1289959E+0	7,8124995E+1	7,7569862E-1	4,8824589E-1	1,3917685E-1	-7,9413881E-2	7,8124995E+1	-3,3843333E-1	0,0000000E+0	0,0000000E+0
1,8860887E+3	1,1287258E+0	7,8124995E+1	7,7577312E-1	4,8826452E-1	1,3928861E-1	-7,9385941E-2	7,8124995E+1	-3,3858234E-1	0,0000000E+0	0,0000000E+0
1,8878441E+3	1,1297409E+0	7,8124995E+1	7,7591282E-1	4,8835765E-1	1,3940968E-1	-7,9283496E-2	7,8124995E+1	-3,3866616E-1	0,0000000E+0	0,0000000E+0
1,8896002E+3	1,1304953E+0	7,8124995E+1	7,7609909E-1	4,8840421E-1	1,3927930E-1	-7,9283496E-2	7,8124995E+1	-3,3865685E-1	0,0000000E+0	0,0000000E+0
1,8913552E+3	1,1316874E+0	7,8124995E+1	7,7626673E-1	4,8844147E-1	1,3926067E-1	-7,9562892E-2	7,8124995E+1	-3,3875929E-1	0,0000000E+0	0,0000000E+0
1,8931098E+3	1,1330005E+0	7,8124995E+1	7,7638780E-1	4,8852529E-1	1,3933518E-1	-7,9600145E-2	7,8124995E+1	-3,3885243E-1	0,0000000E+0	0,0000000E+0
1,8948668E+3	1,1320040E+0	7,8124995E+1	7,7651818E-1	4,8867430E-1	1,3920479E-1	-7,9544266E-2	7,8124995E+1	-3,3896418E-1	0,0000000E+0	0,0000000E+0
1,8966207E+3	1,1317153E+0	7,8124995E+1	7,7653681E-1	4,8871155E-1	1,3919548E-1	-7,9488386E-2	7,8124995E+1	-3,3902938E-1	0,0000000E+0	0,0000000E+0
1,8983748E+3	1,1317339E+0	7,8124995E+1	7,7672307E-1	4,8880468E-1	1,3923273E-1	-7,9562892E-2	7,8124995E+1	-3,3899212E-1	0,0000000E+0	0,0000000E+0
1,9001286E+3	1,1309423E+0	7,8124995E+1	7,7687209E-1	4,8889781E-1	1,3942831E-1	-7,9460447E-2	7,8124995E+1	-3,3910388E-1	0,0000000E+0	0,0000000E+0
1,9018838E+3	1,1311379E+0	7,8124995E+1	7,7699316E-1	4,8899095E-1	1,3926999E-1	-7,9497700E-2	7,8124995E+1	-3,3907594E-1	0,0000000E+0	0,0000000E+0
1,9036404E+3	1,1319575E+0	7,8124995E+1	7,7719805E-1	4,8900026E-1	1,3929793E-1	-7,9534953E-2	7,8124995E+1	-3,3906663E-1	0,0000000E+0	0,0000000E+0
1,9053940E+3	1,1332893E+0	7,8124995E+1	7,7744019E-1	4,8919584E-1	1,3926067E-1	-7,9777096E-2	7,8124995E+1	-3,3926221E-1	0,0000000E+0	0,0000000E+0
1,9071486E+3	1,1337270E+0	7,8124995E+1	7,7768234E-1	4,8918652E-1	1,3944694E-1	-7,9898168E-2	7,8124995E+1	-3,3922495E-1	0,0000000E+0	0,0000000E+0
1,9089024E+3	1,1338946E+0	7,8124995E+1	7,7779409E-1	4,8940073E-1	1,3926999E-1	-7,9944735E-2	7,8124995E+1	-3,3923427E-1	0,0000000E+0	0,0000000E+0
1,9106576E+3	1,1338946E+0	7,8124995E+1	7,7796173E-1	4,8948455E-1	1,3929793E-1	-7,9907482E-2	7,8124995E+1	-3,3929015E-1	0,0000000E+0	0,0000000E+0
1,9124137E+3	1,1340902E+0	7,8124995E+1	7,7799899E-1	4,8946592E-1	1,3941900E-1	-8,0028554E-2	7,8124995E+1	-3,3925289E-1	0,0000000E+0	0,0000000E+0
1,9141708E+3	1,1338853E+0	7,8124995E+1	7,7805486E-1	4,8959631E-1	1,3926067E-1	-8,0037867E-2	7,8124995E+1	-3,3923427E-1	0,0000000E+0	0,0000000E+0
1,9159255E+3	1,1346304E+0	7,8124995E+1	7,7814800E-1	4,8968013E-1	1,3934449E-1	-8,0075120E-2	7,8124995E+1	-3,3927152E-1	0,0000000E+0	0,0000000E+0
1,9176804E+3	1,1336245E+0	7,8124995E+1	7,7822250E-1	4,8982914E-1	1,3926067E-1	-8,0130999E-2	7,8124995E+1	-3,3943916E-1	0,0000000E+0	0,0000000E+0
1,9194357E+3	1,1334941E+0	7,8124995E+1	7,7830632E-1	4,8981051E-1	1,3924205E-1	-8,0056493E-2	7,8124995E+1	-3,3932740E-1	0,0000000E+0	0,0000000E+0
1,9211940E+3	1,1340250E+0	7,8124995E+1	7,7847396E-1	4,8992227E-1	1,3932587E-1	-8,0065807E-2	7,8124995E+1	-3,3945779E-1	0,0000000E+0	0,0000000E+0
1,9229488E+3	1,1349004E+0	7,8124995E+1	7,7865091E-1	4,9000609E-1	1,3937243E-1	-7,9981987E-2	7,8124995E+1	-3,3946710E-1	0,0000000E+0	0,0000000E+0
1,9247053E+3	1,1347701E+0	7,8124995E+1	7,7875336E-1	4,9018304E-1	1,3931655E-1	-7,9870229E-2	7,8124995E+1	-3,3941122E-1	0,0000000E+0	0,0000000E+0
1,9264607E+3	1,1345279E+0	7,8124995E+1	7,7882786E-1	4,9029480E-1	1,3931655E-1	-7,9786410E-2	7,8124995E+1	-3,3944847E-1	0,0000000E+0	0,0000000E+0
1,9282160E+3	1,1340995E+0	7,8124995E+1	7,7889306E-1	4,9041587E-1	1,3942831E-1	-7,9618772E-2	7,8124995E+1	-3,3942053E-1	0,0000000E+0	0,0000000E+0
1,9299724E+3	1,1321996E+0	7,8124995E+1	7,7901413E-1	4,9054626E-1	1,3958664E-1	-7,9413881E-2	7,8124995E+1	-3,3945779E-1	0,0000000E+0	0,0000000E+0
1,9317266E+3	1,1330844E+0	7,8124995E+1	7,7917245E-1	4,9058351E-1	1,3942831E-1	-7,9264869E-2	7,8124995E+1	-3,3945779E-1	0,0000000E+0	0,0000000E+0
1,9334815E+3	1,1328515E+0	7,8124995E+1	7,7922833E-1	4,9073252E-1	1,3960526E-1	-7,9181050E-2	7,8124995E+1	-3,3929015E-1	0,0000000E+0	0,0000000E+0
1,9352359E+3	1,1328702E+0	7,8124995E+1	7,7932146E-1	4,9076046E-1	1,3955870E-1	-7,9106544E-2	7,8124995E+1	-3,3925289E-1	0,0000000E+0	0,0000000E+0
1,9369906E+3	1,1336618E+0	7,8124995E+1	7,7945185E-1	4,9096535E-1	1,3960526E-1	-7,8966846E-2	7,8124995E+1	-3,3913182E-1	0,0000000E+0	0,0000000E+0
1,9387457E+3	1,1344627E+0	7,8124995E+1	7,7956361E-1	4,9102123E-1	1,3967977E-1	-7,9050665E-2	7,8124995E+1	-3,3914114E-1	0,0000000E+0	0,0000000E+0
1,9404994E+3	1,1355244E+0	7,8124995E+1	7,7980575E-1	4,9109574E-1	1,3967045E-1	-7,9143797E-2	7,8124995E+1	-3,3893624E-1	0,0000000E+0	0,0000000E+0
1,9422519E+3	1,1353195E+0	7,8124995E+1	7,7990820E-1	4,9124475E-1	1,3979153E-1	-7,9087918E-2	7,8124995E+1	-3,3899212E-1	0,0000000E+0	0,0000000E+0
1,9440074E+3	1,1345838E+0	7,8124995E+1	7,7996408E-1	4,9128200E-1	1,3978221E-1	-7,9050665E-2	7,8124995E+1	-3,3897350E-1	0,0000000E+0	0,0000000E+0
1,9457622E+3	1,1343789E+0	7,8124995E+1	7,8014103E-1	4,9149620E-1	1,3989397E-1	-7,9069291E-2	7,8124995E+1	-3,3900144E-1	0,0000000E+0	0,0000000E+0
1,9475175E+3	1,1346024E+0	7,8124995E+1	7,8024347E-1	4,9158934E-1	1,3991260E-1	-7,8994785E-2	7,8124995E+1	-3,3895487E-1	0,0000000E+0	0,0000000E+0
1,9492728E+3	1,1336897E+0	7,8124995E+1	7,8041111E-1	4,9171041E-1	1,3998710E-1	-7,8966846E-2	7,8124995E+1	-3,3892693E-1	0,0000000E+0	0,0000000E+0
1,9510285E+3	1,1330657E+0	7,8124995E+1	7,8050424E-1	4,9171041E-1	1,3990329E-1	-7,8855087E-2	7,8124995E+1	-3,3874998E-1	0,0000000E+0	0,0000000E+0
1,9527837E+3	1,1326187E+0	7,8124995E+1	7,8061600E-1	4,9186873E-1	1,3991260E-1	-7,8827147E-2	7,8124995E+1	-3,3874067E-1	0,0000000E+0	0,0000000E+0
1,9545404E+3	1,1326653E+0	7,8124995E+1	7,8074639E-1	4,9191530E-1	1,3998710E-1	-7,8771268E-2	7,8124995E+1	-3,3869410E-1	0,0000000E+0	0,0000000E+0
1,9562944E+3	1,1332986E+0	7,8124995E+1	7,8066257E-1	4,9192461E-1	1,4008955E-1	-7,8743328E-2	7,8124995E+1	-3,3862891E-1	0,0000000E+0	0,0000000E+0
1,9580508E+3	1,1343417E+0	7,8124995E+1	7,8086746E-1	4,9198049E-1	1,4009886E-1	-7,8631570E-2	7,8124995E+1	-3,3853578E-1	0,0000000E+0	0,0000000E+0
1,9598051E+3	1,1330099E+0	7,8124995E+1	7,8081158E-1	4,9199912E-1	1,4012680E-1	-7,8557064E-2	7,8124995E+1	-3,3844264E-1	0,0000000E+0	0,0000000E+0
1,9615607E+3	1,1320227E+0	7,8124995E+1	7,8090471E-1	4,9203637E-1	1,4028513E-1	-7,8603630E-2	7,8124995E+1	-3,3848921E-1	0,0000000E+0	0,0000000E+0
1,9633160E+3	1,1306164E+0	7,8124995E+1	7,8075570E-1	4,9203637E-1	1,4020131E-1	-7,8715389E-2	7,8124995E+1	-3,3861028E-1	0,0000000E+0	0,0000000E+0
1,9650732E+3	1,1307188E+0	7,8124995E+1	7,8083952E-1	4,9208294E-1	1,4032238E-1	-7,8957533E-2	7,8124995E+1	-3,3864753E-1	0,0000000E+0	0,0000000E+0
1,9668272E+3	1,1283346E+0	7,8124995E+1	7,8073707E-1	4,9222264E-1	1,4023856E-1	-7,9022725E-2	7,8124995E+1	-3,3849852E-1	0,0000000E+0	0,0000000E+0
1,9685824E+3	1,1267514E+0	7,8124995E+1	7,8062532E-1	4,9226920E-1	1,4045277E-1	-7,8817834E-2	7,8124995E+1	-3,3870341E-1	0,0000000E+0	0,0000000E+0
1,9703348E+3	1,1267700E+0	7,8124995E+1	7,8067188E-1	4,9232508E-1	1,4029444E-1	-7,8892340E-2	7,8124995E+1	-3,3877792E-1	0,0000000E+0	0,0000000E+0
1,9720908E+3	1,1273102E+0	7,8124995E+1	7,8075570E-1	4,9234371E-1	1,4049933E-1	-7,9032038E-2	7,8124995E+1	-3,3879655E-1	0,0000000E+0	0,0000000E+0
1,9738475E+3	1,1269842E+0	7,8124995E+1	7,8086746E-1	4,9231577E-1	1,4047139E-1	-7,9059978E-2	7,8124995E+1	-3,3880586E-1	0,0000000E+0	0,0000000E+0
1,9756021E+3	1,1281763E+0	7,8124995E+1	7,8096059E-1	4,9241821E-1	1,4066697E-1	-7,9320748E-2	7,8124995E+1	-3,3905732E-1	0,0000000E+0	0,0000000E+0
1,9773568E+3	1,1275709E+0	7,8124995E+1	7,8091403E-1	4,9243684E-1	1,4058315E-1	-7,9255556E-2	7,8124995E+1	-3,3904800E-1	0,0000000E+0	0,0000000E+0
1,9791124E+3	1,1268724E+0	7,8124995E+1	7,8097922E-1	4,9233440E-1	1,4062040E-1	-7,9395254E-2	7,8124995E+1	-3,3917839E-1	0,0000000E+0	0,0000000E+0
1,9808676E+3	1,1272822E+0	7,8124995E+1	7,8096059E-1	4,9242753E-1	1,4072285E-1	-7,9590832E-2	7,8124995E+1	-3,3927152E-1	0,0000000E+0	0,0000000E+0
1,9826218E+3	1,1274964E+0	7,8124995E+1	7,8095128E-1	4,9247409E-1	1,4065766E-1	-7,9637398E-2	7,8124995E+1	-3,3930877E-1	0,0000000E+0	0,0000000E+0
1,9843778E+3	1,1292194E+0	7,8124995E+1	7,8103510E-1	4,9250203E-1	1,4069491E-1	-7,9739844E-2	7,8124995E+1	-3,3940191E-1	0,0000000E+0	0,0000000E+0
1,9861336E+3	1,1308119E+0	7,8124995E+1	7,8131449E-1	4,9260448E-1	1,4078804E-1	-7,9665338E-2	7,8124995E+1	-3,3950435E-1	0,0000000E+0	0,0000000E+0
1,9878907E+3	1,1308958E+0	7,8124995E+1	7,8136106E-1	4,9255791E-1	1,4080667E-1	-7,9888855E-2	7,8124995E+1	-3,3969993E-1	0,0000000E+0	0,0000000E+0
1,9896458E+3	1,1306722E+0	7,8124995E+1	7,8133312E-1	4,9268830E-1	1,4084392E-1	-7,9758470E-2	7,8124995E+1	-3,3979306E-1	0,0000000E+0	0,0000000E+0
1,9914000E+3	1,1310075E+0	7,8124995E+1	7,8145419E-1	4,9258585E-1	1,4088117E-1	-7,9637398E-2	7,8124995E+1	-3,3996070E-1	0,0000000E+0	0,0000000E+0
1,9931557E+3	1,1302718E+0	7,8124995E+1	7,8151939E-1	4,9286525E-1	1,4091843E-1	-7,9618772E-2	7,8124995E+1	-3,4009108E-1	0,0000000E+0	0,0000000E+0
1,9949105E+3	1,1309796E+0	7,8124995E+1	7,8164977E-1	4,9278143E-1	1,4105813E-1	-7,9562892E-2	7,8124995E+1	-3,3996070E-1	0,0000000E+0	0,0000000E+0
1,9966657E+3	1,1330378E+0	7,8124995E+1	7,8172428E-1	4,9283731E-1	1,4100225E-1	-7,9749157E-2	7,8124995E+1	-3,4018422E-1	0,0000000E+0	0,0000000E+0
1,9984224E+3	1,1329819E+0	7,8124995E+1	7,8185466E-1	4,9297701E-1	1,4104881E-1	-7,9665338E-2	7,8124995E+1	-3,4009108E-1	0,0000000E+0	0,0000000E+0
2,0001775E+3	1,1330844E+0	7,8124995E+1	7,8186397E-1	4,9303289E-1	1,4116988E-1	-7,9702591E-2	7,8124995E+1	-3,4017490E-1	0,0000000E+0	0,0000000E+0
2,0019327E+3	1,1347980E+0	7,8124995E+1	7,8205955E-1	4,9294907E-1	1,4114194E-1	-7,9618772E-2	7,8124995E+1	-3,4012834E-1	0,0000000E+0	0,0000000E+0
2,0036895E+3	1,1361112E+0	7,8124995E+1	7,8217131E-1	4,9323778E-1	1,4124439E-1	-7,9637398E-2	7,8124995E+1	-3,4029598E-1	0,0000000E+0	0,0000000E+0
2,0054456E+3	1,1367817E+0	7,8124995E+1	7,8223650E-1	4,9320053E-1	1,4152379E-1	-7,9646711E-2	7,8124995E+1	-3,4038911E-1	0,0000000E+0	0,0000000E+0
2,0072028E+3	1,1356828E+0	7,8124995E+1	7,8239483E-1	4,9333091E-1	1,4147722E-1	-7,9674651E-2	7,8124995E+1	-3,4042636E-1	0,0000000E+0	0,0000000E+0
2,0089568E+3	1,1339132E+0	7,8124995E+1	7,8235758E-1	4,9343336E-1	1,4156104E-1	-7,9581519E-2	7,8124995E+1	-3,4034254E-1	0,0000000E+0	0,0000000E+0
2,0107111E+3	1,1314359E+0	7,8124995E+1	7,8253453E-1	4,9347061E-1	1,4155173E-1	-7,9469760E-2	7,8124995E+1	-3,4052881E-1	0,0000000E+0	0,0000000E+0
2,0124640E+3	1,1302904E+0	7,8124995E+1	7,8273010E-1	4,9358237E-1	1,4175662E-1	-7,9553579E-2	7,8124995E+1	-3,4043567E-1	0,0000000E+0	0,0000000E+0
2,0142198E+3	1,1306257E+0	7,8124995E+1	7,8282324E-1	4,9370344E-1	1,4170074E-1	-7,9330062E-2	7,8124995E+1	-3,4047293E-1	0,0000000E+0	0,0000000E+0
2,0159741E+3	1,1291635E+0	7,8124995E+1	7,8289774E-1	4,9375932E-1	1,4182181E-1	-7,9246243E-2	7,8124995E+1	-3,4040773E-1	0,0000000E+0	0,0000000E+0
2,0177297E+3	1,1287351E+0	7,8124995E+1	7,8299087E-1	4,9399215E-1	1,4194288E-1	-7,9115857E-2	7,8124995E+1	-3,4025872E-1	0,0000000E+0	0,0000000E+0
2,0194861E+3	1,1282042E+0	7,8124995E+1	7,8304675E-1	4,9400146E-1	1,4188700E-1	-7,9106544E-2	7,8124995E+1	-3,4014696E-1	0,0000000E+0	0,0000000E+0
2,0212406E+3	1,1305419E+0	7,8124995E+1	7,8305607E-1	4,9405734E-1	1,4207327E-1	-7,9199676E-2	7,8124995E+1	-3,4006315E-1	0,0000000E+0	0,0000000E+0
2,0229954E+3	1,1347607E+0	7,8124995E+1	7,8301881E-1	4,9413185E-1	1,4208258E-1	-7,9385941E-2	7,8124995E+1	-3,3993276E-1	0,0000000E+0	0,0000000E+0
2,0247499E+3	1,1363906E+0	7,8124995E+1	7,8307469E-1	4,9405734E-1	1,4210121E-1	-7,9572206E-2	7,8124995E+1	-3,4002589E-1	0,0000000E+0	0,0000000E+0
2,0265037E+3	1,1357573E+0	7,8124995E+1	7,8331684E-1	4,9410391E-1	1,4218503E-1	-7,9497700E-2	7,8124995E+1	-3,3993276E-1	0,0000000E+0	0,0000000E+0
2,0282587E+3	1,1357666E+0	7,8124995E+1	7,8345654E-1	4,9416910E-1	1,4227816E-1	-7,9534953E-2	7,8124995E+1	-3,3997933E-1	0,0000000E+0	0,0000000E+0
2,0300140E+3	1,1356082E+0	7,8124995E+1	7,8347516E-1	4,9421567E-1	1,4228747E-1	-7,9432507E-2	7,8124995E+1	-3,4002589E-1	0,0000000E+0	0,0000000E+0
2,0317689E+3	1,1359249E+0	7,8124995E+1	7,8343791E-1	4,9437399E-1	1,4233404E-1	-7,9544266E-2	7,8124995E+1	-3,3991413E-1	0,0000000E+0	0,0000000E+0
2,0335224E+3	1,1367724E+0	7,8124995E+1	7,8349379E-1	4,9434605E-1	1,4247374E-1	-7,9441820E-2	7,8124995E+1	-3,3995139E-1	0,0000000E+0	0,0000000E+0
2,0352796E+3	1,1372194E+0	7,8124995E+1	7,8359623E-1	4,9442987E-1	1,4246442E-1	-7,9460447E-2	7,8124995E+1	-3,4006315E-1	0,0000000E+0	0,0000000E+0
2,0370355E+3	1,1376199E+0	7,8124995E+1	7,8374525E-1	4,9450438E-1	1,4254824E-1	-7,9432507E-2	7,8124995E+1	-3,4014696E-1	0,0000000E+0	0,0000000E+0
2,0387911E+3	1,1365582E+0	7,8124995E+1	7,8382907E-1	4,9443918E-1	1,4247374E-1	-7,9236929E-2	7,8124995E+1	-3,4020284E-1	0,0000000E+0	0,0000000E+0
2,0405476E+3	1,1367072E+0	7,8124995E+1	7,8384769E-1	4,9459751E-1	1,4264137E-1	-7,9199676E-2	7,8124995E+1	-3,4005383E-1	0,0000000E+0	0,0000000E+0
2,0423031E+3	1,1366979E+0	7,8124995E+1	7,8398739E-1	4,9469064E-1	1,4259481E-1	-7,8994785E-2	7,8124995E+1	-3,4002589E-1	0,0000000E+0	0,0000000E+0
2,0440568E+3	1,1367351E+0	7,8124995E+1	7,8401533E-1	4,9469064E-1	1,4272519E-1	-7,9022725E-2	7,8124995E+1	-3,4024941E-1	0,0000000E+0	0,0000000E+0
2,0458124E+3	1,1371822E+0	7,8124995E+1	7,8408984E-1	4,9487691E-1	1,4280901E-1	-7,8994785E-2	7,8124995E+1	-3,4010971E-1	0,0000000E+0	0,0000000E+0
2,0475671E+3	1,1374243E+0	7,8124995E+1	7,8412709E-1	4,9483965E-1	1,4277176E-1	-7,9255556E-2	7,8124995E+1	-3,4014696E-1	0,0000000E+0	0,0000000E+0
2,0493241E+3	1,1371263E+0	7,8124995E+1	7,8419228E-1	4,9493279E-1	1,4279970E-1	-7,9246243E-2	7,8124995E+1	-3,4013765E-1	0,0000000E+0	0,0000000E+0
2,0510813E+3	1,1370704E+0	7,8124995E+1	7,8438786E-1	4,9508180E-1	1,4289283E-1	-7,9134484E-2	7,8124995E+1	-3,4011902E-1	0,0000000E+0	0,0000000E+0
2,0528369E+3	1,1365955E+0	7,8124995E+1	7,8443442E-1	4,9491416E-1	1,4290214E-1	-7,8994785E-2	7,8124995E+1	-3,4004452E-1	0,0000000E+0	0,0000000E+0
2,0545899E+3	1,1376013E+0	7,8124995E+1	7,8449962E-1	4,9514699E-1	1,4300459E-1	-7,8985472E-2	7,8124995E+1	-3,4015628E-1	0,0000000E+0	0,0000000E+0
2,0563458E+3	1,1376385E+0	7,8124995E+1	7,8466726E-1	4,9511905E-1	1,4296734E-1	-7,8892340E-2	7,8124995E+1	-3,4012834E-1	0,0000000E+0	0,0000000E+0
2,0581005E+3	1,1385047E+0	7,8124995E+1	7,8479764E-1	4,9512836E-1	1,4298596E-1	-7,8845774E-2	7,8124995E+1	-3,4007246E-1	0,0000000E+0	0,0000000E+0
2,0598555E+3	1,1385885E+0	7,8124995E+1	7,8498391E-1	4,9521218E-1	1,4302322E-1	-7,8827147E-2	7,8124995E+1	-3,3997001E-1	0,0000000E+0	0,0000000E+0
2,0616126E+3	1,1396968E+0	7,8124995E+1	7,8514223E-1	4,9547295E-1	1,4300459E-1	-7,8920280E-2	7,8124995E+1	-3,4010040E-1	0,0000000E+0	0,0000000E+0
2,0633659E+3	1,1400879E+0	7,8124995E+1	7,8512360E-1	4,9540776E-1	1,4313498E-1	-7,8966846E-2	7,8124995E+1	-3,3992345E-1	0,0000000E+0	0,0000000E+0
2,0651209E+3	1,1412428E+0	7,8124995E+1	7,8521674E-1	4,9537982E-1	1,4308841E-1	-7,8827147E-2	7,8124995E+1	-3,3997933E-1	0,0000000E+0	0,0000000E+0
2,0668786E+3	1,1403673E+0	7,8124995E+1	7,8550545E-1	4,9542639E-1	1,4296734E-1	-7,8873714E-2	7,8124995E+1	-3,4000727E-1	0,0000000E+0	0,0000000E+0
2,0686340E+3	1,1396409E+0	7,8124995E+1	7,8551476E-1	4,9555677E-1	1,4311635E-1	-7,8985472E-2	7,8124995E+1	-3,4001658E-1	0,0000000E+0	0,0000000E+0
2,0703882E+3	1,1376199E+0	7,8124995E+1	7,8567308E-1	4,9553815E-1	1,4317223E-1	-7,8817834E-2	7,8124995E+1	-3,4009108E-1	0,0000000E+0	0,0000000E+0
2,0721451E+3	1,1382160E+0	7,8124995E+1	7,8574759E-1	4,9562196E-1	1,4305116E-1	-7,8743328E-2	7,8124995E+1	-3,4011902E-1	0,0000000E+0	0,0000000E+0
2,0738988E+3	1,1397899E+0	7,8124995E+1	7,8576622E-1	4,9564059E-1	1,4320017E-1	-7,8603630E-2	7,8124995E+1	-3,4012834E-1	0,0000000E+0	0,0000000E+0
2,0756545E+3	1,1400227E+0	7,8124995E+1	7,8585004E-1	4,9568716E-1	1,4318154E-1	-7,8408052E-2	7,8124995E+1	-3,4006315E-1	0,0000000E+0	0,0000000E+0
2,0774107E+3	1,1414756E+0	7,8124995E+1	7,8595248E-1	4,9565922E-1	1,4324673E-1	-7,8259041E-2	7,8124995E+1	-3,4008177E-1	0,0000000E+0	0,0000000E+0
2,0791660E+3	1,1440460E+0	7,8124995E+1	7,8594317E-1	4,9571510E-1	1,4314429E-1	-7,8296294E-2	7,8124995E+1	-3,4007246E-1	0,0000000E+0	0,0000000E+0
2,0809200E+3	1,1448842E+0	7,8124995E+1	7,8590591E-1	4,9569647E-1	1,4320948E-1	-7,8277667E-2	7,8124995E+1	-3,4010040E-1	0,0000000E+0	0,0000000E+0
2,0826769E+3	1,1451916E+0	7,8124995E+1	7,8596179E-1	4,9580823E-1	1,4329330E-1	-7,8231101E-2	7,8124995E+1	-3,4002589E-1	0,0000000E+0	0,0000000E+0
2,0844312E+3	1,1445769E+0	7,8124995E+1	7,8601767E-1	4,9568716E-1	1,4329330E-1	-7,8324233E-2	7,8124995E+1	-3,4022147E-1	0,0000000E+0	0,0000000E+0
2,0861870E+3	1,1435338E+0	7,8124995E+1	7,8602699E-1	4,9562196E-1	1,4312566E-1	-7,8277667E-2	7,8124995E+1	-3,4014696E-1	0,0000000E+0	0,0000000E+0
2,0879398E+3	1,1436363E+0	7,8124995E+1	7,8601767E-1	4,9567784E-1	1,4331193E-1	-7,8212474E-2	7,8124995E+1	-3,4018422E-1	0,0000000E+0	0,0000000E+0
2,0896935E+3	1,1443534E+0	7,8124995E+1	7,8597111E-1	4,9584548E-1	1,4333987E-1	-7,8082089E-2	7,8124995E+1	-3,4031460E-1	0,0000000E+0	0,0000000E+0
2,0914489E+3	1,1450519E+0	7,8124995E+1	7,8613875E-1	4,9588273E-1	1,4335849E-1	-7,8007583E-2	7,8124995E+1	-3,4023078E-1	0,0000000E+0	0,0000000E+0
2,0932023E+3	1,1474640E+0	7,8124995E+1	7,8624119E-1	4,9597587E-1	1,4335849E-1	-7,7933078E-2	7,8124995E+1	-3,4014696E-1	0,0000000E+0	0,0000000E+0
2,0949566E+3	1,1450053E+0	7,8124995E+1	7,8618531E-1	4,9589205E-1	1,4343300E-1	-7,7923764E-2	7,8124995E+1	-3,4010971E-1	0,0000000E+0	0,0000000E+0
2,0967099E+3	1,1450705E+0	7,8124995E+1	7,8624119E-1	4,9595724E-1	1,4331193E-1	-7,7951704E-2	7,8124995E+1	-3,4005383E-1	0,0000000E+0	0,0000000E+0
2,0984637E+3	1,1449215E+0	7,8124995E+1	7,8639952E-1	4,9604106E-1	1,4334918E-1	-7,7942391E-2	7,8124995E+1	-3,3998864E-1	0,0000000E+0	0,0000000E+0
2,1002171E+3	1,1345186E+0	7,8124995E+1	7,8555201E-1	4,9613419E-1	1,4336781E-1	-7,8426679E-2	7,8124995E+1	-3,3984894E-1	0,0000000E+0	0,0000000E+0
2,1019719E+3	1,1282508E+0	7,8124995E+1	7,8526330E-1	4,9594793E-1	1,4320017E-1	-7,8091403E-2	7,8124995E+1	-3,3969993E-1	0,0000000E+0	0,0000000E+0
2,1037260E+3	1,1322275E+0	7,8124995E+1	7,8544957E-1	4,9594793E-1	1,4301390E-1	-7,8016897E-2	7,8124995E+1	-3,3960680E-1	0,0000000E+0	0,0000000E+0
2,1054823E+3	1,1356734E+0	7,8124995E+1	7,8564514E-1	4,9595724E-1	1,4318154E-1	-7,8110029E-2	7,8124995E+1	-3,3953229E-1	0,0000000E+0	0,0000000E+0
2,1072373E+3	1,1370984E+0	7,8124995E+1	7,8578484E-1	4,9590136E-1	1,4304184E-1	-7,7886512E-2	7,8124995E+1	-3,3942985E-1	0,0000000E+0	0,0000000E+0
2,1089927E+3	1,1346397E+0	7,8124995E+1	7,8561720E-1	4,9595724E-1	1,4308841E-1	-7,7849259E-2	7,8124995E+1	-3,3923427E-1	0,0000000E+0	0,0000000E+0
2,1107474E+3	1,1313428E+0	7,8124995E+1	7,8553339E-1	4,9609694E-1	1,4308841E-1	-7,7774753E-2	7,8124995E+1	-3,3926221E-1	0,0000000E+0	0,0000000E+0
2,1125028E+3	1,1345745E+0	7,8124995E+1	7,8543094E-1	4,9605969E-1	1,4312566E-1	-7,7784066E-2	7,8124995E+1	-3,3896418E-1	0,0000000E+0	0,0000000E+0
2,1142587E+3	1,1357200E+0	7,8124995E+1	7,8531918E-1	4,9619007E-1	1,4308841E-1	-7,8082089E-2	7,8124995E+1	-3,3882449E-1	0,0000000E+0	0,0000000E+0
2,1160124E+3	1,1348166E+0	7,8124995E+1	7,8540300E-1	4,9599449E-1	1,4305116E-1	-7,7988957E-2	7,8124995E+1	-3,3885243E-1	0,0000000E+0	0,0000000E+0
2,1177672E+3	1,1359715E+0	7,8124995E+1	7,8523536E-1	4,9607831E-1	1,4324673E-1	-7,7867885E-2	7,8124995E+1	-3,3880586E-1	0,0000000E+0	0,0000000E+0
2,1195228E+3	1,1404977E+0	7,8124995E+1	7,8530987E-1	4,9612488E-1	1,4330261E-1	-7,7560549E-2	7,8124995E+1	-3,3855440E-1	0,0000000E+0	0,0000000E+0
2,1212770E+3	1,1487958E+0	7,8124995E+1	7,8518880E-1	4,9592930E-1	1,4331193E-1	-7,6880683E-2	7,8124995E+1	-3,3832157E-1	0,0000000E+0	0,0000000E+0
2,1230324E+3	1,1549518E+0	7,8124995E+1	7,8428541E-1	4,9567784E-1	1,4332124E-1	-7,6740985E-2	7,8124995E+1	-3,3818187E-1	0,0000000E+0	0,0000000E+0
2,1247884E+3	1,1552685E+0	7,8124995E+1	7,8395945E-1	4,9541707E-1	1,4322811E-1	-7,7039008E-2	7,8124995E+1	-3,3808874E-1	0,0000000E+0	0,0000000E+0
2,1265462E+3	1,1538622E+0	7,8124995E+1	7,8392220E-1	4,9513768E-1	1,4311635E-1	-7,7011068E-2	7,8124995E+1	-3,3788385E-1	0,0000000E+0	0,0000000E+0
2,1283010E+3	1,1524186E+0	7,8124995E+1	7,8375456E-1	4,9511905E-1	1,4312566E-1	-7,7076261E-2	7,8124995E+1	-3,3788385E-1	0,0000000E+0	0,0000000E+0
2,1300544E+3	1,1481439E+0	7,8124995E+1	7,8374525E-1	4,9498866E-1	1,4303253E-1	-7,7094887E-2	7,8124995E+1	-3,3793973E-1	0,0000000E+0	0,0000000E+0
2,1318082E+3	1,1426863E+0	7,8124995E+1	7,8366143E-1	4,9504454E-1	1,4289283E-1	-7,6964502E-2	7,8124995E+1	-3,3793042E-1	0,0000000E+0	0,0000000E+0
2,1335654E+3	1,1335966E+0	7,8124995E+1	7,8344722E-1	4,9506317E-1	1,4294871E-1	-7,7039008E-2	7,8124995E+1	-3,3780003E-1	0,0000000E+0	0,0000000E+0
2,1353205E+3	1,1289307E+0	7,8124995E+1	7,8325165E-1	4,9501660E-1	1,4277176E-1	-7,6955189E-2	7,8124995E+1	-3,3790248E-1	0,0000000E+0	0,0000000E+0
2,1370768E+3	1,1288468E+0	7,8124995E+1	7,8325165E-1	4,9499798E-1	1,4279039E-1	-7,6750298E-2	7,8124995E+1	-3,3799561E-1	0,0000000E+0	0,0000000E+0
2,1388292E+3	1,1282415E+0	7,8124995E+1	7,8300019E-1	4,9496073E-1	1,4287420E-1	-7,6806177E-2	7,8124995E+1	-3,3802355E-1	0,0000000E+0	0,0000000E+0
2,1405837E+3	1,1294150E+0	7,8124995E+1	7,8308401E-1	4,9477446E-1	1,4285558E-1	-7,6834117E-2	7,8124995E+1	-3,3808874E-1	0,0000000E+0	0,0000000E+0
2,1423406E+3	1,1300762E+0	7,8124995E+1	7,8300950E-1	4,9490485E-1	1,4302322E-1	-7,6806177E-2	7,8124995E+1	-3,3811668E-1	0,0000000E+0	0,0000000E+0
2,1440958E+3	1,1320692E+0	7,8124995E+1	7,8306538E-1	4,9473721E-1	1,4302322E-1	-7,6713045E-2	7,8124995E+1	-3,3816325E-1	0,0000000E+0	0,0000000E+0
2,1458510E+3	1,1326560E+0	7,8124995E+1	7,8304675E-1	4,9469995E-1	1,4326536E-1	-7,6713045E-2	7,8124995E+1	-3,3826569E-1	0,0000000E+0	0,0000000E+0
2,1476050E+3	1,1361857E+0	7,8124995E+1	7,8312126E-1	4,9471858E-1	1,4330261E-1	-7,6713045E-2	7,8124995E+1	-3,3829363E-1	0,0000000E+0	0,0000000E+0
2,1493605E+3	1,1388772E+0	7,8124995E+1	7,8323302E-1	4,9471858E-1	1,4347956E-1	-7,6629226E-2	7,8124995E+1	-3,3820981E-1	0,0000000E+0	0,0000000E+0
2,1511162E+3	1,1419971E+0	7,8124995E+1	7,8326096E-1	4,9464408E-1	1,4358201E-1	-7,6536094E-2	7,8124995E+1	-3,3823775E-1	0,0000000E+0	0,0000000E+0
2,1528719E+3	1,1346024E+0	7,8124995E+1	7,8312126E-1	4,9473721E-1	1,4366583E-1	-7,6955189E-2	7,8124995E+1	-3,3827501E-1	0,0000000E+0	0,0000000E+0
2,1546266E+3	1,1334290E+0	7,8124995E+1	7,8287912E-1	4,9454163E-1	1,4354476E-1	-7,7076261E-2	7,8124995E+1	-3,3824707E-1	0,0000000E+0	0,0000000E+0
2,1563800E+3	1,1295919E+0	7,8124995E+1	7,8282324E-1	4,9461614E-1	1,4342369E-1	-7,7253212E-2	7,8124995E+1	-3,3832157E-1	0,0000000E+0	0,0000000E+0
2,1581328E+3	1,1292287E+0	7,8124995E+1	7,8284186E-1	4,9466270E-1	1,4351682E-1	-7,7318405E-2	7,8124995E+1	-3,3829363E-1	0,0000000E+0	0,0000000E+0
2,1598887E+3	1,1351333E+0	7,8124995E+1	7,8307469E-1	4,9436468E-1	1,4348888E-1	-7,7066948E-2	7,8124995E+1	-3,3840539E-1	0,0000000E+0	0,0000000E+0
2,1616447E+3	1,1346862E+0	7,8124995E+1	7,8301881E-1	4,9434605E-1	1,4363789E-1	-7,7085574E-2	7,8124995E+1	-3,3847058E-1	0,0000000E+0	0,0000000E+0
2,1633992E+3	1,1296664E+0	7,8124995E+1	7,8303744E-1	4,9417841E-1	1,4353544E-1	-7,6871370E-2	7,8124995E+1	-3,3848921E-1	0,0000000E+0	0,0000000E+0
2,1651530E+3	1,1147466E+0	7,8124995E+1	7,8236689E-1	4,9418773E-1	1,4347956E-1	-7,6908623E-2	7,8124995E+1	-3,3836814E-1	0,0000000E+0	0,0000000E+0
2,1669083E+3	1,1142716E+0	7,8124995E+1	7,8211543E-1	4,9401078E-1	1,4343300E-1	-7,6899310E-2	7,8124995E+1	-3,3825638E-1	0,0000000E+0	0,0000000E+0
2,1686625E+3	1,1219737E+0	7,8124995E+1	7,8214337E-1	4,9380588E-1	1,4347025E-1	-7,7001755E-2	7,8124995E+1	-3,3842402E-1	0,0000000E+0	0,0000000E+0
2,1704173E+3	1,1229981E+0	7,8124995E+1	7,8216200E-1	4,9368481E-1	1,4346094E-1	-7,6955189E-2	7,8124995E+1	-3,3832157E-1	0,0000000E+0	0,0000000E+0
2,1721741E+3	1,1265092E+0	7,8124995E+1	7,8207818E-1	4,9356374E-1	1,4347025E-1	-7,6834117E-2	7,8124995E+1	-3,3813531E-1	0,0000000E+0	0,0000000E+0
2,1739296E+3	1,1314452E+0	7,8124995E+1	7,8232032E-1	4,9355443E-1	1,4347025E-1	-7,6824804E-2	7,8124995E+1	-3,3802355E-1	0,0000000E+0	0,0000000E+0
2,1756830E+3	1,1342671E+0	7,8124995E+1	7,8230170E-1	4,9345198E-1	1,4353544E-1	-7,6657166E-2	7,8124995E+1	-3,3786522E-1	0,0000000E+0	0,0000000E+0
2,1774381E+3	1,1344907E+0	7,8124995E+1	7,8243208E-1	4,9345198E-1	1,4355407E-1	-7,6545407E-2	7,8124995E+1	-3,3766965E-1	0,0000000E+0	0,0000000E+0
2,1791926E+3	1,1345465E+0	7,8124995E+1	7,8257178E-1	4,9343336E-1	1,4364720E-1	-7,6489528E-2	7,8124995E+1	-3,3754857E-1	0,0000000E+0	0,0000000E+0
2,1809464E+3	1,1345559E+0	7,8124995E+1	7,8277667E-1	4,9344267E-1	1,4360064E-1	-7,6517467E-2	7,8124995E+1	-3,3730643E-1	0,0000000E+0	0,0000000E+0
2,1827026E+3	1,1369028E+0	7,8124995E+1	7,8277667E-1	4,9347061E-1	1,4367514E-1	-7,6396395E-2	7,8124995E+1	-3,3712948E-1	0,0000000E+0	0,0000000E+0
2,1844611E+3	1,1350122E+0	7,8124995E+1	7,8288843E-1	4,9358237E-1	1,4367514E-1	-7,6331203E-2	7,8124995E+1	-3,3706429E-1	0,0000000E+0	0,0000000E+0
2,1862185E+3	1,1373312E+0	7,8124995E+1	7,8308401E-1	4,9368481E-1	1,4380553E-1	-7,6210131E-2	7,8124995E+1	-3,3694321E-1	0,0000000E+0	0,0000000E+0
2,1879751E+3	1,1393708E+0	7,8124995E+1	7,8322371E-1	4,9377795E-1	1,4390797E-1	-7,6154251E-2	7,8124995E+1	-3,3682214E-1	0,0000000E+0	0,0000000E+0
2,1897304E+3	1,1381321E+0	7,8124995E+1	7,8327027E-1	4,9389902E-1	1,4401973E-1	-7,6116999E-2	7,8124995E+1	-3,3675695E-1	0,0000000E+0	0,0000000E+0
2,1914841E+3	1,1418295E+0	7,8124995E+1	7,8317714E-1	4,9398284E-1	1,4396385E-1	-7,6172878E-2	7,8124995E+1	-3,3654275E-1	0,0000000E+0	0,0000000E+0
2,1932379E+3	1,1397247E+0	7,8124995E+1	7,8310263E-1	4,9399215E-1	1,4391729E-1	-7,6182191E-2	7,8124995E+1	-3,3644030E-1	0,0000000E+0	0,0000000E+0
2,1949925E+3	1,1396222E+0	7,8124995E+1	7,8302813E-1	4,9407597E-1	1,4397317E-1	-7,6107685E-2	7,8124995E+1	-3,3643099E-1	0,0000000E+0	0,0000000E+0
2,1967461E+3	1,1307933E+0	7,8124995E+1	7,8271148E-1	4,9420635E-1	1,4395454E-1	-7,6098372E-2	7,8124995E+1	-3,3642167E-1	0,0000000E+0	0,0000000E+0
2,1985024E+3	1,1309516E+0	7,8124995E+1	7,8286049E-1	4,9409459E-1	1,4395454E-1	-7,6200818E-2	7,8124995E+1	-3,3636579E-1	0,0000000E+0	0,0000000E+0
2,2002559E+3	1,1322462E+0	7,8124995E+1	7,8275804E-1	4,9416910E-1	1,4390797E-1	-7,5958674E-2	7,8124995E+1	-3,3644961E-1	0,0000000E+0	0,0000000E+0
2,2020107E+3	1,1316408E+0	7,8124995E+1	7,8296294E-1	4,9415979E-1	1,4405698E-1	-7,5874855E-2	7,8124995E+1	-3,3651481E-1	0,0000000E+0	0,0000000E+0
2,2037665E+3	1,1264999E+0	7,8124995E+1	7,8286980E-1	4,9419704E-1	1,4401973E-1	-7,5772409E-2	7,8124995E+1	-3,3652412E-1	0,0000000E+0	0,0000000E+0
2,2055220E+3	1,1224952E+0	7,8124995E+1	7,8291637E-1	4,9425292E-1	1,4412218E-1	-7,5828289E-2	7,8124995E+1	-3,3657069E-1	0,0000000E+0	0,0000000E+0
2,2072774E+3	1,1194591E+0	7,8124995E+1	7,8271148E-1	4,9424361E-1	1,4418737E-1	-7,5772409E-2	7,8124995E+1	-3,3670107E-1	0,0000000E+0	0,0000000E+0
2,2090321E+3	1,1196174E+0	7,8124995E+1	7,8269285E-1	4,9417841E-1	1,4403836E-1	-7,5772409E-2	7,8124995E+1	-3,3680352E-1	0,0000000E+0	0,0000000E+0
2,2107868E+3	1,1225697E+0	7,8124995E+1	7,8266491E-1	4,9415979E-1	1,4419668E-1	-7,5893481E-2	7,8124995E+1	-3,3677558E-1	0,0000000E+0	0,0000000E+0
2,2125424E+3	1,1232962E+0	7,8124995E+1	7,8279530E-1	4,9420635E-1	1,4417806E-1	-7,5940047E-2	7,8124995E+1	-3,3690596E-1	0,0000000E+0	0,0000000E+0
2,2142967E+3	1,1271146E+0	7,8124995E+1	7,8279530E-1	4,9425292E-1	1,4431775E-1	-7,5921421E-2	7,8124995E+1	-3,3711085E-1	0,0000000E+0	0,0000000E+0
2,2160516E+3	1,1324324E+0	7,8124995E+1	7,8261835E-1	4,9424361E-1	1,4434569E-1	-7,5949360E-2	7,8124995E+1	-3,3723192E-1	0,0000000E+0	0,0000000E+0
2,2178087E+3	1,1363533E+0	7,8124995E+1	7,8290706E-1	4,9423429E-1	1,4444814E-1	-7,5940047E-2	7,8124995E+1	-3,3736231E-1	0,0000000E+0	0,0000000E+0
2,2195624E+3	1,1369866E+0	7,8124995E+1	7,8293500E-1	4,9422498E-1	1,4450402E-1	-7,5958674E-2	7,8124995E+1	-3,3758583E-1	0,0000000E+0	0,0000000E+0
2,2213179E+3	1,1361112E+0	7,8124995E+1	7,8314920E-1	4,9416910E-1	1,4449471E-1	-7,5884168E-2	7,8124995E+1	-3,3752995E-1	0,0000000E+0	0,0000000E+0
2,2230708E+3	1,1356921E+0	7,8124995E+1	7,8323302E-1	4,9414116E-1	1,4451333E-1	-7,5763096E-2	7,8124995E+1	-3,3759514E-1	0,0000000E+0	0,0000000E+0
2,2248259E+3	1,1362229E+0	7,8124995E+1	7,8340997E-1	4,9427155E-1	1,4454127E-1	-7,5772409E-2	7,8124995E+1	-3,3750201E-1	0,0000000E+0	0,0000000E+0
2,2265805E+3	1,1374709E+0	7,8124995E+1	7,8359623E-1	4,9424361E-1	1,4451333E-1	-7,5744470E-2	7,8124995E+1	-3,3759514E-1	0,0000000E+0	0,0000000E+0
2,2283348E+3	1,1384208E+0	7,8124995E+1	7,8377319E-1	4,9431811E-1	1,4462509E-1	-7,5614084E-2	7,8124995E+1	-3,3758583E-1	0,0000000E+0	0,0000000E+0
2,2300909E+3	1,1397433E+0	7,8124995E+1	7,8381975E-1	4,9444850E-1	1,4475548E-1	-7,5642024E-2	7,8124995E+1	-3,3757651E-1	0,0000000E+0	0,0000000E+0
2,2318453E+3	1,1404139E+0	7,8124995E+1	7,8407121E-1	4,9459751E-1	1,4483930E-1	-7,5437133E-2	7,8124995E+1	-3,3748338E-1	0,0000000E+0	0,0000000E+0
2,2336007E+3	1,1411217E+0	7,8124995E+1	7,8414571E-1	4,9456957E-1	1,4469028E-1	-7,5586145E-2	7,8124995E+1	-3,3745544E-1	0,0000000E+0	0,0000000E+0
2,2353550E+3	1,1414476E+0	7,8124995E+1	7,8418297E-1	4,9466270E-1	1,4479273E-1	-7,5846915E-2	7,8124995E+1	-3,3758583E-1	0,0000000E+0	0,0000000E+0
2,2371126E+3	1,1413545E+0	7,8124995E+1	7,8441580E-1	4,9492347E-1	1,4483930E-1	-7,6172878E-2	7,8124995E+1	-3,3754857E-1	0,0000000E+0	0,0000000E+0
2,2388684E+3	1,1411869E+0	7,8124995E+1	7,8445305E-1	4,9483965E-1	1,4489517E-1	-7,6228757E-2	7,8124995E+1	-3,3766033E-1	0,0000000E+0	0,0000000E+0
2,2406230E+3	1,1407957E+0	7,8124995E+1	7,8462069E-1	4,9493279E-1	1,4483930E-1	-7,6126312E-2	7,8124995E+1	-3,3766033E-1	0,0000000E+0	0,0000000E+0
2,2423799E+3	1,1404325E+0	7,8124995E+1	7,8469520E-1	4,9482103E-1	1,4493243E-1	-7,6126312E-2	7,8124995E+1	-3,3776278E-1	0,0000000E+0	0,0000000E+0
2,2441332E+3	1,1144486E+0	7,8124995E+1	7,8252521E-1	4,9472789E-1	1,4468097E-1	-7,6340516E-2	7,8124995E+1	-3,3773484E-1	0,0000000E+0	0,0000000E+0
2,2458871E+3	1,1262391E+0	7,8124995E+1	7,8279530E-1	4,9461614E-1	1,4417806E-1	-7,6126312E-2	7,8124995E+1	-3,3765102E-1	0,0000000E+0	0,0000000E+0
2,2476399E+3	1,1257455E+0	7,8124995E+1	7,8280461E-1	4,9434605E-1	1,4418737E-1	-7,6107685E-2	7,8124995E+1	-3,3748338E-1	0,0000000E+0	0,0000000E+0
2,2493963E+3	1,1264254E+0	7,8124995E+1	7,8283255E-1	4,9432743E-1	1,4386141E-1	-7,6144938E-2	7,8124995E+1	-3,3740888E-1	0,0000000E+0	0,0000000E+0
2,2511523E+3	1,1291449E+0	7,8124995E+1	7,8309332E-1	4,9432743E-1	1,4377759E-1	-7,6079746E-2	7,8124995E+1	-3,3730643E-1	0,0000000E+0	0,0000000E+0
2,2529084E+3	1,1328888E+0	7,8124995E+1	7,8338203E-1	4,9428086E-1	1,4357270E-1	-7,5995927E-2	7,8124995E+1	-3,3725055E-1	0,0000000E+0	0,0000000E+0
2,2546624E+3	1,1323579E+0	7,8124995E+1	7,8341928E-1	4,9426223E-1	1,4368446E-1	-7,6014553E-2	7,8124995E+1	-3,3724124E-1	0,0000000E+0	0,0000000E+0
2,2564180E+3	1,1323672E+0	7,8124995E+1	7,8354967E-1	4,9429017E-1	1,4369377E-1	-7,6079746E-2	7,8124995E+1	-3,3725055E-1	0,0000000E+0	0,0000000E+0
2,2581723E+3	1,1299924E+0	7,8124995E+1	7,8347516E-1	4,9442056E-1	1,4384278E-1	-7,6023866E-2	7,8124995E+1	-3,3723192E-1	0,0000000E+0	0,0000000E+0
2,2599293E+3	1,1287351E+0	7,8124995E+1	7,8362417E-1	4,9462545E-1	1,4377759E-1	-7,6126312E-2	7,8124995E+1	-3,3726918E-1	0,0000000E+0	0,0000000E+0
2,2616848E+3	1,1303928E+0	7,8124995E+1	7,8363349E-1	4,9475583E-1	1,4377759E-1	-7,6051806E-2	7,8124995E+1	-3,3739956E-1	0,0000000E+0	0,0000000E+0
2,2634392E+3	1,1308678E+0	7,8124995E+1	7,8356829E-1	4,9482103E-1	1,4393591E-1	-7,6200818E-2	7,8124995E+1	-3,3746476E-1	0,0000000E+0	0,0000000E+0
2,2651924E+3	1,1292101E+0	7,8124995E+1	7,8348448E-1	4,9471858E-1	1,4406630E-1	-7,6191504E-2	7,8124995E+1	-3,3763239E-1	0,0000000E+0	0,0000000E+0
2,2669474E+3	1,1278783E+0	7,8124995E+1	7,8342860E-1	4,9480240E-1	1,4416874E-1	-7,6172878E-2	7,8124995E+1	-3,3762308E-1	0,0000000E+0	0,0000000E+0
2,2687024E+3	1,1282042E+0	7,8124995E+1	7,8347516E-1	4,9477446E-1	1,4419668E-1	-7,6107685E-2	7,8124995E+1	-3,3770690E-1	0,0000000E+0	0,0000000E+0
2,2704582E+3	1,1293684E+0	7,8124995E+1	7,8340066E-1	4,9493279E-1	1,4418737E-1	-7,6005240E-2	7,8124995E+1	-3,3769759E-1	0,0000000E+0	0,0000000E+0
2,2722124E+3	1,1293684E+0	7,8124995E+1	7,8352173E-1	4,9480240E-1	1,4420600E-1	-7,6051806E-2	7,8124995E+1	-3,3785591E-1	0,0000000E+0	0,0000000E+0
2,2739687E+3	1,1283905E+0	7,8124995E+1	7,8345654E-1	4,9486759E-1	1,4423394E-1	-7,6061119E-2	7,8124995E+1	-3,3787454E-1	0,0000000E+0	0,0000000E+0
2,2757224E+3	1,1275616E+0	7,8124995E+1	7,8354036E-1	4,9483034E-1	1,4423394E-1	-7,5874855E-2	7,8124995E+1	-3,3787454E-1	0,0000000E+0	0,0000000E+0
2,2774757E+3	1,1256245E+0	7,8124995E+1	7,8344722E-1	4,9478377E-1	1,4433638E-1	-7,5874855E-2	7,8124995E+1	-3,3807011E-1	0,0000000E+0	0,0000000E+0
2,2792293E+3	1,1269656E+0	7,8124995E+1	7,8354036E-1	4,9481171E-1	1,4440157E-1	-7,5902794E-2	7,8124995E+1	-3,3816325E-1	0,0000000E+0	0,0000000E+0
2,2809839E+3	1,1295081E+0	7,8124995E+1	7,8365211E-1	4,9482103E-1	1,4455990E-1	-7,5912108E-2	7,8124995E+1	-3,3830295E-1	0,0000000E+0	0,0000000E+0
2,2827395E+3	1,1311193E+0	7,8124995E+1	7,8383838E-1	4,9482103E-1	1,4458784E-1	-7,5735156E-2	7,8124995E+1	-3,3829363E-1	0,0000000E+0	0,0000000E+0
2,2844933E+3	1,1310727E+0	7,8124995E+1	7,8383838E-1	4,9492347E-1	1,4459715E-1	-7,5697903E-2	7,8124995E+1	-3,3827501E-1	0,0000000E+0	0,0000000E+0
2,2862487E+3	1,1318085E+0	7,8124995E+1	7,8395945E-1	4,9493279E-1	1,4480204E-1	-7,5791036E-2	7,8124995E+1	-3,3836814E-1	0,0000000E+0	0,0000000E+0
2,2880034E+3	1,1317433E+0	7,8124995E+1	7,8402464E-1	4,9482103E-1	1,4486724E-1	-7,5744470E-2	7,8124995E+1	-3,3843333E-1	0,0000000E+0	0,0000000E+0
2,2897569E+3	1,1320692E+0	7,8124995E+1	7,8404327E-1	4,9493279E-1	1,4480204E-1	-7,5753783E-2	7,8124995E+1	-3,3855440E-1	0,0000000E+0	0,0000000E+0
2,2915137E+3	1,1350681E+0	7,8124995E+1	7,8449962E-1	4,9500729E-1	1,4491380E-1	-7,5623398E-2	7,8124995E+1	-3,3848921E-1	0,0000000E+0	0,0000000E+0
2,2932701E+3	1,1361298E+0	7,8124995E+1	7,8469520E-1	4,9514699E-1	1,4492311E-1	-7,5493012E-2	7,8124995E+1	-3,3850784E-1	0,0000000E+0	0,0000000E+0
2,2950258E+3	1,1388865E+0	7,8124995E+1	7,8460206E-1	4,9522150E-1	1,4496968E-1	-7,5390567E-2	7,8124995E+1	-3,3870341E-1	0,0000000E+0	0,0000000E+0
2,2967798E+3	1,1409261E+0	7,8124995E+1	7,8455550E-1	4,9531463E-1	1,4493243E-1	-7,5465073E-2	7,8124995E+1	-3,3864753E-1	0,0000000E+0	0,0000000E+0
2,2985344E+3	1,1399016E+0	7,8124995E+1	7,8464863E-1	4,9537982E-1	1,4504419E-1	-7,5390567E-2	7,8124995E+1	-3,3865685E-1	0,0000000E+0	0,0000000E+0
2,3002882E+3	1,1382439E+0	7,8124995E+1	7,8471382E-1	4,9537982E-1	1,4484861E-1	-7,5520952E-2	7,8124995E+1	-3,3874998E-1	0,0000000E+0	0,0000000E+0
2,3020405E+3	1,1371077E+0	7,8124995E+1	7,8470451E-1	4,9549158E-1	1,4490449E-1	-7,5399880E-2	7,8124995E+1	-3,3877792E-1	0,0000000E+0	0,0000000E+0
2,3037965E+3	1,1362229E+0	7,8124995E+1	7,8468588E-1	4,9553815E-1	1,4492311E-1	-7,5520952E-2	7,8124995E+1	-3,3876861E-1	0,0000000E+0	0,0000000E+0
2,3055537E+3	1,1371077E+0	7,8124995E+1	7,8478833E-1	4,9553815E-1	1,4496968E-1	-7,5455759E-2	7,8124995E+1	-3,3882449E-1	0,0000000E+0	0,0000000E+0
2,3073089E+3	1,1390821E+0	7,8124995E+1	7,8483489E-1	4,9560334E-1	1,4491380E-1	-7,5558205E-2	7,8124995E+1	-3,3882449E-1	0,0000000E+0	0,0000000E+0
2,3090656E+3	1,1382998E+0	7,8124995E+1	7,8501184E-1	4,9560334E-1	1,4483930E-1	-7,5474386E-2	7,8124995E+1	-3,3881517E-1	0,0000000E+0	0,0000000E+0
2,3108207E+3	1,1361857E+0	7,8124995E+1	7,8494665E-1	4,9567784E-1	1,4478342E-1	-7,5511639E-2	7,8124995E+1	-3,3895487E-1	0,0000000E+0	0,0000000E+0
2,3125758E+3	1,1368190E+0	7,8124995E+1	7,8500253E-1	4,9562196E-1	1,4483930E-1	-7,5604771E-2	7,8124995E+1	-3,3896418E-1	0,0000000E+0	0,0000000E+0
2,3143307E+3	1,1400041E+0	7,8124995E+1	7,8507704E-1	4,9555677E-1	1,4495105E-1	-7,5334688E-2	7,8124995E+1	-3,3884311E-1	0,0000000E+0	0,0000000E+0
2,3160842E+3	1,1446328E+0	7,8124995E+1	7,8519811E-1	4,9548227E-1	1,4480204E-1	-7,5167049E-2	7,8124995E+1	-3,3863822E-1	0,0000000E+0	0,0000000E+0
2,3178394E+3	1,1472498E+0	7,8124995E+1	7,8513292E-1	4,9531463E-1	1,4471822E-1	-7,5278808E-2	7,8124995E+1	-3,3840539E-1	0,0000000E+0	0,0000000E+0
2,3195937E+3	1,1484978E+0	7,8124995E+1	7,8530055E-1	4,9525875E-1	1,4452265E-1	-7,5073917E-2	7,8124995E+1	-3,3815393E-1	0,0000000E+0	0,0000000E+0
2,3213488E+3	1,1471566E+0	7,8124995E+1	7,8537506E-1	4,9524944E-1	1,4458784E-1	-7,5018038E-2	7,8124995E+1	-3,3801424E-1	0,0000000E+0	0,0000000E+0
2,3231044E+3	1,1438598E+0	7,8124995E+1	7,8530055E-1	4,9519356E-1	1,4458784E-1	-7,5027351E-2	7,8124995E+1	-3,3776278E-1	0,0000000E+0	0,0000000E+0
2,3248577E+3	1,1422020E+0	7,8124995E+1	7,8535643E-1	4,9523081E-1	1,4453196E-1	-7,4999411E-2	7,8124995E+1	-3,3760445E-1	0,0000000E+0	0,0000000E+0
2,3266117E+3	1,1410751E+0	7,8124995E+1	7,8543094E-1	4,9537051E-1	1,4450402E-1	-7,5139110E-2	7,8124995E+1	-3,3777209E-1	0,0000000E+0	0,0000000E+0
2,3283689E+3	1,1397154E+0	7,8124995E+1	7,8546819E-1	4,9542639E-1	1,4442020E-1	-7,5465073E-2	7,8124995E+1	-3,3780934E-1	0,0000000E+0	0,0000000E+0
2,3301224E+3	1,1387189E+0	7,8124995E+1	7,8552407E-1	4,9542639E-1	1,4441089E-1	-7,5744470E-2	7,8124995E+1	-3,3777209E-1	0,0000000E+0	0,0000000E+0
2,3318783E+3	1,1400413E+0	7,8124995E+1	7,8574759E-1	4,9562196E-1	1,4436432E-1	-7,5921421E-2	7,8124995E+1	-3,3801424E-1	0,0000000E+0	0,0000000E+0
2,3336338E+3	1,1408609E+0	7,8124995E+1	7,8578484E-1	4,9557540E-1	1,4436432E-1	-7,6005240E-2	7,8124995E+1	-3,3802355E-1	0,0000000E+0	0,0000000E+0
2,3353882E+3	1,1407305E+0	7,8124995E+1	7,8608287E-1	4,9572441E-1	1,4434569E-1	-7,6200818E-2	7,8124995E+1	-3,3826569E-1	0,0000000E+0	0,0000000E+0
2,3371427E+3	1,1399389E+0	7,8124995E+1	7,8621325E-1	4,9566853E-1	1,4432707E-1	-7,6266010E-2	7,8124995E+1	-3,3832157E-1	0,0000000E+0	0,0000000E+0
2,3388980E+3	1,1394546E+0	7,8124995E+1	7,8645540E-1	4,9595724E-1	1,4426188E-1	-7,6182191E-2	7,8124995E+1	-3,3837745E-1	0,0000000E+0	0,0000000E+0
2,3406533E+3	1,1405908E+0	7,8124995E+1	7,8675342E-1	4,9611557E-1	1,4435501E-1	-7,6023866E-2	7,8124995E+1	-3,3843333E-1	0,0000000E+0	0,0000000E+0
2,3424078E+3	1,1415501E+0	7,8124995E+1	7,8684655E-1	4,9613419E-1	1,4442020E-1	-7,5995927E-2	7,8124995E+1	-3,3840539E-1	0,0000000E+0	0,0000000E+0
2,3441621E+3	1,1417177E+0	7,8124995E+1	7,8707007E-1	4,9638565E-1	1,4442951E-1	-7,5632711E-2	7,8124995E+1	-3,3851715E-1	0,0000000E+0	0,0000000E+0
2,3459185E+3	1,1419040E+0	7,8124995E+1	7,8709801E-1	4,9632977E-1	1,4447608E-1	-7,5660650E-2	7,8124995E+1	-3,3850784E-1	0,0000000E+0	0,0000000E+0
2,3476728E+3	1,1420996E+0	7,8124995E+1	7,8726565E-1	4,9654397E-1	1,4445745E-1	-7,5753783E-2	7,8124995E+1	-3,3839608E-1	0,0000000E+0	0,0000000E+0
2,3494262E+3	1,1429005E+0	7,8124995E+1	7,8734015E-1	4,9671161E-1	1,4472754E-1	-7,5679277E-2	7,8124995E+1	-3,3843333E-1	0,0000000E+0	0,0000000E+0
2,3511819E+3	1,1441950E+0	7,8124995E+1	7,8741466E-1	4,9678612E-1	1,4462509E-1	-7,5735156E-2	7,8124995E+1	-3,3842402E-1	0,0000000E+0	0,0000000E+0
2,3529369E+3	1,1450053E+0	7,8124995E+1	7,8752642E-1	4,9691650E-1	1,4473685E-1	-7,5912108E-2	7,8124995E+1	-3,3851715E-1	0,0000000E+0	0,0000000E+0
2,3546926E+3	1,1449215E+0	7,8124995E+1	7,8767543E-1	4,9704689E-1	1,4473685E-1	-7,5995927E-2	7,8124995E+1	-3,3845196E-1	0,0000000E+0	0,0000000E+0
2,3564471E+3	1,1436269E+0	7,8124995E+1	7,8787101E-1	4,9714933E-1	1,4484861E-1	-7,6070432E-2	7,8124995E+1	-3,3855440E-1	0,0000000E+0	0,0000000E+0
2,3582004E+3	1,1425652E+0	7,8124995E+1	7,8800139E-1	4,9727972E-1	1,4482067E-1	-7,6144938E-2	7,8124995E+1	-3,3847058E-1	0,0000000E+0	0,0000000E+0
2,3599558E+3	1,1420623E+0	7,8124995E+1	7,8813178E-1	4,9737285E-1	1,4490449E-1	-7,6098372E-2	7,8124995E+1	-3,3847058E-1	0,0000000E+0	0,0000000E+0
2,3617117E+3	1,1421648E+0	7,8124995E+1	7,8818766E-1	4,9750324E-1	1,4516526E-1	-7,6051806E-2	7,8124995E+1	-3,3859166E-1	0,0000000E+0	0,0000000E+0
2,3634665E+3	1,1418854E+0	7,8124995E+1	7,8830873E-1	4,9744736E-1	1,4513732E-1	-7,6061119E-2	7,8124995E+1	-3,3863822E-1	0,0000000E+0	0,0000000E+0
2,3652213E+3	1,1412241E+0	7,8124995E+1	7,8833667E-1	4,9777332E-1	1,4513732E-1	-7,6005240E-2	7,8124995E+1	-3,3860097E-1	0,0000000E+0	0,0000000E+0
2,3669747E+3	1,1418109E+0	7,8124995E+1	7,8839255E-1	4,9793164E-1	1,4531427E-1	-7,6033180E-2	7,8124995E+1	-3,3870341E-1	0,0000000E+0	0,0000000E+0
2,3687280E+3	1,1418667E+0	7,8124995E+1	7,8847637E-1	4,9795958E-1	1,4517457E-1	-7,6061119E-2	7,8124995E+1	-3,3875929E-1	0,0000000E+0	0,0000000E+0
2,3704820E+3	1,1411869E+0	7,8124995E+1	7,8867194E-1	4,9812722E-1	1,4524908E-1	-7,6228757E-2	7,8124995E+1	-3,3879655E-1	0,0000000E+0	0,0000000E+0
2,3722401E+3	1,1407678E+0	7,8124995E+1	7,8876508E-1	4,9826692E-1	1,4529564E-1	-7,6405709E-2	7,8124995E+1	-3,3896418E-1	0,0000000E+0	0,0000000E+0
2,3739948E+3	1,1416525E+0	7,8124995E+1	7,8885821E-1	4,9830417E-1	1,4526770E-1	-7,6517467E-2	7,8124995E+1	-3,3902938E-1	0,0000000E+0	0,0000000E+0
2,3757495E+3	1,1424721E+0	7,8124995E+1	7,8896997E-1	4,9841593E-1	1,4534221E-1	-7,6545407E-2	7,8124995E+1	-3,3908526E-1	0,0000000E+0	0,0000000E+0
2,3775044E+3	1,1435245E+0	7,8124995E+1	7,8909104E-1	4,9847181E-1	1,4540740E-1	-7,6424335E-2	7,8124995E+1	-3,3915976E-1	0,0000000E+0	0,0000000E+0
2,3792605E+3	1,1414197E+0	7,8124995E+1	7,8928662E-1	4,9842525E-1	1,4523045E-1	-7,6312576E-2	7,8124995E+1	-3,3929946E-1	0,0000000E+0	0,0000000E+0
2,3810161E+3	1,1390541E+0	7,8124995E+1	7,8919348E-1	4,9876052E-1	1,4544466E-1	-7,6610600E-2	7,8124995E+1	-3,3928083E-1	0,0000000E+0	0,0000000E+0
2,3827727E+3	1,1379086E+0	7,8124995E+1	7,8915623E-1	4,9857426E-1	1,4546328E-1	-7,6759611E-2	7,8124995E+1	-3,3936465E-1	0,0000000E+0	0,0000000E+0
2,3845278E+3	1,1393894E+0	7,8124995E+1	7,8924936E-1	4,9891885E-1	1,4544466E-1	-7,6675792E-2	7,8124995E+1	-3,3939259E-1	0,0000000E+0	0,0000000E+0
2,3862841E+3	1,1384581E+0	7,8124995E+1	7,8924005E-1	4,9885365E-1	1,4548191E-1	-7,6694419E-2	7,8124995E+1	-3,3946710E-1	0,0000000E+0	0,0000000E+0
2,3880394E+3	1,1395757E+0	7,8124995E+1	7,8919348E-1	4,9885365E-1	1,4545397E-1	-7,6740985E-2	7,8124995E+1	-3,3958817E-1	0,0000000E+0	0,0000000E+0
2,3897968E+3	1,1405908E+0	7,8124995E+1	7,8924005E-1	4,9897473E-1	1,4557504E-1	-7,6713045E-2	7,8124995E+1	-3,3964405E-1	0,0000000E+0	0,0000000E+0
2,3915520E+3	1,1415873E+0	7,8124995E+1	7,8937043E-1	4,9892816E-1	1,4559367E-1	-7,6778238E-2	7,8124995E+1	-3,3972787E-1	0,0000000E+0	0,0000000E+0
2,3933060E+3	1,1427329E+0	7,8124995E+1	7,8939837E-1	4,9896541E-1	1,4555641E-1	-7,6694419E-2	7,8124995E+1	-3,3976512E-1	0,0000000E+0	0,0000000E+0
2,3933060E+03	1,1319761E+0	7,8124995E+1	7,8302813E-1	4,9432743E-1	1,4221297E-1	-7,6713045E-2	7,8124995E+1	-3,3706429E-1	0,0000000E+0	0,0000000E+0
2,3950635E+03	1,1304580E+0	7,8124995E+1	7,8264629E-1	4,9458820E-1	1,4219434E-1	-7,6778238E-2	7,8124995E+1	-3,3730643E-1	0,0000000E+0	0,0000000E+0
2,3968190E+03	1,1274871E+0	7,8124995E+1	7,8238552E-1	4,9436468E-1	1,4222228E-1	-7,6871370E-2	7,8124995E+1	-3,3737162E-1	0,0000000E+0	0,0000000E+0
2,3985743E+03	1,1248515E+0	7,8124995E+1	7,8203161E-1	4,9441124E-1	1,4208258E-1	-7,6908623E-2	7,8124995E+1	-3,3759514E-1	0,0000000E+0	0,0000000E+0
2,4003293E+03	1,1210237E+0	7,8124995E+1	7,8147282E-1	4,9425292E-1	1,4217571E-1	-7,7048321E-2	7,8124995E+1	-3,3779072E-1	0,0000000E+0	0,0000000E+0
2,4020865E+03	1,1183043E+0	7,8124995E+1	7,8084883E-1	4,9412253E-1	1,4216640E-1	-7,7299778E-2	7,8124995E+1	-3,3793973E-1	0,0000000E+0	0,0000000E+0
2,4038425E+03	1,1146907E+0	7,8124995E+1	7,8002927E-1	4,9399215E-1	1,4215709E-1	-7,7271839E-2	7,8124995E+1	-3,3812599E-1	0,0000000E+0	0,0000000E+0
2,4055981E+03	1,1102111E+0	7,8124995E+1	7,7907932E-1	4,9366619E-1	1,4216640E-1	-7,7271839E-2	7,8124995E+1	-3,3837745E-1	0,0000000E+0	0,0000000E+0
2,4073539E+03	1,1086651E+0	7,8124995E+1	7,7810143E-1	4,9341473E-1	1,4214777E-1	-7,7327718E-2	7,8124995E+1	-3,3846127E-1	0,0000000E+0	0,0000000E+0
2,4091095E+03	1,1051633E+0	7,8124995E+1	7,7693728E-1	4,9303289E-1	1,4228747E-1	-7,7458103E-2	7,8124995E+1	-3,3873135E-1	0,0000000E+0	0,0000000E+0
2,4108663E+03	1,1033193E+0	7,8124995E+1	7,7553098E-1	4,9272555E-1	1,4231541E-1	-7,7597802E-2	7,8124995E+1	-3,3883380E-1	0,0000000E+0	0,0000000E+0
2,4126206E+03	1,1002646E+0	7,8124995E+1	7,7405018E-1	4,9218538E-1	1,4205464E-1	-7,7802693E-2	7,8124995E+1	-3,3902006E-1	0,0000000E+0	0,0000000E+0
2,4143727E+03	1,0978059E+0	7,8124995E+1	7,7249487E-1	4,9163590E-1	1,4219434E-1	-7,8007583E-2	7,8124995E+1	-3,3917839E-1	0,0000000E+0	0,0000000E+0
2,4161275E+03	1,0984019E+0	7,8124995E+1	7,7099544E-1	4,9100260E-1	1,4200807E-1	-7,7942391E-2	7,8124995E+1	-3,3939259E-1	0,0000000E+0	0,0000000E+0
2,4178809E+03	1,0890514E+0	7,8124995E+1	7,6860194E-1	4,9010853E-1	1,4189632E-1	-7,7933078E-2	7,8124995E+1	-3,3940191E-1	0,0000000E+0	0,0000000E+0
2,4196347E+03	1,0869094E+0	7,8124995E+1	7,6620844E-1	4,8922378E-1	1,4151447E-1	-7,7728187E-2	7,8124995E+1	-3,3947641E-1	0,0000000E+0	0,0000000E+0
2,4213899E+03	1,0856428E+0	7,8124995E+1	7,6418747E-1	4,8810619E-1	1,4134684E-1	-7,7895825E-2	7,8124995E+1	-3,3919702E-1	0,0000000E+0	0,0000000E+0
2,4231443E+03	1,0878873E+0	7,8124995E+1	7,6193367E-1	4,8695135E-1	1,4111400E-1	-7,7979644E-2	7,8124995E+1	-3,3898281E-1	0,0000000E+0	0,0000000E+0
2,4248977E+03	1,0888093E+0	7,8124995E+1	7,5981025E-1	4,8537742E-1	1,4079736E-1	-7,7914451E-2	7,8124995E+1	-3,3861960E-1	0,0000000E+0	0,0000000E+0
2,4266529E+03	1,0865741E+0	7,8124995E+1	7,5706285E-1	4,8391524E-1	1,4043414E-1	-7,7569862E-2	7,8124995E+1	-3,3807943E-1	0,0000000E+0	0,0000000E+0
2,4284075E+03	1,0798220E+0	7,8124995E+1	7,5368215E-1	4,8238787E-1	1,3990329E-1	-7,7737500E-2	7,8124995E+1	-3,3743682E-1	0,0000000E+0	0,0000000E+0
2,4301624E+03	1,0581129E+0	7,8124995E+1	7,5047840E-1	4,8074874E-1	1,3916754E-1	-7,8035523E-2	7,8124995E+1	-3,3722261E-1	0,0000000E+0	0,0000000E+0
2,4319156E+03	1,0480080E+0	7,8124995E+1	7,4754474E-1	4,7904442E-1	1,3854355E-1	-7,7830632E-2	7,8124995E+1	-3,3713879E-1	0,0000000E+0	0,0000000E+0
2,4336689E+03	1,0334235E+0	7,8124995E+1	7,4445274E-1	4,7750774E-1	1,3806858E-1	-7,8128655E-2	7,8124995E+1	-3,3735300E-1	0,0000000E+0	0,0000000E+0
2,4354243E+03	1,0273792E+0	7,8124995E+1	7,4136075E-1	4,7598037E-1	1,3764948E-1	-7,8501184E-2	7,8124995E+1	-3,3754857E-1	0,0000000E+0	0,0000000E+0
2,4371806E+03	1,0241941E+0	7,8124995E+1	7,3845503E-1	4,7427605E-1	1,3715588E-1	-7,8799208E-2	7,8124995E+1	-3,3776278E-1	0,0000000E+0	0,0000000E+0
2,4389355E+03	1,0192395E+0	7,8124995E+1	7,3537235E-1	4,7266486E-1	1,3686717E-1	-7,9069291E-2	7,8124995E+1	-3,3797698E-1	0,0000000E+0	0,0000000E+0
2,4406910E+03	1,0161009E+0	7,8124995E+1	7,3208478E-1	4,7103505E-1	1,3656915E-1	-7,9218303E-2	7,8124995E+1	-3,3836814E-1	0,0000000E+0	0,0000000E+0
2,4424446E+03	1,0112208E+0	7,8124995E+1	7,2897416E-1	4,6935867E-1	1,3615937E-1	-7,9441820E-2	7,8124995E+1	-3,3859166E-1	0,0000000E+0	0,0000000E+0
2,4441987E+03	1,0079984E+0	7,8124995E+1	7,2564003E-1	4,6770091E-1	1,3575890E-1	-7,9721217E-2	7,8124995E+1	-3,3894556E-1	0,0000000E+0	0,0000000E+0
2,4459522E+03	1,0016841E+0	7,8124995E+1	7,2221276E-1	4,6583827E-1	1,3530255E-1	-8,0121686E-2	7,8124995E+1	-3,3918770E-1	0,0000000E+0	0,0000000E+0
2,4477081E+03	9,9840580E-1	7,8124995E+1	7,1879481E-1	4,6397562E-1	1,3493934E-1	-8,0289324E-2	7,8124995E+1	-3,3948573E-1	0,0000000E+0	0,0000000E+0
2,4494645E+03	9,9129981E-1	7,8124995E+1	7,1542342E-1	4,6201053E-1	1,3457612E-1	-8,0708419E-2	7,8124995E+1	-3,3981169E-1	0,0000000E+0	0,0000000E+0
2,4512206E+03	9,8725787E-1	7,8124995E+1	7,1209860E-1	4,6002681E-1	1,3404527E-1	-8,0978503E-2	7,8124995E+1	-3,4008177E-1	0,0000000E+0	0,0000000E+0
2,4529746E+03	9,8432420E-1	7,8124995E+1	7,0854094E-1	4,5785683E-1	1,3359823E-1	-8,1183394E-2	7,8124995E+1	-3,4038911E-1	0,0000000E+0	0,0000000E+0
2,4547316E+03	9,8217285E-1	7,8124995E+1	7,0430343E-1	4,5573342E-1	1,3300218E-1	-8,1630429E-2	7,8124995E+1	-3,4064057E-1	0,0000000E+0	0,0000000E+0
2,4564865E+03	9,7443355E-1	7,8124995E+1	6,9926497E-1	4,5349824E-1	1,3221987E-1	-8,2086777E-2	7,8124995E+1	-3,4077095E-1	0,0000000E+0	0,0000000E+0
2,4582427E+03	9,7071758E-1	7,8124995E+1	6,9472943E-1	4,5095573E-1	1,3157726E-1	-8,2422053E-2	7,8124995E+1	-3,4088271E-1	0,0000000E+0	0,0000000E+0
2,4599977E+03	9,6597715E-1	7,8124995E+1	6,9083650E-1	4,4848773E-1	1,3087877E-1	-8,2692136E-2	7,8124995E+1	-3,4093859E-1	0,0000000E+0	0,0000000E+0
2,4617526E+03	9,5925300E-1	7,8124995E+1	6,8708327E-1	4,4589865E-1	1,3013371E-1	-8,3297496E-2	7,8124995E+1	-3,4101309E-1	0,0000000E+0	0,0000000E+0
2,4635077E+03	9,5164409E-1	7,8124995E+1	6,8339523E-1	4,4326301E-1	1,2953766E-1	-8,3660712E-2	7,8124995E+1	-3,4129249E-1	0,0000000E+0	0,0000000E+0
2,4652620E+03	9,4219117E-1	7,8124995E+1	6,7977239E-1	4,4089745E-1	1,2876467E-1	-8,4182253E-2	7,8124995E+1	-3,4139494E-1	0,0000000E+0	0,0000000E+0
2,4670166E+03	9,3393033E-1	7,8124995E+1	6,7608435E-1	4,3843875E-1	1,2801961E-1	-8,4517529E-2	7,8124995E+1	-3,4171159E-1	0,0000000E+0	0,0000000E+0
2,4687718E+03	9,2997221E-1	7,8124995E+1	6,7241494E-1	4,3604526E-1	1,2732112E-1	-8,4955250E-2	7,8124995E+1	-3,4188854E-1	0,0000000E+0	0,0000000E+0
2,4705263E+03	9,2198146E-1	7,8124995E+1	6,6866171E-1	4,3352137E-1	1,2635254E-1	-8,5439538E-2	7,8124995E+1	-3,4220519E-1	0,0000000E+0	0,0000000E+0
2,4722819E+03	9,1583473E-1	7,8124995E+1	6,6476878E-1	4,3112787E-1	1,2542122E-1	-8,6007645E-2	7,8124995E+1	-3,4250321E-1	0,0000000E+0	0,0000000E+0
2,4740372E+03	9,1210013E-1	7,8124995E+1	6,6091310E-1	4,2858536E-1	1,2453646E-1	-8,6361547E-2	7,8124995E+1	-3,4262428E-1	0,0000000E+0	0,0000000E+0
2,4757899E+03	9,0781605E-1	7,8124995E+1	6,5709468E-1	4,2605216E-1	1,2377278E-1	-8,6734077E-2	7,8124995E+1	-3,4276398E-1	0,0000000E+0	0,0000000E+0
2,4775465E+03	9,0209773E-1	7,8124995E+1	6,5325763E-1	4,2349103E-1	1,2279489E-1	-8,7376689E-2	7,8124995E+1	-3,4315514E-1	0,0000000E+0	0,0000000E+0
2,4793030E+03	8,9301733E-1	7,8124995E+1	6,4934608E-1	4,2106027E-1	1,2175181E-1	-8,7944796E-2	7,8124995E+1	-3,4242870E-1	0,0000000E+0	0,0000000E+0
2,4810586E+03	8,8875187E-1	7,8124995E+1	6,4558353E-1	4,1851776E-1	1,2092293E-1	-8,8680541E-2	7,8124995E+1	-3,4274535E-1	0,0000000E+0	0,0000000E+0
2,4828140E+03	8,8012783E-1	7,8124995E+1	6,4146709E-1	4,1570517E-1	1,1985191E-1	-8,9667743E-2	7,8124995E+1	-3,4311788E-1	0,0000000E+0	0,0000000E+0
2,4845696E+03	8,7307771E-1	7,8124995E+1	6,3759279E-1	4,1306021E-1	1,1875295E-1	-9,0068212E-2	7,8124995E+1	-3,4362080E-1	0,0000000E+0	0,0000000E+0
2,4863240E+03	8,6447229E-1	7,8124995E+1	6,3352291E-1	4,1032212E-1	1,1726283E-1	-9,0701511E-2	7,8124995E+1	-3,4415165E-1	0,0000000E+0	0,0000000E+0
2,4880800E+03	8,6065387E-1	7,8124995E+1	6,2939715E-1	4,0762129E-1	1,1691824E-1	-9,1148546E-2	7,8124995E+1	-3,4794213E-1	0,0000000E+0	0,0000000E+0
2,4898331E+03	8,5832556E-1	7,8124995E+1	6,2569980E-1	4,0470625E-1	1,1512079E-1	-9,1884291E-2	7,8124995E+1	-3,4541825E-1	0,0000000E+0	0,0000000E+0
2,4915886E+03	8,5469340E-1	7,8124995E+1	6,2162060E-1	4,0194953E-1	1,1407771E-1	-9,2713168E-2	7,8124995E+1	-3,4536237E-1	0,0000000E+0	0,0000000E+0
2,4933447E+03	8,5050245E-1	7,8124995E+1	6,1774630E-1	3,9913694E-1	1,1331402E-1	-9,3439599E-2	7,8124995E+1	-3,4475701E-1	0,0000000E+0	0,0000000E+0
2,4951013E+03	8,4632081E-1	7,8124995E+1	6,1361123E-1	3,9624053E-1	1,1190773E-1	-9,4277790E-2	7,8124995E+1	-3,4498984E-1	0,0000000E+0	0,0000000E+0
2,4968545E+03	8,4071425E-1	7,8124995E+1	6,0957860E-1	3,9363282E-1	1,1092984E-1	-9,4892463E-2	7,8124995E+1	-3,4518542E-1	0,0000000E+0	0,0000000E+0
2,4986111E+03	8,3513563E-1	7,8124995E+1	6,0538765E-1	3,9076435E-1	1,0974706E-1	-9,5590955E-2	7,8124995E+1	-3,4560451E-1	0,0000000E+0	0,0000000E+0
2,5003659E+03	8,3169905E-1	7,8124995E+1	6,0138296E-1	3,8784931E-1	1,0860153E-1	-9,6280134E-2	7,8124995E+1	-3,4604224E-1	0,0000000E+0	0,0000000E+0
2,5021207E+03	8,2502147E-1	7,8124995E+1	5,9735965E-1	3,8493427E-1	1,0718592E-1	-9,7053131E-2	7,8124995E+1	-3,4646133E-1	0,0000000E+0	0,0000000E+0
2,5038757E+03	8,2015996E-1	7,8124995E+1	5,9314076E-1	3,8204717E-1	1,0592864E-1	-9,7956514E-2	7,8124995E+1	-3,4689905E-1	0,0000000E+0	0,0000000E+0
2,5056299E+03	8,1476760E-1	7,8124995E+1	5,8918264E-1	3,7916938E-1	1,0474586E-1	-9,8841271E-2	7,8124995E+1	-3,4728090E-1	0,0000000E+0	0,0000000E+0
2,5073829E+03	8,0944044E-1	7,8124995E+1	5,8511276E-1	3,7617984E-1	1,0345132E-1	-9,9707401E-2	7,8124995E+1	-3,4769068E-1	0,0000000E+0	0,0000000E+0
2,5091368E+03	8,0435542E-1	7,8124995E+1	5,8099631E-1	3,7315304E-1	1,0216609E-1	-1,0065735E-1	7,8124995E+1	-3,4801664E-1	0,0000000E+0	0,0000000E+0
2,5108910E+03	7,9839495E-1	7,8124995E+1	5,7688918E-1	3,7033113E-1	1,0079705E-1	-1,0143966E-1	7,8124995E+1	-3,4853818E-1	0,0000000E+0	0,0000000E+0
2,5126471E+03	7,9240655E-1	7,8124995E+1	5,7265166E-1	3,6731365E-1	9,9390751E-2	-1,0232442E-1	7,8124995E+1	-3,4890140E-1	0,0000000E+0	0,0000000E+0
2,5144017E+03	7,8645540E-1	7,8124995E+1	5,6866560E-1	3,6437998E-1	9,8189345E-2	-1,0318123E-1	7,8124995E+1	-3,4921805E-1	0,0000000E+0	0,0000000E+0
2,5161556E+03	7,8106304E-1	7,8124995E+1	5,6459572E-1	3,6138112E-1	9,6745795E-2	-1,0408462E-1	7,8124995E+1	-3,4967439E-1	0,0000000E+0	0,0000000E+0
2,5179124E+03	7,7581969E-1	7,8124995E+1	5,6059103E-1	3,5855921E-1	9,5469883E-2	-1,0505319E-1	7,8124995E+1	-3,4999104E-1	0,0000000E+0	0,0000000E+0
2,5196689E+03	7,7041802E-1	7,8124995E+1	5,5649321E-1	3,5570937E-1	9,4166031E-2	-1,0597520E-1	7,8124995E+1	-3,5048465E-1	0,0000000E+0	0,0000000E+0
2,5214257E+03	7,6561239E-1	7,8124995E+1	5,5265616E-1	3,5258943E-1	9,2722481E-2	-1,0675751E-1	7,8124995E+1	-3,5085717E-1	0,0000000E+0	0,0000000E+0
2,5231816E+03	7,6093715E-1	7,8124995E+1	5,4852109E-1	3,4967439E-1	9,1297557E-2	-1,0779128E-1	7,8124995E+1	-3,5118314E-1	0,0000000E+0	0,0000000E+0
2,5249363E+03	7,5600115E-1	7,8124995E+1	5,4446052E-1	3,4680592E-1	8,9928513E-2	-1,0851771E-1	7,8124995E+1	-3,5166743E-1	0,0000000E+0	0,0000000E+0
2,5266926E+03	7,5109307E-1	7,8124995E+1	5,4066073E-1	3,4398401E-1	8,8512903E-2	-1,0938384E-1	7,8124995E+1	-3,5215171E-1	0,0000000E+0	0,0000000E+0
2,5284469E+03	7,4732122E-1	7,8124995E+1	5,3651634E-1	3,4100378E-1	8,7199738E-2	-1,1016615E-1	7,8124995E+1	-3,5247768E-1	0,0000000E+0	0,0000000E+0
2,5302012E+03	7,4425717E-1	7,8124995E+1	5,3259547E-1	3,3803286E-1	8,5681682E-2	-1,1098572E-1	7,8124995E+1	-3,5283158E-1	0,0000000E+0	0,0000000E+0
2,5319583E+03	7,3957261E-1	7,8124995E+1	5,2865598E-1	3,3508988E-1	8,4294011E-2	-1,1183322E-1	7,8124995E+1	-3,5312960E-1	0,0000000E+0	0,0000000E+0
2,5337137E+03	7,3488806E-1	7,8124995E+1	5,2457678E-1	3,3222141E-1	8,2813208E-2	-1,1265279E-1	7,8124995E+1	-3,5337175E-1	0,0000000E+0	0,0000000E+0
2,5354707E+03	7,2779138E-1	7,8124995E+1	5,2055347E-1	3,2917598E-1	8,1332405E-2	-1,1349098E-1	7,8124995E+1	-3,5367908E-1	0,0000000E+0	0,0000000E+0
2,5372260E+03	7,2288331E-1	7,8124995E+1	5,1664192E-1	3,2616781E-1	8,0047180E-2	-1,1425466E-1	7,8124995E+1	-3,5383741E-1	0,0000000E+0	0,0000000E+0
2,5389807E+03	7,1836640E-1	7,8124995E+1	5,1268379E-1	3,2315033E-1	7,8557064E-2	-1,1517667E-1	7,8124995E+1	-3,5415406E-1	0,0000000E+0	0,0000000E+0
2,5407363E+03	7,1387742E-1	7,8124995E+1	5,0884675E-1	3,2022597E-1	7,7178706E-2	-1,1603349E-1	7,8124995E+1	-3,5433101E-1	0,0000000E+0	0,0000000E+0
2,5424915E+03	7,0876446E-1	7,8124995E+1	5,0488862E-1	3,1726437E-1	7,5697903E-2	-1,1683442E-1	7,8124995E+1	-3,5433101E-1	0,0000000E+0	0,0000000E+0
2,5442471E+03	7,0252460E-1	7,8124995E+1	5,0091188E-1	3,1442383E-1	7,4096028E-2	-1,1770987E-1	7,8124995E+1	-3,5434032E-1	0,0000000E+0	0,0000000E+0
2,5460026E+03	6,9759790E-1	7,8124995E+1	4,9712139E-1	3,1144360E-1	7,2671105E-2	-1,1854806E-1	7,8124995E+1	-3,5461040E-1	0,0000000E+0	0,0000000E+0
2,5477556E+03	6,9357459E-1	7,8124995E+1	4,9320053E-1	3,0860307E-1	7,1208928E-2	-1,1935831E-1	7,8124995E+1	-3,5463834E-1	0,0000000E+0	0,0000000E+0
2,5495093E+03	6,8865721E-1	7,8124995E+1	4,8934485E-1	3,0566940E-1	6,9746752E-2	-1,2009405E-1	7,8124995E+1	-3,5490843E-1	0,0000000E+0	0,0000000E+0
2,5512646E+03	6,8339523E-1	7,8124995E+1	4,8548917E-1	3,0286612E-1	6,8228696E-2	-1,2107194E-1	7,8124995E+1	-3,5503881E-1	0,0000000E+0	0,0000000E+0
2,5530196E+03	6,7957681E-1	7,8124995E+1	4,8176388E-1	2,9990451E-1	6,6803772E-2	-1,2207777E-1	7,8124995E+1	-3,5534615E-1	0,0000000E+0	0,0000000E+0
2,5547764E+03	6,7509715E-1	7,8124995E+1	4,7766606E-1	2,9706398E-1	6,5285716E-2	-1,2306497E-1	7,8124995E+1	-3,5568143E-1	0,0000000E+0	0,0000000E+0
2,5565307E+03	6,6937883E-1	7,8124995E+1	4,7387558E-1	2,9417688E-1	6,3758347E-2	-1,2415462E-1	7,8124995E+1	-3,5599808E-1	0,0000000E+0	0,0000000E+0
2,5582846E+03	6,6385608E-1	7,8124995E+1	4,7013166E-1	2,9132703E-1	6,2286858E-2	-1,2514182E-1	7,8124995E+1	-3,5653824E-1	0,0000000E+0	0,0000000E+0
2,5600409E+03	6,5885488E-1	7,8124995E+1	4,6637843E-1	2,8843062E-1	6,0684983E-2	-1,2615696E-1	7,8124995E+1	-3,5692940E-1	0,0000000E+0	0,0000000E+0
2,5617950E+03	6,5154400E-1	7,8124995E+1	4,6255070E-1	2,8547833E-1	5,9017915E-2	-1,2730249E-1	7,8124995E+1	-3,5729261E-1	0,0000000E+0	0,0000000E+0
2,5635511E+03	6,4545315E-1	7,8124995E+1	4,5876953E-1	2,8265642E-1	5,7481233E-2	-1,2835488E-1	7,8124995E+1	-3,5775828E-1	0,0000000E+0	0,0000000E+0
2,5653052E+03	6,3930642E-1	7,8124995E+1	4,5492317E-1	2,7977863E-1	5,5870045E-2	-1,2931415E-1	7,8124995E+1	-3,5822394E-1	0,0000000E+0	0,0000000E+0
2,5670589E+03	6,3472431E-1	7,8124995E+1	4,5126307E-1	2,7695672E-1	5,4370615E-2	-1,3036654E-1	7,8124995E+1	-3,5869891E-1	0,0000000E+0	0,0000000E+0
2,5688147E+03	6,3055199E-1	7,8124995E+1	4,4751915E-1	2,7400443E-1	5,2750114E-2	-1,3133512E-1	7,8124995E+1	-3,5909938E-1	0,0000000E+0	0,0000000E+0
2,5705688E+03	6,2670562E-1	7,8124995E+1	4,4385905E-1	2,7107076E-1	5,1269311E-2	-1,3224781E-1	7,8124995E+1	-3,5949985E-1	0,0000000E+0	0,0000000E+0
2,5723238E+03	6,2187206E-1	7,8124995E+1	4,4019895E-1	2,6840718E-1	4,9751255E-2	-1,3331883E-1	7,8124995E+1	-3,5994688E-1	0,0000000E+0	0,0000000E+0
2,5740775E+03	6,1600473E-1	7,8124995E+1	4,3646435E-1	2,6544558E-1	4,8065561E-2	-1,3426878E-1	7,8124995E+1	-3,6031941E-1	0,0000000E+0	0,0000000E+0
2,5758318E+03	6,1037023E-1	7,8124995E+1	4,3275769E-1	2,6263298E-1	4,6622011E-2	-1,3544225E-1	7,8124995E+1	-3,6073851E-1	0,0000000E+0	0,0000000E+0
2,5775862E+03	6,0561117E-1	7,8124995E+1	4,2912553E-1	2,5977382E-1	4,5131895E-2	-1,3637357E-1	7,8124995E+1	-3,6115760E-1	0,0000000E+0	0,0000000E+0
2,5793418E+03	6,0120601E-1	7,8124995E+1	4,2533505E-1	2,5686809E-1	4,3595212E-2	-1,3743528E-1	7,8124995E+1	-3,6169777E-1	0,0000000E+0	0,0000000E+0
2,5810966E+03	5,9670772E-1	7,8124995E+1	4,2169357E-1	2,5409275E-1	4,2077156E-2	-1,3832004E-1	7,8124995E+1	-3,6199579E-1	0,0000000E+0	0,0000000E+0
2,5828511E+03	5,9281479E-1	7,8124995E+1	4,1812661E-1	2,5109389E-1	4,0447342E-2	-1,3932587E-1	7,8124995E+1	-3,6240558E-1	0,0000000E+0	0,0000000E+0
2,5846073E+03	5,8915470E-1	7,8124995E+1	4,1454102E-1	2,4831855E-1	3,9031731E-2	-1,4029444E-1	7,8124995E+1	-3,6268497E-1	0,0000000E+0	0,0000000E+0
2,5863616E+03	5,8567155E-1	7,8124995E+1	4,1085298E-1	2,4558046E-1	3,7504362E-2	-1,4137478E-1	7,8124995E+1	-3,6318789E-1	0,0000000E+0	0,0000000E+0
2,5881172E+03	5,8171343E-1	7,8124995E+1	4,0733258E-1	2,4284238E-1	3,6023559E-2	-1,4236198E-1	7,8124995E+1	-3,6343934E-1	0,0000000E+0	0,0000000E+0
2,5898727E+03	5,7643283E-1	7,8124995E+1	4,0365385E-1	2,3992734E-1	3,4440311E-2	-1,4334918E-1	7,8124995E+1	-3,6383981E-1	0,0000000E+0	0,0000000E+0
2,5916278E+03	5,7231638E-1	7,8124995E+1	4,0025453E-1	2,3722650E-1	3,2801183E-2	-1,4428982E-1	7,8124995E+1	-3,6422165E-1	0,0000000E+0	0,0000000E+0
2,5933823E+03	5,6945722E-1	7,8124995E+1	3,9650130E-1	2,3449773E-1	3,1394886E-2	-1,4519320E-1	7,8124995E+1	-3,6445448E-1	0,0000000E+0	0,0000000E+0
2,5951376E+03	5,6550841E-1	7,8124995E+1	3,9314854E-1	2,3180620E-1	2,9886143E-2	-1,4608727E-1	7,8124995E+1	-3,6490152E-1	0,0000000E+0	0,0000000E+0
2,5968913E+03	5,6004155E-1	7,8124995E+1	3,8948844E-1	2,2901223E-1	2,8256329E-2	-1,4704653E-1	7,8124995E+1	-3,6522748E-1	0,0000000E+0	0,0000000E+0
2,5986457E+03	5,5478889E-1	7,8124995E+1	3,8607048E-1	2,2640453E-1	2,6710333E-2	-1,4797785E-1	7,8124995E+1	-3,6553482E-1	0,0000000E+0	0,0000000E+0
2,6004037E+03	5,4863285E-1	7,8124995E+1	3,8243832E-1	2,2360125E-1	2,5164337E-2	-1,4885330E-1	7,8124995E+1	-3,6597254E-1	0,0000000E+0	0,0000000E+0
2,6021604E+03	5,4336156E-1	7,8124995E+1	3,7895518E-1	2,2103080E-1	2,3553149E-2	-1,4989638E-1	7,8124995E+1	-3,6630782E-1	0,0000000E+0	0,0000000E+0
2,6039165E+03	5,3963627E-1	7,8124995E+1	3,7560242E-1	2,1819958E-1	2,2184105E-2	-1,5093946E-1	7,8124995E+1	-3,6685730E-1	0,0000000E+0	0,0000000E+0
2,6056720E+03	5,3448606E-1	7,8124995E+1	3,7198888E-1	2,1548012E-1	2,0638109E-2	-1,5182422E-1	7,8124995E+1	-3,6735090E-1	0,0000000E+0	0,0000000E+0
2,6074256E+03	5,2993189E-1	7,8124995E+1	3,6833810E-1	2,1280722E-1	1,9352884E-2	-1,5261584E-1	7,8124995E+1	-3,6764892E-1	0,0000000E+0	0,0000000E+0
2,6091806E+03	5,2629042E-1	7,8124995E+1	3,6488289E-1	2,1003188E-1	1,7872081E-2	-1,5342609E-1	7,8124995E+1	-3,6774205E-1	0,0000000E+0	0,0000000E+0
2,6109362E+03	5,2028339E-1	7,8124995E+1	3,6125073E-1	2,0742418E-1	1,6381965E-2	-1,5397557E-1	7,8124995E+1	-3,6794694E-1	0,0000000E+0	0,0000000E+0
2,6126924E+03	5,1511455E-1	7,8124995E+1	3,5773965E-1	2,0475128E-1	1,4947728E-2	-1,5452505E-1	7,8124995E+1	-3,6824497E-1	0,0000000E+0	0,0000000E+0
2,6144459E+03	5,1026236E-1	7,8124995E+1	3,5437757E-1	2,0193869E-1	1,3438986E-2	-1,5514904E-1	7,8124995E+1	-3,6863612E-1	0,0000000E+0	0,0000000E+0
2,6162001E+03	5,0698410E-1	7,8124995E+1	3,5108069E-1	1,9923785E-1	1,2088568E-2	-1,5617349E-1	7,8124995E+1	-3,6913904E-1	0,0000000E+0	0,0000000E+0
2,6179560E+03	5,0348233E-1	7,8124995E+1	3,4772793E-1	1,9664877E-1	1,0579825E-2	-1,5717932E-1	7,8124995E+1	-3,6965127E-1	0,0000000E+0	0,0000000E+0
2,6197111E+03	5,0003643E-1	7,8124995E+1	3,4439380E-1	1,9408764E-1	9,1455882E-3	-1,5823171E-1	7,8124995E+1	-3,6995860E-1	0,0000000E+0	0,0000000E+0
2,6214646E+03	4,9647878E-1	7,8124995E+1	3,4118073E-1	1,9136817E-1	7,7765440E-3	-1,5927480E-1	7,8124995E+1	-3,7037770E-1	0,0000000E+0	0,0000000E+0
2,6232176E+03	4,9268830E-1	7,8124995E+1	3,3792110E-1	1,8890017E-1	6,3609336E-3	-1,6031788E-1	7,8124995E+1	-3,7063847E-1	0,0000000E+0	0,0000000E+0
2,6249727E+03	4,8895369E-1	7,8124995E+1	3,3468941E-1	1,8638560E-1	4,8521909E-3	-1,6138890E-1	7,8124995E+1	-3,7108550E-1	0,0000000E+0	0,0000000E+0
2,6267281E+03	4,8557299E-1	7,8124995E+1	3,3150429E-1	1,8368476E-1	3,2968821E-3	-1,6233885E-1	7,8124995E+1	-3,7139284E-1	0,0000000E+0	0,0000000E+0
2,6284853E+03	4,7910961E-1	7,8124995E+1	3,2809565E-1	1,8125401E-1	1,9557775E-3	-1,6344712E-1	7,8124995E+1	-3,7182125E-1	0,0000000E+0	0,0000000E+0
2,6302399E+03	4,6708624E-1	7,8124995E+1	3,2454731E-1	1,7850661E-1	5,0291422E-4	-1,6455540E-1	7,8124995E+1	-3,7191438E-1	0,0000000E+0	0,0000000E+0
2,6319940E+03	4,7030861E-1	7,8124995E+1	3,2139013E-1	1,7596410E-1	-1,0896475E-3	-1,6544947E-1	7,8124995E+1	-3,7176537E-1	0,0000000E+0	0,0000000E+0
2,6337490E+03	4,6914446E-1	7,8124995E+1	3,1797217E-1	1,7309562E-1	-2,5052579E-3	-1,6587787E-1	7,8124995E+1	-3,7114138E-1	0,0000000E+0	0,0000000E+0
2,6355047E+03	4,6061355E-1	7,8124995E+1	3,1426551E-1	1,7043204E-1	-4,0978196E-3	-1,6668812E-1	7,8124995E+1	-3,7100168E-1	0,0000000E+0	0,0000000E+0
2,6372600E+03	4,5510943E-1	7,8124995E+1	3,1087549E-1	1,6763807E-1	-5,6624416E-3	-1,6765670E-1	7,8124995E+1	-3,7113207E-1	0,0000000E+0	0,0000000E+0
2,6390141E+03	4,4956806E-1	7,8124995E+1	3,0751342E-1	1,6500243E-1	-7,1525578E-3	-1,6851352E-1	7,8124995E+1	-3,7129039E-1	0,0000000E+0	0,0000000E+0
2,6407688E+03	4,4831077E-1	7,8124995E+1	3,0416066E-1	1,6242267E-1	-8,6519872E-3	-1,6923995E-1	7,8124995E+1	-3,7159773E-1	0,0000000E+0	0,0000000E+0
2,6425226E+03	4,4659714E-1	7,8124995E+1	3,0104073E-1	1,5986153E-1	-1,0197983E-2	-1,7001295E-1	7,8124995E+1	-3,7177468E-1	0,0000000E+0	0,0000000E+0
2,6442775E+03	4,4386837E-1	7,8124995E+1	2,9786492E-1	1,5727245E-1	-1,1669473E-2	-1,7085114E-1	7,8124995E+1	-3,7213790E-1	0,0000000E+0	0,0000000E+0
2,6460329E+03	4,4036659E-1	7,8124995E+1	2,9473567E-1	1,5474857E-1	-1,3113023E-2	-1,7162413E-1	7,8124995E+1	-3,7240798E-1	0,0000000E+0	0,0000000E+0
2,6477875E+03	4,3414536E-1	7,8124995E+1	2,9140154E-1	1,5225262E-1	-1,4528633E-2	-1,7238782E-1	7,8124995E+1	-3,7276188E-1	0,0000000E+0	0,0000000E+0
2,6495419E+03	4,2859467E-1	7,8124995E+1	2,8832817E-1	1,4985912E-1	-1,6065315E-2	-1,7340296E-1	7,8124995E+1	-3,7308785E-1	0,0000000E+0	0,0000000E+0
2,6512973E+03	4,2572620E-1	7,8124995E+1	2,8529206E-1	1,4735387E-1	-1,7480926E-2	-1,7415733E-1	7,8124995E+1	-3,7343244E-1	0,0000000E+0	0,0000000E+0
2,6530528E+03	4,2316506E-1	7,8124995E+1	2,8202312E-1	1,4494174E-1	-1,8905849E-2	-1,7503278E-1	7,8124995E+1	-3,7357213E-1	0,0000000E+0	0,0000000E+0
2,6548075E+03	4,1969123E-1	7,8124995E+1	2,7895907E-1	1,4249236E-1	-2,0386652E-2	-1,7595478E-1	7,8124995E+1	-3,7399123E-1	0,0000000E+0	0,0000000E+0
2,6565645E+03	4,1611495E-1	7,8124995E+1	2,7589502E-1	1,4008024E-1	-2,1671878E-2	-1,7681160E-1	7,8124995E+1	-3,7444758E-1	0,0000000E+0	0,0000000E+0
2,6583185E+03	4,1295777E-1	7,8124995E+1	2,7304517E-1	1,3770536E-1	-2,3003669E-2	-1,7754735E-1	7,8124995E+1	-3,7475491E-1	0,0000000E+0	0,0000000E+0
2,6600745E+03	4,0970745E-1	7,8124995E+1	2,6990661E-1	1,3536774E-1	-2,4503098E-2	-1,7849730E-1	7,8124995E+1	-3,7518332E-1	0,0000000E+0	0,0000000E+0
2,6618315E+03	4,0634538E-1	7,8124995E+1	2,6707539E-1	1,3288111E-1	-2,5862829E-2	-1,7933549E-1	7,8124995E+1	-3,7556516E-1	0,0000000E+0	0,0000000E+0
2,6635860E+03	4,0268528E-1	7,8124995E+1	2,6410447E-1	1,3057143E-1	-2,7231874E-2	-1,8032269E-1	7,8124995E+1	-3,7587250E-1	0,0000000E+0	0,0000000E+0
2,6653406E+03	3,9936046E-1	7,8124995E+1	2,6117081E-1	1,2825244E-1	-2,8796496E-2	-1,8119813E-1	7,8124995E+1	-3,7634747E-1	0,0000000E+0	0,0000000E+0
2,6670957E+03	3,9604495E-1	7,8124995E+1	2,5810675E-1	1,2590551E-1	-3,0100347E-2	-1,8202701E-1	7,8124995E+1	-3,7671069E-1	0,0000000E+0	0,0000000E+0
2,6688520E+03	3,9309266E-1	7,8124995E+1	2,5535004E-1	1,2364239E-1	-3,1404199E-2	-1,8293039E-1	7,8124995E+1	-3,7719498E-1	0,0000000E+0	0,0000000E+0
2,6706086E+03	3,9000066E-1	7,8124995E+1	2,5246294E-1	1,2126752E-1	-3,2819809E-2	-1,8377789E-1	7,8124995E+1	-3,7749300E-1	0,0000000E+0	0,0000000E+0
2,6723646E+03	3,8699249E-1	7,8124995E+1	2,4945477E-1	1,1900441E-1	-3,4188854E-2	-1,8466265E-1	7,8124995E+1	-3,7784690E-1	0,0000000E+0	0,0000000E+0
2,6741216E+03	3,8398432E-1	7,8124995E+1	2,4684706E-1	1,1674129E-1	-3,5604464E-2	-1,8554741E-1	7,8124995E+1	-3,7818218E-1	0,0000000E+0	0,0000000E+0
2,6758775E+03	3,8062225E-1	7,8124995E+1	2,4385752E-1	1,1435711E-1	-3,6973508E-2	-1,8637628E-1	7,8124995E+1	-3,7853608E-1	0,0000000E+0	0,0000000E+0
2,6776324E+03	3,7717635E-1	7,8124995E+1	2,4108218E-1	1,1222438E-1	-3,8379806E-2	-1,8732623E-1	7,8124995E+1	-3,7881548E-1	0,0000000E+0	0,0000000E+0
2,6793894E+03	3,7398192E-1	7,8124995E+1	2,3823233E-1	1,0992401E-1	-3,9683657E-2	-1,8808061E-1	7,8124995E+1	-3,7929977E-1	0,0000000E+0	0,0000000E+0
2,6811429E+03	3,7079679E-1	7,8124995E+1	2,3546630E-1	1,0775403E-1	-4,1024762E-2	-1,8892811E-1	7,8124995E+1	-3,7947672E-1	0,0000000E+0	0,0000000E+0
2,6828981E+03	3,6769549E-1	7,8124995E+1	2,3270959E-1	1,0563993E-1	-4,2337927E-2	-1,8979424E-1	7,8124995E+1	-3,7984925E-1	0,0000000E+0	0,0000000E+0
2,6846539E+03	3,6451036E-1	7,8124995E+1	2,2991562E-1	1,0339544E-1	-4,3697658E-2	-1,9055792E-1	7,8124995E+1	-3,7997032E-1	0,0000000E+0	0,0000000E+0
2,6864081E+03	3,6106447E-1	7,8124995E+1	2,2720547E-1	1,0128134E-1	-4,5066702E-2	-1,9155444E-1	7,8124995E+1	-3,8031491E-1	0,0000000E+0	0,0000000E+0
2,6881627E+03	3,5768377E-1	7,8124995E+1	2,2450463E-1	9,8990282E-2	-4,6351927E-2	-1,9242057E-1	7,8124995E+1	-3,8051980E-1	0,0000000E+0	0,0000000E+0
2,6899161E+03	3,5425650E-1	7,8124995E+1	2,2186899E-1	9,6727168E-2	-4,7618526E-2	-1,9322151E-1	7,8124995E+1	-3,8086439E-1	0,0000000E+0	0,0000000E+0
2,6916735E+03	3,5083855E-1	7,8124995E+1	2,1924266E-1	9,4650319E-2	-4,9034136E-2	-1,9397588E-1	7,8124995E+1	-3,8123692E-1	0,0000000E+0	0,0000000E+0
2,6934279E+03	3,4754167E-1	7,8124995E+1	2,1649526E-1	9,2452397E-2	-5,0179663E-2	-1,9477681E-1	7,8124995E+1	-3,8147906E-1	0,0000000E+0	0,0000000E+0
2,6951826E+03	3,4411440E-1	7,8124995E+1	2,1381305E-1	9,0375548E-2	-5,1613900E-2	-1,9561501E-1	7,8124995E+1	-3,8170258E-1	0,0000000E+0	0,0000000E+0
2,6969383E+03	3,4076164E-1	7,8124995E+1	2,1123329E-1	8,8326638E-2	-5,2852559E-2	-1,9638800E-1	7,8124995E+1	-3,8210305E-1	0,0000000E+0	0,0000000E+0
2,6986922E+03	3,3757651E-1	7,8124995E+1	2,0858833E-1	8,6314981E-2	-5,4175037E-2	-1,9734727E-1	7,8124995E+1	-3,8246626E-1	0,0000000E+0	0,0000000E+0
2,7004471E+03	3,3439139E-1	7,8124995E+1	2,0596200E-1	8,4107747E-2	-5,5478889E-2	-1,9805507E-1	7,8124995E+1	-3,8278291E-1	0,0000000E+0	0,0000000E+0
2,7022008E+03	3,3099206E-1	7,8124995E+1	2,0329842E-1	8,2161282E-2	-5,6615103E-2	-1,9893051E-1	7,8124995E+1	-3,8306231E-1	0,0000000E+0	0,0000000E+0
2,7039536E+03	3,2597223E-1	7,8124995E+1	2,0068140E-1	8,0000614E-2	-5,7974834E-2	-1,9990840E-1	7,8124995E+1	-3,8327652E-1	0,0000000E+0	0,0000000E+0
2,7057073E+03	3,2255428E-1	7,8124995E+1	1,9808301E-1	7,7858572E-2	-5,9073794E-2	-2,0056033E-1	7,8124995E+1	-3,8366767E-1	0,0000000E+0	0,0000000E+0
2,7074625E+03	3,2015147E-1	7,8124995E+1	1,9556844E-1	7,5856228E-2	-6,0433525E-2	-2,0079316E-1	7,8124995E+1	-3,8404951E-1	0,0000000E+0	0,0000000E+0
2,7092177E+03	3,1668695E-1	7,8124995E+1	1,9302593E-1	7,3825945E-2	-6,1690811E-2	-2,0110050E-1	7,8124995E+1	-3,8458968E-1	0,0000000E+0	0,0000000E+0
2,7109728E+03	3,1229110E-1	7,8124995E+1	1,9031578E-1	7,1665276E-2	-6,2836338E-2	-2,0139852E-1	7,8124995E+1	-3,8499946E-1	0,0000000E+0	0,0000000E+0
2,7127281E+03	3,0954370E-1	7,8124995E+1	1,8770808E-1	6,9653620E-2	-6,4056371E-2	-2,0220877E-1	7,8124995E+1	-3,8525092E-1	0,0000000E+0	0,0000000E+0
2,7144836E+03	3,0831436E-1	7,8124995E+1	1,8507243E-1	6,7614023E-2	-6,5350909E-2	-2,0219014E-1	7,8124995E+1	-3,8541856E-1	0,0000000E+0	0,0000000E+0
2,7162386E+03	3,0206518E-1	7,8124995E+1	1,8131920E-1	6,5611679E-2	-6,6356737E-2	-1,9895845E-1	7,8124995E+1	-3,8536268E-1	0,0000000E+0	0,0000000E+0
2,7179928E+03	2,9604884E-1	7,8124995E+1	1,7871150E-1	6,3367192E-2	-6,7483638E-2	-1,9825065E-1	7,8124995E+1	-3,8545581E-1	0,0000000E+0	0,0000000E+0
2,7197456E+03	2,9436314E-1	7,8124995E+1	1,7633663E-1	6,1318282E-2	-6,8601225E-2	-1,9890257E-1	7,8124995E+1	-3,8574452E-1	0,0000000E+0	0,0000000E+0
2,7215010E+03	2,9254706E-1	7,8124995E+1	1,7382206E-1	5,9315938E-2	-6,9737439E-2	-2,0104462E-1	7,8124995E+1	-3,8607980E-1	0,0000000E+0	0,0000000E+0
2,7232560E+03	2,9062854E-1	7,8124995E+1	1,7124229E-1	5,7257715E-2	-7,0957471E-2	-2,0292589E-1	7,8124995E+1	-3,8646164E-1	0,0000000E+0	0,0000000E+0
2,7250113E+03	2,8846787E-1	7,8124995E+1	1,6872772E-1	5,5190179E-2	-7,2121624E-2	-2,0439738E-1	7,8124995E+1	-3,8675035E-1	0,0000000E+0	0,0000000E+0
2,7267665E+03	2,8646553E-1	7,8124995E+1	1,6635285E-1	5,2982944E-2	-7,3378910E-2	-2,0558947E-1	7,8124995E+1	-3,8689936E-1	0,0000000E+0	0,0000000E+0
2,7285223E+03	2,8026292E-1	7,8124995E+1	1,6381965E-1	5,1017854E-2	-7,4468558E-2	-2,0642766E-1	7,8124995E+1	-3,8738365E-1	0,0000000E+0	0,0000000E+0
2,7302793E+03	2,7386473E-1	7,8124995E+1	1,6122126E-1	4,9192461E-2	-7,5493012E-2	-2,0769426E-1	7,8124995E+1	-3,8764442E-1	0,0000000E+0	0,0000000E+0
2,7320345E+03	2,7032571E-1	7,8124995E+1	1,5882776E-1	4,7106299E-2	-7,6834117E-2	-2,0881185E-1	7,8124995E+1	-3,8802626E-1	0,0000000E+0	0,0000000E+0
2,7337883E+03	2,6672149E-1	7,8124995E+1	1,5619212E-1	4,5085329E-2	-7,8231101E-2	-2,0954759E-1	7,8124995E+1	-3,8838948E-1	0,0000000E+0	0,0000000E+0
2,7355436E+03	2,6511030E-1	7,8124995E+1	1,5375205E-1	4,3101611E-2	-7,9255556E-2	-2,1031128E-1	7,8124995E+1	-3,8865956E-1	0,0000000E+0	0,0000000E+0
2,7372978E+03	2,6348049E-1	7,8124995E+1	1,5128405E-1	4,1276219E-2	-8,0382456E-2	-2,1046029E-1	7,8124995E+1	-3,8917179E-1	0,0000000E+0	0,0000000E+0
2,7390556E+03	2,6230702E-1	7,8124995E+1	1,4883467E-1	3,9199370E-2	-8,1453477E-2	-2,1057205E-1	7,8124995E+1	-3,8947912E-1	0,0000000E+0	0,0000000E+0
2,7408101E+03	2,5792049E-1	7,8124995E+1	1,4638529E-1	3,7308785E-2	-8,2654883E-2	-2,1123329E-1	7,8124995E+1	-3,8992616E-1	0,0000000E+0	0,0000000E+0
2,7425657E+03	2,5429764E-1	7,8124995E+1	1,4394523E-1	3,5325067E-2	-8,3595519E-2	-2,1194109E-1	7,8124995E+1	-3,9027075E-1	0,0000000E+0	0,0000000E+0
2,7443221E+03	2,5260264E-1	7,8124995E+1	1,4160761E-1	3,3425169E-2	-8,4629287E-2	-2,1209010E-1	7,8124995E+1	-3,9071778E-1	0,0000000E+0	0,0000000E+0
2,7460762E+03	2,4822542E-1	7,8124995E+1	1,3914891E-1	3,1618403E-2	-8,5961079E-2	-2,1295623E-1	7,8124995E+1	-3,9098787E-1	0,0000000E+0	0,0000000E+0
2,7478308E+03	2,4541283E-1	7,8124995E+1	1,3686717E-1	2,9578807E-2	-8,6901715E-2	-2,1394343E-1	7,8124995E+1	-3,9141627E-1	0,0000000E+0	0,0000000E+0
2,7495860E+03	2,4314040E-1	7,8124995E+1	1,3455749E-1	2,7660282E-2	-8,8084494E-2	-2,1506102E-1	7,8124995E+1	-3,9177949E-1	0,0000000E+0	0,0000000E+0
2,7513409E+03	2,4064445E-1	7,8124995E+1	1,3212674E-1	2,5816263E-2	-8,9155515E-2	-2,1627174E-1	7,8124995E+1	-3,9206820E-1	0,0000000E+0	0,0000000E+0
2,7530975E+03	2,3812988E-1	7,8124995E+1	1,2997539E-1	2,4037437E-2	-9,0375548E-2	-2,1738002E-1	7,8124995E+1	-3,9250592E-1	0,0000000E+0	0,0000000E+0
2,7548524E+03	2,3549424E-1	7,8124995E+1	1,2760983E-1	2,2072346E-2	-9,1427943E-2	-2,1831134E-1	7,8124995E+1	-3,9281326E-1	0,0000000E+0	0,0000000E+0
2,7566077E+03	2,3273753E-1	7,8124995E+1	1,2533740E-1	2,0265580E-2	-9,2620036E-2	-2,1950343E-1	7,8124995E+1	-3,9312991E-1	0,0000000E+0	0,0000000E+0
2,7583626E+03	2,3013914E-1	7,8124995E+1	1,2315810E-1	1,8505381E-2	-9,3728309E-2	-2,2030437E-1	7,8124995E+1	-3,9354900E-1	0,0000000E+0	0,0000000E+0
2,7601165E+03	2,2836962E-1	7,8124995E+1	1,2093224E-1	1,6614796E-2	-9,4743451E-2	-2,2117981E-1	7,8124995E+1	-3,9397741E-1	0,0000000E+0	0,0000000E+0
2,7618712E+03	2,2591093E-1	7,8124995E+1	1,1871570E-1	1,4817343E-2	-9,5861038E-2	-2,2206457E-1	7,8124995E+1	-3,9432200E-1	0,0000000E+0	0,0000000E+0
2,7636265E+03	2,2326597E-1	7,8124995E+1	1,1648052E-1	1,3066457E-2	-9,7099697E-2	-2,2294932E-1	7,8124995E+1	-3,9475041E-1	0,0000000E+0	0,0000000E+0
2,7653796E+03	2,2052789E-1	7,8124995E+1	1,1431054E-1	1,1138619E-2	-9,8058960E-2	-2,2362919E-1	7,8124995E+1	-3,9490873E-1	0,0000000E+0	0,0000000E+0
2,7671352E+03	2,1810645E-1	7,8124995E+1	1,1200086E-1	9,3691057E-3	-9,9223113E-2	-2,2438356E-1	7,8124995E+1	-3,9517882E-1	0,0000000E+0	0,0000000E+0
2,7688893E+03	2,1552668E-1	7,8124995E+1	1,0986813E-1	7,5623398E-3	-1,0048040E-1	-2,2506343E-1	7,8124995E+1	-3,9544890E-1	0,0000000E+0	0,0000000E+0
2,7706443E+03	2,1344983E-1	7,8124995E+1	1,0774472E-1	5,8673326E-3	-1,0151417E-1	-2,2589230E-1	7,8124995E+1	-3,9563517E-1	0,0000000E+0	0,0000000E+0
2,7723990E+03	2,1121466E-1	7,8124995E+1	1,0559336E-1	4,0698799E-3	-1,0254793E-1	-2,2663736E-1	7,8124995E+1	-3,9578418E-1	0,0000000E+0	0,0000000E+0
2,7741517E+03	2,0904468E-1	7,8124995E+1	1,0344200E-1	2,2258611E-3	-1,0361896E-1	-2,2739173E-1	7,8124995E+1	-3,9594250E-1	0,0000000E+0	0,0000000E+0
2,7759073E+03	2,0648354E-1	7,8124995E+1	1,0123477E-1	4,3772164E-4	-1,0459684E-1	-2,2804366E-1	7,8124995E+1	-3,9621259E-1	0,0000000E+0	0,0000000E+0
2,7776607E+03	2,0401554E-1	7,8124995E+1	9,9111354E-2	-1,2572856E-3	-1,0568649E-1	-2,2882597E-1	7,8124995E+1	-3,9639885E-1	0,0000000E+0	0,0000000E+0
2,7794165E+03	2,0144508E-1	7,8124995E+1	9,7081071E-2	-3,0174853E-3	-1,0671095E-1	-2,2944996E-1	7,8124995E+1	-3,9662237E-1	0,0000000E+0	0,0000000E+0
2,7811718E+03	1,9879082E-1	7,8124995E+1	9,4892463E-2	-4,6100470E-3	-1,0784716E-1	-2,3015776E-1	7,8124995E+1	-3,9671550E-1	0,0000000E+0	0,0000000E+0
2,7829249E+03	1,9595028E-1	7,8124995E+1	9,2824927E-2	-6,4074997E-3	-1,0886230E-1	-2,3083763E-1	7,8124995E+1	-3,9699490E-1	0,0000000E+0	0,0000000E+0
2,7846803E+03	1,9338914E-1	7,8124995E+1	9,0850523E-2	-8,0373143E-3	-1,0989607E-1	-2,3144299E-1	7,8124995E+1	-3,9709734E-1	0,0000000E+0	0,0000000E+0
2,7864334E+03	1,9046479E-1	7,8124995E+1	8,8820239E-2	-9,7509479E-3	-1,1092984E-1	-2,3213217E-1	7,8124995E+1	-3,9734880E-1	0,0000000E+0	0,0000000E+0
2,7881891E+03	1,8778258E-1	7,8124995E+1	8,6696824E-2	-1,1445955E-2	-1,1203811E-1	-2,3272821E-1	7,8124995E+1	-3,9764682E-1	0,0000000E+0	0,0000000E+0
2,7899425E+03	1,8519351E-1	7,8124995E+1	8,4750359E-2	-1,3075770E-2	-1,1304394E-1	-2,3324975E-1	7,8124995E+1	-3,9775858E-1	0,0000000E+0	0,0000000E+0
2,7916962E+03	1,8268825E-1	7,8124995E+1	8,2720076E-2	-1,4631079E-2	-1,1393801E-1	-2,3405069E-1	7,8124995E+1	-3,9812180E-1	0,0000000E+0	0,0000000E+0
2,7934521E+03	1,8046239E-1	7,8124995E+1	8,0745672E-2	-1,6428531E-2	-1,1504628E-1	-2,3468399E-1	7,8124995E+1	-3,9833600E-1	0,0000000E+0	0,0000000E+0
2,7952062E+03	1,7866493E-1	7,8124995E+1	7,8724702E-2	-1,7918647E-2	-1,1603349E-1	-2,3526141E-1	7,8124995E+1	-3,9841982E-1	0,0000000E+0	0,0000000E+0
2,7969596E+03	1,7592684E-1	7,8124995E+1	7,6834117E-2	-1,9511209E-2	-1,1711382E-1	-2,3559669E-1	7,8124995E+1	-3,9871784E-1	0,0000000E+0	0,0000000E+0
2,7987138E+03	1,7284417E-1	7,8124995E+1	7,4785207E-2	-2,1196903E-2	-1,1797995E-1	-2,3551287E-1	7,8124995E+1	-3,9882029E-1	0,0000000E+0	0,0000000E+0
2,8004679E+03	1,7055311E-1	7,8124995E+1	7,2801490E-2	-2,2584574E-2	-1,1890196E-1	-2,3623930E-1	7,8124995E+1	-3,9914625E-1	0,0000000E+0	0,0000000E+0
2,8022215E+03	1,6792678E-1	7,8124995E+1	7,0948158E-2	-2,4167822E-2	-1,1976809E-1	-2,3696573E-1	7,8124995E+1	-3,9932320E-1	0,0000000E+0	0,0000000E+0
2,8039749E+03	1,6534702E-1	7,8124995E+1	6,8973754E-2	-2,5779010E-2	-1,2083911E-1	-2,3783186E-1	7,8124995E+1	-3,9977024E-1	0,0000000E+0	0,0000000E+0
2,8057295E+03	1,6257168E-1	7,8124995E+1	6,6999350E-2	-2,7315693E-2	-1,2174249E-1	-2,3869799E-1	7,8124995E+1	-4,0004032E-1	0,0000000E+0	0,0000000E+0
2,8074846E+03	1,6028994E-1	7,8124995E+1	6,5090139E-2	-2,8749930E-2	-1,2269244E-1	-2,3921022E-1	7,8124995E+1	-4,0033835E-1	0,0000000E+0	0,0000000E+0
2,8092417E+03	1,5848317E-1	7,8124995E+1	6,3134361E-2	-3,0435624E-2	-1,2373552E-1	-2,3984352E-1	7,8124995E+1	-4,0058049E-1	0,0000000E+0	0,0000000E+0
2,8109968E+03	1,5627594E-1	7,8124995E+1	6,1169270E-2	-3,1907113E-2	-1,2478792E-1	-2,4050476E-1	7,8124995E+1	-4,0102752E-1	0,0000000E+0	0,0000000E+0
2,8127525E+03	1,5418977E-1	7,8124995E+1	5,9222806E-2	-3,3471735E-2	-1,2555160E-1	-2,4128707E-1	7,8124995E+1	-4,0127898E-1	0,0000000E+0	0,0000000E+0
2,8145081E+03	1,5066006E-1	7,8124995E+1	5,7509172E-2	-3,5148116E-2	-1,2664125E-1	-2,4218114E-1	7,8124995E+1	-4,0154907E-1	0,0000000E+0	0,0000000E+0
2,8162644E+03	1,4942140E-1	7,8124995E+1	5,5581335E-2	-3,6600979E-2	-1,2760983E-1	-2,4289826E-1	7,8124995E+1	-4,0180052E-1	0,0000000E+0	0,0000000E+0
2,8180209E+03	1,4808030E-1	7,8124995E+1	5,3709376E-2	-3,8081782E-2	-1,2848527E-1	-2,4334529E-1	7,8124995E+1	-4,0199610E-1	0,0000000E+0	0,0000000E+0
2,8197758E+03	1,4599414E-1	7,8124995E+1	5,1856044E-2	-3,9413574E-2	-1,2923964E-1	-2,4397859E-1	7,8124995E+1	-4,0228481E-1	0,0000000E+0	0,0000000E+0
2,8215306E+03	1,4390797E-1	7,8124995E+1	4,9918893E-2	-4,0978196E-2	-1,3023616E-1	-2,4433249E-1	7,8124995E+1	-4,0203335E-1	0,0000000E+0	0,0000000E+0
2,8232859E+03	1,4148653E-1	7,8124995E+1	4,7944489E-2	-4,2431059E-2	-1,3108366E-1	-2,4529175E-1	7,8124995E+1	-4,0206129E-1	0,0000000E+0	0,0000000E+0
2,8250416E+03	1,3857149E-1	7,8124995E+1	4,6025964E-2	-4,3967741E-2	-1,3185666E-1	-2,4601819E-1	7,8124995E+1	-4,0219168E-1	0,0000000E+0	0,0000000E+0
2,8267962E+03	1,3632701E-1	7,8124995E+1	4,3949115E-2	-4,5485797E-2	-1,3281592E-1	-2,4649316E-1	7,8124995E+1	-4,0193091E-1	0,0000000E+0	0,0000000E+0
2,8285507E+03	1,3383106E-1	7,8124995E+1	4,2170289E-2	-4,6929347E-2	-1,3371930E-1	-2,4702401E-1	7,8124995E+1	-4,0172602E-1	0,0000000E+0	0,0000000E+0
2,8303072E+03	1,3156795E-1	7,8124995E+1	4,0177258E-2	-4,8438090E-2	-1,3452024E-1	-2,4754556E-1	7,8124995E+1	-4,0162357E-1	0,0000000E+0	0,0000000E+0
2,8320623E+03	1,2957492E-1	7,8124995E+1	3,8314613E-2	-4,9946833E-2	-1,3553538E-1	-2,4789014E-1	7,8124995E+1	-4,0158632E-1	0,0000000E+0	0,0000000E+0
2,8338171E+03	1,2648293E-1	7,8124995E+1	3,6479907E-2	-5,1325190E-2	-1,3622456E-1	-2,4733135E-1	7,8124995E+1	-4,0149319E-1	0,0000000E+0	0,0000000E+0
2,8355745E+03	1,2355857E-1	7,8124995E+1	3,4691768E-2	-5,2815306E-2	-1,3695099E-1	-2,4535695E-1	7,8124995E+1	-4,0180052E-1	0,0000000E+0	0,0000000E+0
2,8373279E+03	1,2121164E-1	7,8124995E+1	3,2819809E-2	-5,4249543E-2	-1,3770536E-1	-2,4482609E-1	7,8124995E+1	-4,0180052E-1	0,0000000E+0	0,0000000E+0
2,8390834E+03	1,1937693E-1	7,8124995E+1	3,1003730E-2	-5,5497516E-2	-1,3841317E-1	-2,4556184E-1	7,8124995E+1	-4,0216374E-1	0,0000000E+0	0,0000000E+0
2,8408389E+03	1,1730940E-1	7,8124995E+1	2,9308723E-2	-5,6903813E-2	-1,3929793E-1	-2,4655835E-1	7,8124995E+1	-4,0250833E-1	0,0000000E+0	0,0000000E+0
2,8425920E+03	1,1518598E-1	7,8124995E+1	2,7408825E-2	-5,8412555E-2	-1,4021062E-1	-2,4764800E-1	7,8124995E+1	-4,0285292E-1	0,0000000E+0	0,0000000E+0
2,8443480E+03	1,1280180E-1	7,8124995E+1	2,5611372E-2	-5,9837479E-2	-1,4099293E-1	-2,4864452E-1	7,8124995E+1	-4,0315094E-1	0,0000000E+0	0,0000000E+0
2,8461019E+03	1,1063182E-1	7,8124995E+1	2,3953618E-2	-6,1253089E-2	-1,4186838E-1	-2,4946408E-1	7,8124995E+1	-4,0348622E-1	0,0000000E+0	0,0000000E+0
2,8478556E+03	1,0833145E-1	7,8124995E+1	2,2146852E-2	-6,2678013E-2	-1,4284627E-1	-2,5023708E-1	7,8124995E+1	-4,0388669E-1	0,0000000E+0	0,0000000E+0
2,8496089E+03	1,0610559E-1	7,8124995E+1	2,0442532E-2	-6,4019118E-2	-1,4364720E-1	-2,5101008E-1	7,8124995E+1	-4,0408226E-1	0,0000000E+0	0,0000000E+0
2,8513642E+03	1,0376797E-1	7,8124995E+1	1,8626453E-2	-6,5499921E-2	-1,4465303E-1	-2,5172719E-1	7,8124995E+1	-4,0451067E-1	0,0000000E+0	0,0000000E+0
2,8531206E+03	1,0184013E-1	7,8124995E+1	1,6996638E-2	-6,7045916E-2	-1,4544466E-1	-2,5236981E-1	7,8124995E+1	-4,0466900E-1	0,0000000E+0	0,0000000E+0
2,8548774E+03	9,9977484E-2	7,8124995E+1	1,5171246E-2	-6,8144877E-2	-1,4642254E-1	-2,5290066E-1	7,8124995E+1	-4,0486457E-1	0,0000000E+0	0,0000000E+0
2,8566328E+03	9,7993767E-2	7,8124995E+1	1,3560057E-2	-6,9607053E-2	-1,4713966E-1	-2,5355259E-1	7,8124995E+1	-4,0519985E-1	0,0000000E+0	0,0000000E+0
2,8583886E+03	9,6103182E-2	7,8124995E+1	1,1771918E-2	-7,1143736E-2	-1,4816412E-1	-2,5418589E-1	7,8124995E+1	-4,0552581E-1	0,0000000E+0	0,0000000E+0
2,8601441E+03	9,3970453E-2	7,8124995E+1	1,0132790E-2	-7,2438274E-2	-1,4901162E-1	-2,5484712E-1	7,8124995E+1	-4,0569345E-1	0,0000000E+0	0,0000000E+0
2,8619013E+03	9,1567641E-2	7,8124995E+1	8,4936624E-3	-7,3732813E-2	-1,4972874E-1	-2,5548974E-1	7,8124995E+1	-4,0591697E-1	0,0000000E+0	0,0000000E+0
2,8636584E+03	8,9704996E-2	7,8124995E+1	6,8079684E-3	-7,5064604E-2	-1,5079045E-1	-2,5614166E-1	7,8124995E+1	-4,0621499E-1	0,0000000E+0	0,0000000E+0
2,8654166E+03	8,7888917E-2	7,8124995E+1	5,1688406E-3	-7,6442961E-2	-1,5141443E-1	-2,5657007E-1	7,8124995E+1	-4,0625224E-1	0,0000000E+0	0,0000000E+0
2,8671723E+03	8,6044898E-2	7,8124995E+1	3,6135318E-3	-7,7867885E-2	-1,5234576E-1	-2,5712886E-1	7,8124995E+1	-4,0648508E-1	0,0000000E+0	0,0000000E+0
2,8689306E+03	8,4023928E-2	7,8124995E+1	1,9837172E-3	-7,9162424E-2	-1,5321189E-1	-2,5780873E-1	7,8124995E+1	-4,0670859E-1	0,0000000E+0	0,0000000E+0
2,8706853E+03	8,2096090E-2	7,8124995E+1	3,4458937E-4	-8,0382456E-2	-1,5407802E-1	-2,5822783E-1	7,8124995E+1	-4,0691348E-1	0,0000000E+0	0,0000000E+0
2,8724403E+03	7,9879542E-2	7,8124995E+1	-1,2665988E-3	-8,1732874E-2	-1,5482307E-1	-2,5880525E-1	7,8124995E+1	-4,0716494E-1	0,0000000E+0	0,0000000E+0
2,8741970E+03	7,7812006E-2	7,8124995E+1	-2,8125943E-3	-8,3092605E-2	-1,5566126E-1	-2,5913121E-1	7,8124995E+1	-4,0735121E-1	0,0000000E+0	0,0000000E+0
2,8759518E+03	7,5902794E-2	7,8124995E+1	-4,4330957E-3	-8,4368517E-2	-1,5642495E-1	-2,5959687E-1	7,8124995E+1	-4,0752816E-1	0,0000000E+0	0,0000000E+0
2,8777063E+03	7,3872511E-2	7,8124995E+1	-6,0070310E-3	-8,5663056E-2	-1,5726314E-1	-2,6002528E-1	7,8124995E+1	-4,0783549E-1	0,0000000E+0	0,0000000E+0
2,8794608E+03	7,1832914E-2	7,8124995E+1	-7,4133281E-3	-8,6911028E-2	-1,5806408E-1	-2,6040712E-1	7,8124995E+1	-4,0808695E-1	0,0000000E+0	0,0000000E+0
2,8812175E+03	6,9774691E-2	7,8124995E+1	-9,0710824E-3	-8,8168313E-2	-1,5879982E-1	-2,6079828E-1	7,8124995E+1	-4,0831978E-1	0,0000000E+0	0,0000000E+0
2,8829727E+03	6,8042431E-2	7,8124995E+1	-1,0617078E-2	-8,9425599E-2	-1,5956351E-1	-2,6129188E-1	7,8124995E+1	-4,0850605E-1	0,0000000E+0	0,0000000E+0
2,8847280E+03	6,6254292E-2	7,8124995E+1	-1,2051315E-2	-9,0738764E-2	-1,6024337E-1	-2,6179479E-1	7,8124995E+1	-4,0881338E-1	0,0000000E+0	0,0000000E+0
2,8864832E+03	6,4363707E-2	7,8124995E+1	-1,3699756E-2	-9,1930857E-2	-1,6105362E-1	-2,6224183E-1	7,8124995E+1	-4,0891583E-1	0,0000000E+0	0,0000000E+0
2,8882365E+03	6,2501062E-2	7,8124995E+1	-1,5255065E-2	-9,3160203E-2	-1,6185456E-1	-2,6278199E-1	7,8124995E+1	-4,0916728E-1	0,0000000E+0	0,0000000E+0
2,8899904E+03	6,0675669E-2	7,8124995E+1	-1,6726554E-2	-9,4408175E-2	-1,6265550E-1	-2,6327559E-1	7,8124995E+1	-4,0930698E-1	0,0000000E+0	0,0000000E+0
2,8917465E+03	5,9055168E-2	7,8124995E+1	-1,8244610E-2	-9,5702713E-2	-1,6340056E-1	-2,6401134E-1	7,8124995E+1	-4,0957707E-1	0,0000000E+0	0,0000000E+0
2,8935020E+03	5,7388100E-2	7,8124995E+1	-1,9744040E-2	-9,6848240E-2	-1,6424806E-1	-2,6457013E-1	7,8124995E+1	-4,0987509E-1	0,0000000E+0	0,0000000E+0
2,8952583E+03	5,5721033E-2	7,8124995E+1	-2,1168963E-2	-9,8142779E-2	-1,6493724E-1	-2,6507305E-1	7,8124995E+1	-4,1011723E-1	0,0000000E+0	0,0000000E+0
2,8970145E+03	5,3877014E-2	7,8124995E+1	-2,2714959E-2	-9,9251053E-2	-1,6570092E-1	-2,6546420E-1	7,8124995E+1	-4,1025693E-1	0,0000000E+0	0,0000000E+0
2,8987713E+03	5,2126128E-2	7,8124995E+1	-2,4084003E-2	-1,0044315E-1	-1,6631560E-1	-2,6601368E-1	7,8124995E+1	-4,1062946E-1	0,0000000E+0	0,0000000E+0
2,9005256E+03	5,0421807E-2	7,8124995E+1	-2,5592746E-2	-1,0167249E-1	-1,6720967E-1	-2,6652591E-1	7,8124995E+1	-4,1072259E-1	0,0000000E+0	0,0000000E+0
2,9022803E+03	4,8615041E-2	7,8124995E+1	-2,7045609E-2	-1,0288321E-1	-1,6790816E-1	-2,6691707E-1	7,8124995E+1	-4,1104856E-1	0,0000000E+0	0,0000000E+0
2,9040357E+03	4,6966600E-2	7,8124995E+1	-2,8554352E-2	-1,0396355E-1	-1,6874635E-1	-2,6746655E-1	7,8124995E+1	-4,1131864E-1	0,0000000E+0	0,0000000E+0
2,9057910E+03	4,5159834E-2	7,8124995E+1	-2,9979275E-2	-1,0519289E-1	-1,6942621E-1	-2,6798809E-1	7,8124995E+1	-4,1146765E-1	0,0000000E+0	0,0000000E+0
2,9075448E+03	4,3204057E-2	7,8124995E+1	-3,1404199E-2	-1,0649674E-1	-1,7006883E-1	-2,6842581E-1	7,8124995E+1	-4,1167254E-1	0,0000000E+0	0,0000000E+0
2,9093000E+03	4,1443857E-2	7,8124995E+1	-3,2801183E-2	-1,0765158E-1	-1,7086045E-1	-2,6887284E-1	7,8124995E+1	-4,1184949E-1	0,0000000E+0	0,0000000E+0
2,9110542E+03	3,9730223E-2	7,8124995E+1	-3,4365805E-2	-1,0887162E-1	-1,7169864E-1	-2,6945026E-1	7,8124995E+1	-4,1194263E-1	0,0000000E+0	0,0000000E+0
2,9128078E+03	3,8156288E-2	7,8124995E+1	-3,5753476E-2	-1,0992401E-1	-1,7245301E-1	-2,6983211E-1	7,8124995E+1	-4,1211026E-1	0,0000000E+0	0,0000000E+0
2,9145639E+03	3,6275016E-2	7,8124995E+1	-3,7197026E-2	-1,1113473E-1	-1,7311425E-1	-2,7029777E-1	7,8124995E+1	-4,1239897E-1	0,0000000E+0	0,0000000E+0
2,9163193E+03	3,4496190E-2	7,8124995E+1	-3,8510191E-2	-1,1243858E-1	-1,7385931E-1	-2,7077274E-1	7,8124995E+1	-4,1247348E-1	0,0000000E+0	0,0000000E+0
2,9180743E+03	3,2894315E-2	7,8124995E+1	-4,0065500E-2	-1,1344441E-1	-1,7456711E-1	-2,7117321E-1	7,8124995E+1	-4,1272494E-1	0,0000000E+0	0,0000000E+0
2,9198290E+03	3,1106176E-2	7,8124995E+1	-4,1332098E-2	-1,1468307E-1	-1,7520973E-1	-2,7172269E-1	7,8124995E+1	-4,1280876E-1	0,0000000E+0	0,0000000E+0
2,9215847E+03	2,9411169E-2	7,8124995E+1	-4,2663890E-2	-1,1573546E-1	-1,7610380E-1	-2,7207659E-1	7,8124995E+1	-4,1306021E-1	0,0000000E+0	0,0000000E+0
2,9233386E+03	2,7744101E-2	7,8124995E+1	-4,4163319E-2	-1,1702069E-1	-1,7675572E-1	-2,7255157E-1	7,8124995E+1	-4,1319991E-1	0,0000000E+0	0,0000000E+0
2,9250938E+03	2,6188792E-2	7,8124995E+1	-4,5625496E-2	-1,1809171E-1	-1,7746353E-1	-2,7303586E-1	7,8124995E+1	-4,1333030E-1	0,0000000E+0	0,0000000E+0
2,9268483E+03	2,4633484E-2	7,8124995E+1	-4,6854842E-2	-1,1909754E-1	-1,7810614E-1	-2,7350152E-1	7,8124995E+1	-4,1350725E-1	0,0000000E+0	0,0000000E+0
2,9286055E+03	2,2891910E-2	7,8124995E+1	-4,8261139E-2	-1,2023375E-1	-1,7882326E-1	-2,7406962E-1	7,8124995E+1	-4,1377733E-1	0,0000000E+0	0,0000000E+0
2,9303617E+03	2,1224843E-2	7,8124995E+1	-4,9732628E-2	-1,2133271E-1	-1,7953106E-1	-2,7452597E-1	7,8124995E+1	-4,1389840E-1	0,0000000E+0	0,0000000E+0
2,9321163E+03	1,9650907E-2	7,8124995E+1	-5,1064420E-2	-1,2245961E-1	-1,8030406E-1	-2,7502889E-1	7,8124995E+1	-4,1416849E-1	0,0000000E+0	0,0000000E+0
2,9338718E+03	1,7890708E-2	7,8124995E+1	-5,2405524E-2	-1,2358651E-1	-1,8081629E-1	-2,7537348E-1	7,8124995E+1	-4,1431750E-1	0,0000000E+0	0,0000000E+0
2,9356274E+03	1,6344712E-2	7,8124995E+1	-5,3811822E-2	-1,2459234E-1	-1,8155203E-1	-2,7581120E-1	7,8124995E+1	-4,1450376E-1	0,0000000E+0	0,0000000E+0
2,9373816E+03	1,4686958E-2	7,8124995E+1	-5,5041167E-2	-1,2567268E-1	-1,8226915E-1	-2,7624892E-1	7,8124995E+1	-4,1479247E-1	0,0000000E+0	0,0000000E+0
2,9391359E+03	1,2991951E-2	7,8124995E+1	-5,6410212E-2	-1,2682752E-1	-1,8293039E-1	-2,7647244E-1	7,8124995E+1	-4,1487629E-1	0,0000000E+0	0,0000000E+0
2,9408933E+03	1,1529774E-2	7,8124995E+1	-5,7760630E-2	-1,2797304E-1	-1,8361957E-1	-2,7673321E-1	7,8124995E+1	-4,1496942E-1	0,0000000E+0	0,0000000E+0
2,9426457E+03	9,9372125E-3	7,8124995E+1	-5,9036542E-2	-1,2896024E-1	-1,8430875E-1	-2,7727337E-1	7,8124995E+1	-4,1517432E-1	0,0000000E+0	0,0000000E+0
2,9444000E+03	8,2887714E-3	7,8124995E+1	-6,0368333E-2	-1,3012440E-1	-1,8483029E-1	-2,7750620E-1	7,8124995E+1	-4,1522088E-1	0,0000000E+0	0,0000000E+0
2,9461546E+03	6,7334626E-3	7,8124995E+1	-6,1653558E-2	-1,3118611E-1	-1,8549153E-1	-2,7798118E-1	7,8124995E+1	-4,1537921E-1	0,0000000E+0	0,0000000E+0
2,9479100E+03	5,1315877E-3	7,8124995E+1	-6,3003976E-2	-1,3214537E-1	-1,8623659E-1	-2,7849341E-1	7,8124995E+1	-4,1563998E-1	0,0000000E+0	0,0000000E+0
2,9496670E+03	3,6787244E-3	7,8124995E+1	-6,4242635E-2	-1,3311394E-1	-1,8693508E-1	-2,7894044E-1	7,8124995E+1	-4,1571448E-1	0,0000000E+0	0,0000000E+0
2,9514221E+03	2,1513553E-3	7,8124995E+1	-6,5676872E-2	-1,3426878E-1	-1,8748456E-1	-2,7930366E-1	7,8124995E+1	-4,1582624E-1	0,0000000E+0	0,0000000E+0
2,9531786E+03	5,4948035E-4	7,8124995E+1	-6,6859652E-2	-1,3524667E-1	-1,8812717E-1	-2,7986245E-1	7,8124995E+1	-4,1605907E-1	0,0000000E+0	0,0000000E+0
2,9549345E+03	-9,3132263E-4	7,8124995E+1	-6,8126250E-2	-1,3632701E-1	-1,8878841E-1	-2,8020704E-1	7,8124995E+1	-4,1611495E-1	0,0000000E+0	0,0000000E+0
2,9566896E+03	-2,5611372E-3	7,8124995E+1	-6,9411476E-2	-1,3728627E-1	-1,8940308E-1	-2,8064476E-1	7,8124995E+1	-4,1627328E-1	0,0000000E+0	0,0000000E+0
2,9584437E+03	-4,1071328E-3	7,8124995E+1	-7,0594255E-2	-1,3832935E-1	-1,9002707E-1	-2,8094278E-1	7,8124995E+1	-4,1644091E-1	0,0000000E+0	0,0000000E+0
2,9601979E+03	-5,4854903E-3	7,8124995E+1	-7,1926047E-2	-1,3934449E-1	-1,9063243E-1	-2,8135257E-1	7,8124995E+1	-4,1640366E-1	0,0000000E+0	0,0000000E+0
2,9619531E+03	-6,9849197E-3	7,8124995E+1	-7,3174019E-2	-1,4037826E-1	-1,9131229E-1	-2,8191136E-1	7,8124995E+1	-4,1626396E-1	0,0000000E+0	0,0000000E+0
2,9637068E+03	-8,4191566E-3	7,8124995E+1	-7,4394052E-2	-1,4140271E-1	-1,9197353E-1	-2,8217213E-1	7,8124995E+1	-4,1631053E-1	0,0000000E+0	0,0000000E+0
2,9654627E+03	-9,7975141E-3	7,8124995E+1	-7,5642024E-2	-1,4233404E-1	-1,9261615E-1	-2,8255397E-1	7,8124995E+1	-4,1643160E-1	0,0000000E+0	0,0000000E+0
2,9672194E+03	-1,1306257E-2	7,8124995E+1	-7,6675792E-2	-1,4333055E-1	-1,9330533E-1	-2,8303826E-1	7,8124995E+1	-4,1647817E-1	0,0000000E+0	0,0000000E+0
2,9689746E+03	-1,2768433E-2	7,8124995E+1	-7,7979644E-2	-1,4439226E-1	-1,9392000E-1	-2,8335491E-1	7,8124995E+1	-4,1659924E-1	0,0000000E+0	0,0000000E+0
2,9707299E+03	-1,4137478E-2	7,8124995E+1	-7,9218303E-2	-1,4537015E-1	-1,9459055E-1	-2,8369019E-1	7,8124995E+1	-4,1667374E-1	0,0000000E+0	0,0000000E+0
2,9724845E+03	-1,5897677E-2	7,8124995E+1	-8,0363830E-2	-1,4651568E-1	-1,9524248E-1	-2,8401615E-1	7,8124995E+1	-4,1687864E-1	0,0000000E+0	0,0000000E+0
2,9742419E+03	-1,7173589E-2	7,8124995E+1	-8,1639742E-2	-1,4742837E-1	-1,9588509E-1	-2,8425829E-1	7,8124995E+1	-4,1692520E-1	0,0000000E+0	0,0000000E+0
2,9759963E+03	-1,8803404E-2	7,8124995E+1	-8,2785269E-2	-1,4833176E-1	-1,9646251E-1	-2,8477983E-1	7,8124995E+1	-4,1707421E-1	0,0000000E+0	0,0000000E+0
2,9777503E+03	-2,0191075E-2	7,8124995E+1	-8,4051867E-2	-1,4922583E-1	-1,9714237E-1	-2,8515236E-1	7,8124995E+1	-4,1711147E-1	0,0000000E+0	0,0000000E+0
2,9795059E+03	-2,1681191E-2	7,8124995E+1	-8,5309153E-2	-1,5026891E-1	-1,9777567E-1	-2,8555283E-1	7,8124995E+1	-4,1724185E-1	0,0000000E+0	0,0000000E+0
2,9812609E+03	-2,3068862E-2	7,8124995E+1	-8,6454680E-2	-1,5125611E-1	-1,9839035E-1	-2,8591605E-1	7,8124995E+1	-4,1723254E-1	0,0000000E+0	0,0000000E+0
2,9830175E+03	-2,4642797E-2	7,8124995E+1	-8,7516388E-2	-1,5214086E-1	-1,9897708E-1	-2,8632583E-1	7,8124995E+1	-4,1734430E-1	0,0000000E+0	0,0000000E+0
2,9847729E+03	-2,6104973E-2	7,8124995E+1	-8,8848179E-2	-1,5311875E-1	-1,9951725E-1	-2,8661454E-1	7,8124995E+1	-4,1745606E-1	0,0000000E+0	0,0000000E+0
2,9865280E+03	-2,7595090E-2	7,8124995E+1	-8,9993706E-2	-1,5405939E-1	-2,0016917E-1	-2,8710814E-1	7,8124995E+1	-4,1753987E-1	0,0000000E+0	0,0000000E+0
2,9882812E+03	-2,9047953E-2	7,8124995E+1	-9,1111293E-2	-1,5500934E-1	-2,0064415E-1	-2,8736891E-1	7,8124995E+1	-4,1759575E-1	0,0000000E+0	0,0000000E+0
2,9900346E+03	-3,0593948E-2	7,8124995E+1	-9,2303386E-2	-1,5603379E-1	-2,0118431E-1	-2,8762968E-1	7,8124995E+1	-4,1769820E-1	0,0000000E+0	0,0000000E+0
2,9917887E+03	-3,1962993E-2	7,8124995E+1	-9,3355780E-2	-1,5683473E-1	-2,0183624E-1	-2,8798358E-1	7,8124995E+1	-4,1786584E-1	0,0000000E+0	0,0000000E+0
2,9935435E+03	-3,3201652E-2	7,8124995E+1	-9,4631692E-2	-1,5782193E-1	-2,0235778E-1	-2,8852375E-1	7,8124995E+1	-4,1789378E-1	0,0000000E+0	0,0000000E+0
2,9952976E+03	-3,4617262E-2	7,8124995E+1	-9,5739966E-2	-1,5863218E-1	-2,0297245E-1	-2,8882177E-1	7,8124995E+1	-4,1808936E-1	0,0000000E+0	0,0000000E+0
2,9970516E+03	-3,6060812E-2	7,8124995E+1	-9,6959999E-2	-1,5947037E-1	-2,0357781E-1	-2,8924087E-1	7,8124995E+1	-4,1813592E-1	0,0000000E+0	0,0000000E+0
2,9988058E+03	-3,7336724E-2	7,8124995E+1	-9,7975141E-2	-1,6039238E-1	-2,0406210E-1	-2,8952958E-1	7,8124995E+1	-4,1832219E-1	0,0000000E+0	0,0000000E+0
3,0005590E+03	-3,8603323E-2	7,8124995E+1	-9,8990282E-2	-1,6120263E-1	-2,0455570E-1	-2,8970653E-1	7,8124995E+1	-4,1860158E-1	0,0000000E+0	0,0000000E+0
3,0023118E+03	-4,0037560E-2	7,8124995E+1	-9,9921605E-2	-1,6210602E-1	-2,0505862E-1	-2,8927812E-1	7,8124995E+1	-4,1885304E-1	0,0000000E+0	0,0000000E+0
3,0040667E+03	-4,1481110E-2	7,8124995E+1	-1,0098331E-1	-1,6292558E-1	-2,0562672E-1	-2,8920362E-1	7,8124995E+1	-4,1908587E-1	0,0000000E+0	0,0000000E+0
3,0058216E+03	-4,2766335E-2	7,8124995E+1	-1,0208227E-1	-1,6370789E-1	-2,0608307E-1	-2,8922224E-1	7,8124995E+1	-4,1934664E-1	0,0000000E+0	0,0000000E+0
3,0075761E+03	-4,4163319E-2	7,8124995E+1	-1,0299497E-1	-1,6441570E-1	-2,0639972E-1	-2,8816053E-1	7,8124995E+1	-4,1953291E-1	0,0000000E+0	0,0000000E+0
3,0093297E+03	-4,5308846E-2	7,8124995E+1	-1,0412187E-1	-1,6517938E-1	-2,0668843E-1	-2,8776938E-1	7,8124995E+1	-4,1980299E-1	0,0000000E+0	0,0000000E+0
3,0110862E+03	-4,6594071E-2	7,8124995E+1	-1,0509976E-1	-1,6584062E-1	-2,0714478E-1	-2,8863551E-1	7,8124995E+1	-4,2008239E-1	0,0000000E+0	0,0000000E+0
3,0128429E+03	-4,8018995E-2	7,8124995E+1	-1,0621735E-1	-1,6661362E-1	-2,0761975E-1	-2,8938988E-1	7,8124995E+1	-4,2023140E-1	0,0000000E+0	0,0000000E+0
3,0145967E+03	-4,9453232E-2	7,8124995E+1	-1,0728837E-1	-1,6747975E-1	-2,0820649E-1	-2,9031189E-1	7,8124995E+1	-4,2031522E-1	0,0000000E+0	0,0000000E+0
3,0163522E+03	-5,0924721E-2	7,8124995E+1	-1,0830351E-1	-1,6842970E-1	-2,0870940E-1	-2,9101038E-1	7,8124995E+1	-4,2030590E-1	0,0000000E+0	0,0000000E+0
3,0181087E+03	-5,2321705E-2	7,8124995E+1	-1,0941178E-1	-1,6916544E-1	-2,0928682E-1	-2,9157849E-1	7,8124995E+1	-4,2029659E-1	0,0000000E+0	0,0000000E+0
3,0198659E+03	-5,3551051E-2	7,8124995E+1	-1,1061319E-1	-1,6999432E-1	-2,0973386E-1	-2,9210003E-1	7,8124995E+1	-4,2046423E-1	0,0000000E+0	0,0000000E+0
3,0216193E+03	-5,4845590E-2	7,8124995E+1	-1,1158176E-1	-1,7086045E-1	-2,1032059E-1	-2,9265882E-1	7,8124995E+1	-4,2048285E-1	0,0000000E+0	0,0000000E+0
3,0233752E+03	-5,6121502E-2	7,8124995E+1	-1,1257828E-1	-1,7156825E-1	-2,1092595E-1	-2,9294753E-1	7,8124995E+1	-4,2052011E-1	0,0000000E+0	0,0000000E+0
3,0251316E+03	-5,7471920E-2	7,8124995E+1	-1,1366793E-1	-1,7250889E-1	-2,1136367E-1	-2,9350633E-1	7,8124995E+1	-4,2050148E-1	0,0000000E+0	0,0000000E+0
3,0268872E+03	-5,8645386E-2	7,8124995E+1	-1,1481345E-1	-1,7330052E-1	-2,1194109E-1	-2,9374847E-1	7,8124995E+1	-4,2074362E-1	0,0000000E+0	0,0000000E+0
3,0286413E+03	-5,9921298E-2	7,8124995E+1	-1,1568890E-1	-1,7412008E-1	-2,1237881E-1	-2,9421413E-1	7,8124995E+1	-4,2075294E-1	0,0000000E+0	0,0000000E+0
3,0303965E+03	-6,1523173E-2	7,8124995E+1	-1,1649915E-1	-1,7493964E-1	-2,1285379E-1	-2,9284509E-1	7,8124995E+1	-4,2095783E-1	0,0000000E+0	0,0000000E+0
3,0321524E+03	-6,3050542E-2	7,8124995E+1	-1,1752360E-1	-1,7557294E-1	-2,1317044E-1	-2,9177407E-1	7,8124995E+1	-4,2099508E-1	0,0000000E+0	0,0000000E+0
3,0339084E+03	-6,3981865E-2	7,8124995E+1	-1,1842699E-1	-1,7618762E-1	-2,1337533E-1	-2,9156918E-1	7,8124995E+1	-4,2114409E-1	0,0000000E+0	0,0000000E+0
3,0356627E+03	-6,5276403E-2	7,8124995E+1	-1,1916273E-1	-1,7688611E-1	-2,1370129E-1	-2,9229561E-1	7,8124995E+1	-4,2113478E-1	0,0000000E+0	0,0000000E+0
3,0374192E+03	-6,6263605E-2	7,8124995E+1	-1,2021513E-1	-1,7749147E-1	-2,1390618E-1	-2,9277058E-1	7,8124995E+1	-4,2052942E-1	0,0000000E+0	0,0000000E+0
3,0391767E+03	-6,7390506E-2	7,8124995E+1	-1,2115576E-1	-1,7821790E-1	-2,1436253E-1	-2,9359946E-1	7,8124995E+1	-4,1999857E-1	0,0000000E+0	0,0000000E+0
3,0409319E+03	-6,8768863E-2	7,8124995E+1	-1,2221747E-1	-1,7888845E-1	-2,1455811E-1	-2,9413031E-1	7,8124995E+1	-4,1981230E-1	0,0000000E+0	0,0000000E+0
3,0426854E+03	-6,9839884E-2	7,8124995E+1	-1,2316742E-1	-1,7954038E-1	-2,1494926E-1	-2,9467048E-1	7,8124995E+1	-4,1976574E-1	0,0000000E+0	0,0000000E+0
3,0444398E+03	-7,1031977E-2	7,8124995E+1	-1,2411737E-1	-1,8049033E-1	-2,1525660E-1	-2,9513614E-1	7,8124995E+1	-4,1979368E-1	0,0000000E+0	0,0000000E+0
3,0461958E+03	-7,2102998E-2	7,8124995E+1	-1,2514182E-1	-1,8117019E-1	-2,1568501E-1	-2,9560180E-1	7,8124995E+1	-4,1985887E-1	0,0000000E+0	0,0000000E+0
3,0479539E+03	-7,3229898E-2	7,8124995E+1	-1,2625010E-1	-1,8191525E-1	-2,1614136E-1	-2,9603021E-1	7,8124995E+1	-4,2006376E-1	0,0000000E+0	0,0000000E+0
3,0497076E+03	-7,4403365E-2	7,8124995E+1	-1,2715348E-1	-1,8278138E-1	-2,1677466E-1	-2,9661694E-1	7,8124995E+1	-4,2030590E-1	0,0000000E+0	0,0000000E+0
3,0514634E+03	-7,5809662E-2	7,8124995E+1	-1,2802892E-1	-1,8348918E-1	-2,1711924E-1	-2,9679390E-1	7,8124995E+1	-4,2065049E-1	0,0000000E+0	0,0000000E+0
3,0532196E+03	-7,7104201E-2	7,8124995E+1	-1,2900681E-1	-1,8429944E-1	-2,1778048E-1	-2,9708261E-1	7,8124995E+1	-4,2081813E-1	0,0000000E+0	0,0000000E+0
3,0549765E+03	-7,8426679E-2	7,8124995E+1	-1,2994745E-1	-1,8504449E-1	-2,1819027E-1	-2,9751101E-1	7,8124995E+1	-4,2092989E-1	0,0000000E+0	0,0000000E+0
3,0567312E+03	-7,9711904E-2	7,8124995E+1	-1,3084152E-1	-1,8577093E-1	-2,1854417E-1	-2,9776247E-1	7,8124995E+1	-4,2080882E-1	0,0000000E+0	0,0000000E+0
3,0584865E+03	-8,0540781E-2	7,8124995E+1	-1,3172627E-1	-1,8644148E-1	-2,1891670E-1	-2,9793011E-1	7,8124995E+1	-4,2044560E-1	0,0000000E+0	0,0000000E+0
3,0602412E+03	-8,1630429E-2	7,8124995E+1	-1,3254584E-1	-1,8689783E-1	-2,1906571E-1	-2,9724093E-1	7,8124995E+1	-4,1992406E-1	0,0000000E+0	0,0000000E+0
3,0619955E+03	-8,2971533E-2	7,8124995E+1	-1,3345853E-1	-1,8755906E-1	-2,1941030E-1	-2,9764140E-1	7,8124995E+1	-4,1975642E-1	0,0000000E+0	0,0000000E+0
3,0637490E+03	-8,3893543E-2	7,8124995E+1	-1,3421290E-1	-1,8817374E-1	-2,1982939E-1	-2,9779041E-1	7,8124995E+1	-4,1965398E-1	0,0000000E+0	0,0000000E+0
3,0655023E+03	-8,4908684E-2	7,8124995E+1	-1,3514423E-1	-1,8881635E-1	-2,2021124E-1	-2,9799530E-1	7,8124995E+1	-4,1944909E-1	0,0000000E+0	0,0000000E+0
3,0672573E+03	-8,6091464E-2	7,8124995E+1	-1,3604761E-1	-1,8961729E-1	-2,2054651E-1	-2,9826539E-1	7,8124995E+1	-4,1933733E-1	0,0000000E+0	0,0000000E+0
3,0690119E+03	-8,7032100E-2	7,8124995E+1	-1,3701619E-1	-1,9035303E-1	-2,2094698E-1	-2,9841440E-1	7,8124995E+1	-4,1935595E-1	0,0000000E+0	0,0000000E+0
3,0707665E+03	-8,8047241E-2	7,8124995E+1	-1,3800339E-1	-1,9101427E-1	-2,2127294E-1	-2,9855410E-1	7,8124995E+1	-4,1943977E-1	0,0000000E+0	0,0000000E+0
3,0725225E+03	-8,9127576E-2	7,8124995E+1	-1,3873913E-1	-1,9182452E-1	-2,2185968E-1	-2,9867517E-1	7,8124995E+1	-4,1939321E-1	0,0000000E+0	0,0000000E+0
3,0742794E+03	-9,0245163E-2	7,8124995E+1	-1,3973565E-1	-1,9267203E-1	-2,2223221E-1	-2,9915014E-1	7,8124995E+1	-4,1955153E-1	0,0000000E+0	0,0000000E+0
3,0760344E+03	-9,1306871E-2	7,8124995E+1	-1,4058315E-1	-1,9341708E-1	-2,2257680E-1	-2,9968100E-1	7,8124995E+1	-4,1975642E-1	0,0000000E+0	0,0000000E+0
3,0777881E+03	-9,2284759E-2	7,8124995E+1	-1,4157035E-1	-1,9413420E-1	-2,2321009E-1	-3,0009078E-1	7,8124995E+1	-4,2001719E-1	0,0000000E+0	0,0000000E+0
3,0795449E+03	-9,3476852E-2	7,8124995E+1	-1,4252962E-1	-1,9492583E-1	-2,2355468E-1	-3,0044468E-1	7,8124995E+1	-4,2022208E-1	0,0000000E+0	0,0000000E+0
3,0812994E+03	-9,4408175E-2	7,8124995E+1	-1,4339575E-1	-1,9560569E-1	-2,2402966E-1	-3,0083584E-1	7,8124995E+1	-4,2040835E-1	0,0000000E+0	0,0000000E+0
3,0830540E+03	-9,5590955E-2	7,8124995E+1	-1,4428982E-1	-1,9630418E-1	-2,2445807E-1	-3,0108729E-1	7,8124995E+1	-4,2049217E-1	0,0000000E+0	0,0000000E+0
3,0848096E+03	-9,6568844E-2	7,8124995E+1	-1,4513732E-1	-1,9704924E-1	-2,2499823E-1	-3,0114317E-1	7,8124995E+1	-4,2073431E-1	0,0000000E+0	0,0000000E+0
3,0865648E+03	-9,7705057E-2	7,8124995E+1	-1,4589169E-1	-1,9765460E-1	-2,2540802E-1	-3,0136669E-1	7,8124995E+1	-4,2097646E-1	0,0000000E+0	0,0000000E+0
3,0883192E+03	-9,8738825E-2	7,8124995E+1	-1,4669263E-1	-1,9839035E-1	-2,2575261E-1	-3,0146914E-1	7,8124995E+1	-4,2096714E-1	0,0000000E+0	0,0000000E+0
3,0900727E+03	-9,9856412E-2	7,8124995E+1	-1,4746563E-1	-1,9897708E-1	-2,2613445E-1	-3,0172991E-1	7,8124995E+1	-4,2106027E-1	0,0000000E+0	0,0000000E+0
3,0918304E+03	-1,0096469E-1	7,8124995E+1	-1,4831313E-1	-1,9980596E-1	-2,2661874E-1	-3,0194411E-1	7,8124995E+1	-4,2115341E-1	0,0000000E+0	0,0000000E+0
3,0935862E+03	-1,0197983E-1	7,8124995E+1	-1,4920720E-1	-2,0043926E-1	-2,2704714E-1	-3,0230733E-1	7,8124995E+1	-4,2130242E-1	0,0000000E+0	0,0000000E+0
3,0953406E+03	-1,0320917E-1	7,8124995E+1	-1,5023165E-1	-2,0120294E-1	-2,2748487E-1	-3,0265192E-1	7,8124995E+1	-4,2119997E-1	0,0000000E+0	0,0000000E+0
3,0970955E+03	-1,0408462E-1	7,8124995E+1	-1,5103259E-1	-2,0195731E-1	-2,2798778E-1	-3,0294994E-1	7,8124995E+1	-4,2134898E-1	0,0000000E+0	0,0000000E+0
3,0988506E+03	-1,0517426E-1	7,8124995E+1	-1,5191735E-1	-2,0264649E-1	-2,2838825E-1	-3,0312689E-1	7,8124995E+1	-4,2151662E-1	0,0000000E+0	0,0000000E+0
3,1006061E+03	-1,0614284E-1	7,8124995E+1	-1,5279279E-1	-2,0338224E-1	-2,2878872E-1	-3,0335041E-1	7,8124995E+1	-4,2152594E-1	0,0000000E+0	0,0000000E+0
3,1023617E+03	-1,0738150E-1	7,8124995E+1	-1,5379862E-1	-2,0406210E-1	-2,2936614E-1	-3,0364843E-1	7,8124995E+1	-4,2182396E-1	0,0000000E+0	0,0000000E+0
3,1041166E+03	-1,0835007E-1	7,8124995E+1	-1,5454368E-1	-2,0464883E-1	-2,2970141E-1	-3,0405821E-1	7,8124995E+1	-4,2203816E-1	0,0000000E+0	0,0000000E+0
3,1058717E+03	-1,0941178E-1	7,8124995E+1	-1,5540049E-1	-2,0532870E-1	-2,3030677E-1	-3,0443074E-1	7,8124995E+1	-4,2214061E-1	0,0000000E+0	0,0000000E+0
3,1076268E+03	-1,1052006E-1	7,8124995E+1	-1,5638770E-1	-2,0610170E-1	-2,3066999E-1	-3,0484052E-1	7,8124995E+1	-4,2237344E-1	0,0000000E+0	0,0000000E+0
3,1093818E+03	-1,1151657E-1	7,8124995E+1	-1,5719795E-1	-2,0684676E-1	-2,3110771E-1	-3,0538069E-1	7,8124995E+1	-4,2263421E-1	0,0000000E+0	0,0000000E+0
3,1111367E+03	-1,1258759E-1	7,8124995E+1	-1,5802682E-1	-2,0746143E-1	-2,3168513E-1	-3,0571597E-1	7,8124995E+1	-4,2284841E-1	0,0000000E+0	0,0000000E+0
3,1128899E+03	-1,1361205E-1	7,8124995E+1	-1,5887433E-1	-2,0818786E-1	-2,3218804E-1	-3,0606987E-1	7,8124995E+1	-4,2316506E-1	0,0000000E+0	0,0000000E+0
3,1146441E+03	-1,1485071E-1	7,8124995E+1	-1,5975908E-1	-2,0887704E-1	-2,3262577E-1	-3,0650759E-1	7,8124995E+1	-4,2340721E-1	0,0000000E+0	0,0000000E+0
3,1163989E+03	-1,1577272E-1	7,8124995E+1	-1,6050414E-1	-2,0964072E-1	-2,3313799E-1	-3,0670317E-1	7,8124995E+1	-4,2364004E-1	0,0000000E+0	0,0000000E+0
3,1181515E+03	-1,1675992E-1	7,8124995E+1	-1,6136096E-1	-2,1019952E-1	-2,3345464E-1	-3,0661935E-1	7,8124995E+1	-4,2403119E-1	0,0000000E+0	0,0000000E+0
3,1199056E+03	-1,1755154E-1	7,8124995E+1	-1,6220846E-1	-2,1081419E-1	-2,3403206E-1	-3,0691737E-1	7,8124995E+1	-4,2435716E-1	0,0000000E+0	0,0000000E+0
3,1216597E+03	-1,1863188E-1	7,8124995E+1	-1,6301871E-1	-2,1154994E-1	-2,3448841E-1	-3,0692669E-1	7,8124995E+1	-4,2451548E-1	0,0000000E+0	0,0000000E+0
3,1234164E+03	-1,1963771E-1	7,8124995E+1	-1,6377308E-1	-2,1205285E-1	-2,3502858E-1	-3,0740166E-1	7,8124995E+1	-4,2495320E-1	0,0000000E+0	0,0000000E+0
3,1251703E+03	-1,2069941E-1	7,8124995E+1	-1,6468578E-1	-2,1293761E-1	-2,3532660E-1	-3,0780213E-1	7,8124995E+1	-4,2527917E-1	0,0000000E+0	0,0000000E+0
3,1269286E+03	-1,2174249E-1	7,8124995E+1	-1,6543084E-1	-2,1371060E-1	-2,3581089E-1	-3,0814672E-1	7,8124995E+1	-4,2553994E-1	0,0000000E+0	0,0000000E+0
3,1286844E+03	-1,2263656E-1	7,8124995E+1	-1,6630628E-1	-2,1424146E-1	-2,3623930E-1	-3,0858444E-1	7,8124995E+1	-4,2574483E-1	0,0000000E+0	0,0000000E+0
3,1304380E+03	-1,2371690E-1	7,8124995E+1	-1,6709791E-1	-2,1505171E-1	-2,3673290E-1	-3,0902216E-1	7,8124995E+1	-4,2593109E-1	0,0000000E+0	0,0000000E+0
3,1321920E+03	-1,2464822E-1	7,8124995E+1	-1,6791747E-1	-2,1568501E-1	-2,3717062E-1	-3,0932950E-1	7,8124995E+1	-4,2620118E-1	0,0000000E+0	0,0000000E+0
3,1339466E+03	-1,2563542E-1	7,8124995E+1	-1,6881154E-1	-2,1622518E-1	-2,3771079E-1	-3,0975791E-1	7,8124995E+1	-4,2648989E-1	0,0000000E+0	0,0000000E+0
3,1356997E+03	-1,2659469E-1	7,8124995E+1	-1,6951003E-1	-2,1690504E-1	-2,3807400E-1	-3,1011181E-1	7,8124995E+1	-4,2677860E-1	0,0000000E+0	0,0000000E+0
3,1374557E+03	-1,2755395E-1	7,8124995E+1	-1,7028303E-1	-2,1746383E-1	-2,3861417E-1	-3,1041915E-1	7,8124995E+1	-4,2687173E-1	0,0000000E+0	0,0000000E+0
3,1392114E+03	-1,2855046E-1	7,8124995E+1	-1,7104671E-1	-2,1817164E-1	-2,3901464E-1	-3,1069854E-1	7,8124995E+1	-4,2708593E-1	0,0000000E+0	0,0000000E+0
3,1409676E+03	-1,2959354E-1	7,8124995E+1	-1,7186628E-1	-2,1887013E-1	-2,3938717E-1	-3,1096863E-1	7,8124995E+1	-4,2733739E-1	0,0000000E+0	0,0000000E+0
3,1427225E+03	-1,3045036E-1	7,8124995E+1	-1,7255546E-1	-2,1952206E-1	-2,3991802E-1	-3,1137841E-1	7,8124995E+1	-4,2744915E-1	0,0000000E+0	0,0000000E+0
3,1444795E+03	-1,3130718E-1	7,8124995E+1	-1,7339365E-1	-2,2015536E-1	-2,4041162E-1	-3,1159261E-1	7,8124995E+1	-4,2778442E-1	0,0000000E+0	0,0000000E+0
3,1462359E+03	-1,3234095E-1	7,8124995E+1	-1,7413871E-1	-2,2076072E-1	-2,4080278E-1	-3,1186270E-1	7,8124995E+1	-4,2792412E-1	0,0000000E+0	0,0000000E+0
3,1479909E+03	-1,3324433E-1	7,8124995E+1	-1,7502346E-1	-2,2139402E-1	-2,4122187E-1	-3,1210484E-1	7,8124995E+1	-4,2801725E-1	0,0000000E+0	0,0000000E+0
3,1497464E+03	-1,3414771E-1	7,8124995E+1	-1,7574058E-1	-2,2203663E-1	-2,4165960E-1	-3,1240286E-1	7,8124995E+1	-4,2825009E-1	0,0000000E+0	0,0000000E+0
3,1515010E+03	-1,3511629E-1	7,8124995E+1	-1,7641113E-1	-2,2265130E-1	-2,4205075E-1	-3,1237492E-1	7,8124995E+1	-4,2843635E-1	0,0000000E+0	0,0000000E+0
3,1532548E+03	-1,3601967E-1	7,8124995E+1	-1,7725864E-1	-2,2318216E-1	-2,4243259E-1	-3,1262638E-1	7,8124995E+1	-4,2861330E-1	0,0000000E+0	0,0000000E+0
3,1550110E+03	-1,3689511E-1	7,8124995E+1	-1,7790125E-1	-2,2373164E-1	-2,4288894E-1	-3,1289646E-1	7,8124995E+1	-4,2884613E-1	0,0000000E+0	0,0000000E+0
3,1567657E+03	-1,3790094E-1	7,8124995E+1	-1,7855317E-1	-2,2429043E-1	-2,4318697E-1	-3,1328762E-1	7,8124995E+1	-4,2902308E-1	0,0000000E+0	0,0000000E+0
3,1585201E+03	-1,3881364E-1	7,8124995E+1	-1,7951244E-1	-2,2499823E-1	-2,4358743E-1	-3,1381847E-1	7,8124995E+1	-4,2913484E-1	0,0000000E+0	0,0000000E+0
3,1602743E+03	-1,3944694E-1	7,8124995E+1	-1,7994085E-1	-2,2553840E-1	-2,4400653E-1	-3,1331556E-1	7,8124995E+1	-4,2894858E-1	0,0000000E+0	0,0000000E+0
3,1620290E+03	-1,4023856E-1	7,8124995E+1	-1,8063934E-1	-2,2573398E-1	-2,4404378E-1	-3,1276608E-1	7,8124995E+1	-4,2770060E-1	0,0000000E+0	0,0000000E+0
3,1637829E+03	-1,4017337E-1	7,8124995E+1	-1,8103981E-1	-2,2623689E-1	-2,4405310E-1	-3,1260775E-1	7,8124995E+1	-4,2735602E-1	0,0000000E+0	0,0000000E+0
3,1655394E+03	-1,4040620E-1	7,8124995E+1	-1,8130058E-1	-2,2661874E-1	-2,4381095E-1	-3,0844474E-1	7,8124995E+1	-4,2747709E-1	0,0000000E+0	0,0000000E+0
3,1672945E+03	-1,3970771E-1	7,8124995E+1	-1,8172898E-1	-2,2697264E-1	-2,4399722E-1	-3,0891040E-1	7,8124995E+1	-4,2755159E-1	0,0000000E+0	0,0000000E+0
3,1690504E+03	-1,3962389E-1	7,8124995E+1	-1,8203632E-1	-2,2719616E-1	-2,4392271E-1	-3,0862169E-1	7,8124995E+1	-4,2784962E-1	0,0000000E+0	0,0000000E+0
3,1708047E+03	-1,4031307E-1	7,8124995E+1	-1,8255786E-1	-2,2746624E-1	-2,4382026E-1	-3,0669386E-1	7,8124995E+1	-4,2779374E-1	0,0000000E+0	0,0000000E+0
3,1725603E+03	-1,4139340E-1	7,8124995E+1	-1,8319116E-1	-2,2774564E-1	-2,4391340E-1	-3,0652622E-1	7,8124995E+1	-4,2809176E-1	0,0000000E+0	0,0000000E+0
3,1743127E+03	-1,4312566E-1	7,8124995E+1	-1,8381515E-1	-2,2823924E-1	-2,4399722E-1	-3,0771831E-1	7,8124995E+1	-4,2813833E-1	0,0000000E+0	0,0000000E+0
3,1760663E+03	-1,4494174E-1	7,8124995E+1	-1,8476510E-1	-2,2888185E-1	-2,4428593E-1	-3,0889178E-1	7,8124995E+1	-4,2840841E-1	0,0000000E+0	0,0000000E+0
3,1778207E+03	-1,4624559E-1	7,8124995E+1	-1,8546359E-1	-2,2934751E-1	-2,4473296E-1	-3,1008387E-1	7,8124995E+1	-4,2855742E-1	0,0000000E+0	0,0000000E+0
3,1795768E+03	-1,4721417E-1	7,8124995E+1	-1,8619002E-1	-2,2976661E-1	-2,4513343E-1	-3,1092206E-1	7,8124995E+1	-4,2876231E-1	0,0000000E+0	0,0000000E+0
3,1813335E+03	-1,4817343E-1	7,8124995E+1	-1,8675813E-1	-2,3032540E-1	-2,4550596E-1	-3,1177888E-1	7,8124995E+1	-4,2888338E-1	0,0000000E+0	0,0000000E+0
3,1830906E+03	-1,4882536E-1	7,8124995E+1	-1,8741937E-1	-2,3092145E-1	-2,4581329E-1	-3,1217003E-1	7,8124995E+1	-4,2896720E-1	0,0000000E+0	0,0000000E+0
3,1848446E+03	-1,4958904E-1	7,8124995E+1	-1,8797816E-1	-2,3135917E-1	-2,4626033E-1	-3,1244012E-1	7,8124995E+1	-4,2917209E-1	0,0000000E+0	0,0000000E+0
3,1865996E+03	-1,5003608E-1	7,8124995E+1	-1,8865803E-1	-2,3182483E-1	-2,4649316E-1	-3,1185338E-1	7,8124995E+1	-4,2920935E-1	0,0000000E+0	0,0000000E+0
3,1883553E+03	-1,5079976E-1	7,8124995E+1	-1,8924476E-1	-2,3229049E-1	-2,4689363E-1	-3,1176025E-1	7,8124995E+1	-4,2940493E-1	0,0000000E+0	0,0000000E+0
3,1901105E+03	-1,5129336E-1	7,8124995E+1	-1,8990600E-1	-2,3289585E-1	-2,4715440E-1	-3,1214209E-1	7,8124995E+1	-4,2947943E-1	0,0000000E+0	0,0000000E+0
3,1918665E+03	-1,5246683E-1	7,8124995E+1	-1,9043685E-1	-2,3311937E-1	-2,4745242E-1	-3,1306410E-1	7,8124995E+1	-4,2965638E-1	0,0000000E+0	0,0000000E+0
3,1936219E+03	-1,5345403E-1	7,8124995E+1	-1,9117260E-1	-2,3378992E-1	-2,4794602E-1	-3,1368809E-1	7,8124995E+1	-4,2970295E-1	0,0000000E+0	0,0000000E+0
3,1953768E+03	-1,5381725E-1	7,8124995E+1	-1,9158238E-1	-2,3423695E-1	-2,4814160E-1	-3,1350182E-1	7,8124995E+1	-4,2965638E-1	0,0000000E+0	0,0000000E+0
3,1971319E+03	-1,5468338E-1	7,8124995E+1	-1,9212255E-1	-2,3485163E-1	-2,4854207E-1	-3,1285921E-1	7,8124995E+1	-4,2987059E-1	0,0000000E+0	0,0000000E+0
3,1988862E+03	-1,5550294E-1	7,8124995E+1	-1,9288623E-1	-2,3527072E-1	-2,4876559E-1	-3,1298960E-1	7,8124995E+1	-4,3005685E-1	0,0000000E+0	0,0000000E+0
3,2006388E+03	-1,5649945E-1	7,8124995E+1	-1,9337983E-1	-2,3568982E-1	-2,4902636E-1	-3,1313861E-1	7,8124995E+1	-4,3021518E-1	0,0000000E+0	0,0000000E+0
3,2023939E+03	-1,5717932E-1	7,8124995E+1	-1,9412489E-1	-2,3634174E-1	-2,4940820E-1	-3,1323174E-1	7,8124995E+1	-4,3037350E-1	0,0000000E+0	0,0000000E+0
3,2041493E+03	-1,5795232E-1	7,8124995E+1	-1,9479544E-1	-2,3667702E-1	-2,4966897E-1	-3,1364152E-1	7,8124995E+1	-4,3049457E-1	0,0000000E+0	0,0000000E+0
3,2059046E+03	-1,5874394E-1	7,8124995E+1	-1,9552187E-1	-2,3734757E-1	-2,5018120E-1	-3,1427482E-1	7,8124995E+1	-4,3067152E-1	0,0000000E+0	0,0000000E+0
3,2076601E+03	-1,5974977E-1	7,8124995E+1	-1,9603410E-1	-2,3775735E-1	-2,5046059E-1	-3,1479636E-1	7,8124995E+1	-4,3095092E-1	0,0000000E+0	0,0000000E+0
3,2094140E+03	-1,6062521E-1	7,8124995E+1	-1,9672328E-1	-2,3835340E-1	-2,5087969E-1	-3,1537378E-1	7,8124995E+1	-4,3112787E-1	0,0000000E+0	0,0000000E+0
3,2111693E+03	-1,6161242E-1	7,8124995E+1	-1,9742177E-1	-2,3889357E-1	-2,5126153E-1	-3,1618403E-1	7,8124995E+1	-4,3125826E-1	0,0000000E+0	0,0000000E+0
3,2129255E+03	-1,6237610E-1	7,8124995E+1	-1,9813889E-1	-2,3938717E-1	-2,5174582E-1	-3,1674283E-1	7,8124995E+1	-4,3132345E-1	0,0000000E+0	0,0000000E+0
3,2146807E+03	-1,6315841E-1	7,8124995E+1	-1,9874425E-1	-2,3997390E-1	-2,5198796E-1	-3,1717123E-1	7,8124995E+1	-4,3152834E-1	0,0000000E+0	0,0000000E+0
3,2164336E+03	-1,6401523E-1	7,8124995E+1	-1,9937755E-1	-2,4043956E-1	-2,5240706E-1	-3,1747857E-1	7,8124995E+1	-4,3163079E-1	0,0000000E+0	0,0000000E+0
3,2181883E+03	-1,6480685E-1	7,8124995E+1	-1,9997360E-1	-2,4099836E-1	-2,5269577E-1	-3,1789767E-1	7,8124995E+1	-4,3172392E-1	0,0000000E+0	0,0000000E+0
3,2199463E+03	-1,6564504E-1	7,8124995E+1	-2,0070934E-1	-2,4148264E-1	-2,5306830E-1	-3,1825157E-1	7,8124995E+1	-4,3178911E-1	0,0000000E+0	0,0000000E+0
3,2217009E+03	-1,6638079E-1	7,8124995E+1	-2,0124019E-1	-2,4199487E-1	-2,5333838E-1	-3,1857753E-1	7,8124995E+1	-4,3192881E-1	0,0000000E+0	0,0000000E+0
3,2234546E+03	-1,6708859E-1	7,8124995E+1	-2,0182693E-1	-2,4259092E-1	-2,5375748E-1	-3,1876380E-1	7,8124995E+1	-4,3201263E-1	0,0000000E+0	0,0000000E+0
3,2252086E+03	-1,6786159E-1	7,8124995E+1	-2,0245091E-1	-2,4299139E-1	-2,5400893E-1	-3,1895937E-1	7,8124995E+1	-4,3198469E-1	0,0000000E+0	0,0000000E+0
3,2269657E+03	-1,6864390E-1	7,8124995E+1	-2,0311215E-1	-2,4355018E-1	-2,5452116E-1	-3,1921083E-1	7,8124995E+1	-4,3220821E-1	0,0000000E+0	0,0000000E+0
3,2287191E+03	-1,6934239E-1	7,8124995E+1	-2,0367095E-1	-2,4397859E-1	-2,5457704E-1	-3,1942504E-1	7,8124995E+1	-4,3213370E-1	0,0000000E+0	0,0000000E+0
3,2304737E+03	-1,7021784E-1	7,8124995E+1	-2,0430425E-1	-2,4452807E-1	-2,5498682E-1	-3,1971375E-1	7,8124995E+1	-4,3226409E-1	0,0000000E+0	0,0000000E+0
3,2322286E+03	-1,7074869E-1	7,8124995E+1	-2,0484441E-1	-2,4488197E-1	-2,5520103E-1	-3,1980688E-1	7,8124995E+1	-4,3239447E-1	0,0000000E+0	0,0000000E+0
3,2339845E+03	-1,7154032E-1	7,8124995E+1	-2,0537527E-1	-2,4544077E-1	-2,5558287E-1	-3,2000246E-1	7,8124995E+1	-4,3243172E-1	0,0000000E+0	0,0000000E+0
3,2357396E+03	-1,7221087E-1	7,8124995E+1	-2,0600857E-1	-2,4594368E-1	-2,5578776E-1	-3,2024460E-1	7,8124995E+1	-4,3245966E-1	0,0000000E+0	0,0000000E+0
3,2374966E+03	-1,7296524E-1	7,8124995E+1	-2,0669774E-1	-2,4637209E-1	-2,5613235E-1	-3,2047743E-1	7,8124995E+1	-4,3245966E-1	0,0000000E+0	0,0000000E+0
3,2392524E+03	-1,7376618E-1	7,8124995E+1	-2,0714478E-1	-2,4681912E-1	-2,5630930E-1	-3,2065438E-1	7,8124995E+1	-4,3259005E-1	0,0000000E+0	0,0000000E+0
3,2410107E+03	-1,7437154E-1	7,8124995E+1	-2,0779671E-1	-2,4729410E-1	-2,5666320E-1	-3,2090584E-1	7,8124995E+1	-4,3258074E-1	0,0000000E+0	0,0000000E+0
3,2427663E+03	-1,7498621E-1	7,8124995E+1	-2,0833687E-1	-2,4779701E-1	-2,5697054E-1	-3,2109210E-1	7,8124995E+1	-4,3268318E-1	0,0000000E+0	0,0000000E+0
3,2445228E+03	-1,7572195E-1	7,8124995E+1	-2,0885841E-1	-2,4827199E-1	-2,5706367E-1	-3,2114798E-1	7,8124995E+1	-4,3259936E-1	0,0000000E+0	0,0000000E+0
3,2462779E+03	-1,7573127E-1	7,8124995E+1	-2,0936133E-1	-2,4864452E-1	-2,5731513E-1	-3,2075683E-1	7,8124995E+1	-4,3279494E-1	0,0000000E+0	0,0000000E+0
3,2480328E+03	-1,7603860E-1	7,8124995E+1	-2,0951965E-1	-2,4911949E-1	-2,5755727E-1	-3,1995589E-1	7,8124995E+1	-4,3279494E-1	0,0000000E+0	0,0000000E+0
3,2497894E+03	-1,7659740E-1	7,8124995E+1	-2,1015295E-1	-2,4940820E-1	-2,5774354E-1	-3,1977894E-1	7,8124995E+1	-4,3302777E-1	0,0000000E+0	0,0000000E+0
3,2515426E+03	-1,7716550E-1	7,8124995E+1	-2,1058136E-1	-2,4979004E-1	-2,5792049E-1	-3,1985344E-1	7,8124995E+1	-4,3307434E-1	0,0000000E+0	0,0000000E+0
3,2532975E+03	-1,7755666E-1	7,8124995E+1	-2,1102839E-1	-2,5034884E-1	-2,5808813E-1	-3,1989070E-1	7,8124995E+1	-4,3332579E-1	0,0000000E+0	0,0000000E+0
3,2550530E+03	-1,7829240E-1	7,8124995E+1	-2,1167101E-1	-2,5046059E-1	-2,5829302E-1	-3,2014215E-1	7,8124995E+1	-4,3343755E-1	0,0000000E+0	0,0000000E+0
3,2568087E+03	-1,7965214E-1	7,8124995E+1	-2,1205285E-1	-2,5072137E-1	-2,5849791E-1	-3,2079408E-1	7,8124995E+1	-4,3357725E-1	0,0000000E+0	0,0000000E+0
3,2585622E+03	-1,8049964E-1	7,8124995E+1	-2,1273272E-1	-2,5132672E-1	-2,5876799E-1	-3,2136219E-1	7,8124995E+1	-4,3360519E-1	0,0000000E+0	0,0000000E+0
3,2603176E+03	-1,8134714E-1	7,8124995E+1	-2,1320769E-1	-2,5167131E-1	-2,5900082E-1	-3,2176266E-1	7,8124995E+1	-4,3370764E-1	0,0000000E+0	0,0000000E+0
3,2620742E+03	-1,8203632E-1	7,8124995E+1	-2,1374786E-1	-2,5209041E-1	-2,5925228E-1	-3,2223763E-1	7,8124995E+1	-4,3369832E-1	0,0000000E+0	0,0000000E+0
3,2638296E+03	-1,8236228E-1	7,8124995E+1	-2,1431596E-1	-2,5259332E-1	-2,5967138E-1	-3,2261947E-1	7,8124995E+1	-4,3380077E-1	0,0000000E+0	0,0000000E+0
3,2655843E+03	-1,8294902E-1	7,8124995E+1	-2,1475369E-1	-2,5304967E-1	-2,5993215E-1	-3,2289887E-1	7,8124995E+1	-4,3394047E-1	0,0000000E+0	0,0000000E+0
3,2673386E+03	-1,8346124E-1	7,8124995E+1	-2,1532179E-1	-2,5325456E-1	-2,6021154E-1	-3,2337384E-1	7,8124995E+1	-4,3406154E-1	0,0000000E+0	0,0000000E+0
3,2690926E+03	-1,8415042E-1	7,8124995E+1	-2,1585265E-1	-2,5375748E-1	-2,6058407E-1	-3,2333659E-1	7,8124995E+1	-4,3421055E-1	0,0000000E+0	0,0000000E+0
3,2708470E+03	-1,8475578E-1	7,8124995E+1	-2,1635556E-1	-2,5419520E-1	-2,6086347E-1	-3,2351354E-1	7,8124995E+1	-4,3430368E-1	0,0000000E+0	0,0000000E+0
3,2726024E+03	-1,8515625E-1	7,8124995E+1	-2,1678397E-1	-2,5461429E-1	-2,6113355E-1	-3,2361599E-1	7,8124995E+1	-4,3447132E-1	0,0000000E+0	0,0000000E+0
3,2743583E+03	-1,8577093E-1	7,8124995E+1	-2,1732414E-1	-2,5500545E-1	-2,6138501E-1	-3,2372775E-1	7,8124995E+1	-4,3446201E-1	0,0000000E+0	0,0000000E+0
3,2761130E+03	-1,8654392E-1	7,8124995E+1	-2,1805057E-1	-2,5530347E-1	-2,6159921E-1	-3,2386744E-1	7,8124995E+1	-4,3459239E-1	0,0000000E+0	0,0000000E+0
3,2778678E+03	-1,8725173E-1	7,8124995E+1	-2,1829271E-1	-2,5576913E-1	-2,6181342E-1	-3,2419341E-1	7,8124995E+1	-4,3465758E-1	0,0000000E+0	0,0000000E+0
3,2796221E+03	-1,8811786E-1	7,8124995E+1	-2,1887013E-1	-2,5610441E-1	-2,6213938E-1	-3,2441692E-1	7,8124995E+1	-4,3470415E-1	0,0000000E+0	0,0000000E+0
3,2813759E+03	-1,8891880E-1	7,8124995E+1	-2,1939167E-1	-2,5668183E-1	-2,6246534E-1	-3,2443555E-1	7,8124995E+1	-4,3474140E-1	0,0000000E+0	0,0000000E+0
3,2831303E+03	-1,8978493E-1	7,8124995E+1	-2,1995978E-1	-2,5699848E-1	-2,6256779E-1	-3,2476151E-1	7,8124995E+1	-4,3472278E-1	0,0000000E+0	0,0000000E+0
3,2848858E+03	-1,9054861E-1	7,8124995E+1	-2,2049063E-1	-2,5739895E-1	-2,6293100E-1	-3,2487327E-1	7,8124995E+1	-4,3484385E-1	0,0000000E+0	0,0000000E+0
3,2866425E+03	-1,9112603E-1	7,8124995E+1	-2,2103080E-1	-2,5791118E-1	-2,6309864E-1	-3,2497572E-1	7,8124995E+1	-4,3485316E-1	0,0000000E+0	0,0000000E+0
3,2883990E+03	-1,9173139E-1	7,8124995E+1	-2,2146852E-1	-2,5832096E-1	-2,6328491E-1	-3,2506885E-1	7,8124995E+1	-4,3495561E-1	0,0000000E+0	0,0000000E+0
3,2901565E+03	-1,9233675E-1	7,8124995E+1	-2,2211113E-1	-2,5887975E-1	-2,6350842E-1	-3,2534825E-1	7,8124995E+1	-4,3488110E-1	0,0000000E+0	0,0000000E+0
3,2919119E+03	-1,9298868E-1	7,8124995E+1	-2,2253954E-1	-2,5904739E-1	-2,6376920E-1	-3,2558108E-1	7,8124995E+1	-4,3484385E-1	0,0000000E+0	0,0000000E+0
3,2936663E+03	-1,9343571E-1	7,8124995E+1	-2,2307040E-1	-2,5954099E-1	-2,6417898E-1	-3,2577666E-1	7,8124995E+1	-4,3494629E-1	0,0000000E+0	0,0000000E+0
3,2954212E+03	-1,9360335E-1	7,8124995E+1	-2,2356400E-1	-2,5996940E-1	-2,6416035E-1	-3,2598155E-1	7,8124995E+1	-4,3459239E-1	0,0000000E+0	0,0000000E+0
3,2971749E+03	-1,9434841E-1	7,8124995E+1	-2,2412279E-1	-2,6026742E-1	-2,6457013E-1	-3,2599086E-1	7,8124995E+1	-4,3457377E-1	0,0000000E+0	0,0000000E+0
3,2989306E+03	-1,9504690E-1	7,8124995E+1	-2,2451395E-1	-2,6066789E-1	-2,6472846E-1	-3,2626094E-1	7,8124995E+1	-4,3434094E-1	0,0000000E+0	0,0000000E+0
3,3006859E+03	-1,9566157E-1	7,8124995E+1	-2,2495167E-1	-2,6109630E-1	-2,6491472E-1	-3,2644721E-1	7,8124995E+1	-4,3413604E-1	0,0000000E+0	0,0000000E+0
3,3024411E+03	-1,9635075E-1	7,8124995E+1	-2,2545458E-1	-2,6145020E-1	-2,6514755E-1	-3,2665210E-1	7,8124995E+1	-4,3427574E-1	0,0000000E+0	0,0000000E+0
3,3041942E+03	-1,9694680E-1	7,8124995E+1	-2,2581780E-1	-2,6174823E-1	-2,6539901E-1	-3,2678248E-1	7,8124995E+1	-4,3430368E-1	0,0000000E+0	0,0000000E+0
3,3059486E+03	-1,9758010E-1	7,8124995E+1	-2,2619033E-1	-2,6223251E-1	-2,6568772E-1	-3,2669867E-1	7,8124995E+1	-4,3424780E-1	0,0000000E+0	0,0000000E+0
3,3077029E+03	-1,9822271E-1	7,8124995E+1	-2,2671187E-1	-2,6254916E-1	-2,6588330E-1	-3,2696875E-1	7,8124995E+1	-4,3438750E-1	0,0000000E+0	0,0000000E+0
3,3094561E+03	-1,9887463E-1	7,8124995E+1	-2,2727997E-1	-2,6294032E-1	-2,6623720E-1	-3,2706188E-1	7,8124995E+1	-4,3441544E-1	0,0000000E+0	0,0000000E+0
3,3112120E+03	-1,9950793E-1	7,8124995E+1	-2,2765250E-1	-2,6334079E-1	-2,6657248E-1	-3,2719227E-1	7,8124995E+1	-4,3441544E-1	0,0000000E+0	0,0000000E+0
3,3129650E+03	-2,0009467E-1	7,8124995E+1	-2,2822992E-1	-2,6377851E-1	-2,6665630E-1	-3,2718295E-1	7,8124995E+1	-4,3444338E-1	0,0000000E+0	0,0000000E+0
3,3147211E+03	-2,0062552E-1	7,8124995E+1	-2,2863039E-1	-2,6417898E-1	-2,6684256E-1	-3,2725746E-1	7,8124995E+1	-4,3443407E-1	0,0000000E+0	0,0000000E+0
3,3164768E+03	-2,0124019E-1	7,8124995E+1	-2,2912399E-1	-2,6443975E-1	-2,6709402E-1	-3,2753686E-1	7,8124995E+1	-4,3435025E-1	0,0000000E+0	0,0000000E+0
3,3182312E+03	-2,0178967E-1	7,8124995E+1	-2,2960828E-1	-2,6485884E-1	-2,6741067E-1	-3,2760205E-1	7,8124995E+1	-4,3448063E-1	0,0000000E+0	0,0000000E+0
3,3199875E+03	-2,0232053E-1	7,8124995E+1	-2,2999944E-1	-2,6536176E-1	-2,6755968E-1	-3,2779763E-1	7,8124995E+1	-4,3438750E-1	0,0000000E+0	0,0000000E+0
3,3217426E+03	-2,0285138E-1	7,8124995E+1	-2,3052098E-1	-2,6558527E-1	-2,6784839E-1	-3,2791870E-1	7,8124995E+1	-4,3451789E-1	0,0000000E+0	0,0000000E+0
3,3234976E+03	-2,0343812E-1	7,8124995E+1	-2,3098664E-1	-2,6611613E-1	-2,6810916E-1	-3,2797458E-1	7,8124995E+1	-4,3455514E-1	0,0000000E+0	0,0000000E+0
3,3252538E+03	-2,0408073E-1	7,8124995E+1	-2,3154543E-1	-2,6637690E-1	-2,6836993E-1	-3,2811428E-1	7,8124995E+1	-4,3462033E-1	0,0000000E+0	0,0000000E+0
3,3270092E+03	-2,0462090E-1	7,8124995E+1	-2,3181552E-1	-2,6674011E-1	-2,6853757E-1	-3,2837505E-1	7,8124995E+1	-4,3456445E-1	0,0000000E+0	0,0000000E+0
3,3287645E+03	-2,0516106E-1	7,8124995E+1	-2,3238362E-1	-2,6718715E-1	-2,6863070E-1	-3,2857062E-1	7,8124995E+1	-4,3471346E-1	0,0000000E+0	0,0000000E+0
3,3305196E+03	-2,0574780E-1	7,8124995E+1	-2,3289585E-1	-2,6754105E-1	-2,6910567E-1	-3,2876620E-1	7,8124995E+1	-4,3476003E-1	0,0000000E+0	0,0000000E+0
3,3322747E+03	-2,0629728E-1	7,8124995E+1	-2,3321250E-1	-2,6790427E-1	-2,6917087E-1	-3,2882208E-1	7,8124995E+1	-4,3473209E-1	0,0000000E+0	0,0000000E+0
3,3340295E+03	-2,0684676E-1	7,8124995E+1	-2,3370610E-1	-2,6836062E-1	-2,6950614E-1	-3,2886865E-1	7,8124995E+1	-4,3471346E-1	0,0000000E+0	0,0000000E+0
3,3357840E+03	-2,0738692E-1	7,8124995E+1	-2,3413451E-1	-2,6852825E-1	-2,6983211E-1	-3,2905491E-1	7,8124995E+1	-4,3486248E-1	0,0000000E+0	0,0000000E+0
3,3375388E+03	-2,0793640E-1	7,8124995E+1	-2,3467468E-1	-2,6899392E-1	-2,6992524E-1	-3,2915736E-1	7,8124995E+1	-4,3490904E-1	0,0000000E+0	0,0000000E+0
3,3392921E+03	-2,0845794E-1	7,8124995E+1	-2,3521484E-1	-2,6944095E-1	-2,7010219E-1	-3,2928774E-1	7,8124995E+1	-4,3491836E-1	0,0000000E+0	0,0000000E+0
3,3410463E+03	-2,0910987E-1	7,8124995E+1	-2,3546630E-1	-2,6970172E-1	-2,7033502E-1	-3,2945538E-1	7,8124995E+1	-4,3501149E-1	0,0000000E+0	0,0000000E+0
3,3428002E+03	-2,0965004E-1	7,8124995E+1	-2,3610891E-1	-2,7015807E-1	-2,7067961E-1	-3,2952989E-1	7,8124995E+1	-4,3507668E-1	0,0000000E+0	0,0000000E+0
3,3445523E+03	-2,1021814E-1	7,8124995E+1	-2,3636968E-1	-2,7054922E-1	-2,7082862E-1	-3,2975340E-1	7,8124995E+1	-4,3504874E-1	0,0000000E+0	0,0000000E+0
3,3463069E+03	-2,1062793E-1	7,8124995E+1	-2,3686328E-1	-2,7079137E-1	-2,7105214E-1	-3,2985585E-1	7,8124995E+1	-4,3518844E-1	0,0000000E+0	0,0000000E+0
3,3480609E+03	-2,1120535E-1	7,8124995E+1	-2,3728238E-1	-2,7118252E-1	-2,7140604E-1	-3,3015387E-1	7,8124995E+1	-4,3515119E-1	0,0000000E+0	0,0000000E+0
3,3498153E+03	-2,1175483E-1	7,8124995E+1	-2,3779461E-1	-2,7152711E-1	-2,7144329E-1	-3,3034945E-1	7,8124995E+1	-4,3526294E-1	0,0000000E+0	0,0000000E+0
3,3515726E+03	-2,1226705E-1	7,8124995E+1	-2,3812057E-1	-2,7189033E-1	-2,7175994E-1	-3,3039602E-1	7,8124995E+1	-4,3533745E-1	0,0000000E+0	0,0000000E+0
3,3533269E+03	-2,1290035E-1	7,8124995E+1	-2,3854898E-1	-2,7213247E-1	-2,7200209E-1	-3,3052640E-1	7,8124995E+1	-4,3528157E-1	0,0000000E+0	0,0000000E+0
3,3550818E+03	-2,1338464E-1	7,8124995E+1	-2,3903327E-1	-2,7258882E-1	-2,7215110E-1	-3,3064747E-1	7,8124995E+1	-4,3533745E-1	0,0000000E+0	0,0000000E+0
3,3568387E+03	-2,1392481E-1	7,8124995E+1	-2,3953618E-1	-2,7296135E-1	-2,7230942E-1	-3,3063816E-1	7,8124995E+1	-4,3538402E-1	0,0000000E+0	0,0000000E+0
3,3585945E+03	-2,1440910E-1	7,8124995E+1	-2,3988077E-1	-2,7331525E-1	-2,7245844E-1	-3,3080580E-1	7,8124995E+1	-4,3553303E-1	0,0000000E+0	0,0000000E+0
3,3603514E+03	-2,1497720E-1	7,8124995E+1	-2,4029987E-1	-2,7377160E-1	-2,7275646E-1	-3,3107588E-1	7,8124995E+1	-4,3553303E-1	0,0000000E+0	0,0000000E+0
3,3621073E+03	-2,1548943E-1	7,8124995E+1	-2,4078415E-1	-2,7406962E-1	-2,7281234E-1	-3,3130871E-1	7,8124995E+1	-4,3554234E-1	0,0000000E+0	0,0000000E+0
3,3638621E+03	-2,1596440E-1	7,8124995E+1	-2,4124981E-1	-2,7435833E-1	-2,7318487E-1	-3,3138322E-1	7,8124995E+1	-4,3561685E-1	0,0000000E+0	0,0000000E+0
3,3656146E+03	-2,1654182E-1	7,8124995E+1	-2,4164097E-1	-2,7480537E-1	-2,7332457E-1	-3,3142978E-1	7,8124995E+1	-4,3553303E-1	0,0000000E+0	0,0000000E+0
3,3673690E+03	-2,1689573E-1	7,8124995E+1	-2,4205075E-1	-2,7502889E-1	-2,7348289E-1	-3,3148566E-1	7,8124995E+1	-4,3563547E-1	0,0000000E+0	0,0000000E+0
3,3691232E+03	-2,1741727E-1	7,8124995E+1	-2,4243259E-1	-2,7536416E-1	-2,7372503E-1	-3,3163468E-1	7,8124995E+1	-4,3558891E-1	0,0000000E+0	0,0000000E+0
3,3708787E+03	-2,1796675E-1	7,8124995E+1	-2,4291688E-1	-2,7582982E-1	-2,7392061E-1	-3,3155086E-1	7,8124995E+1	-4,3571929E-1	0,0000000E+0	0,0000000E+0
3,3726336E+03	-2,1858142E-1	7,8124995E+1	-2,4321490E-1	-2,7606265E-1	-2,7417207E-1	-3,3167193E-1	7,8124995E+1	-4,3566341E-1	0,0000000E+0	0,0000000E+0
3,3743887E+03	-2,1905640E-1	7,8124995E+1	-2,4382958E-1	-2,7646312E-1	-2,7438627E-1	-3,3193270E-1	7,8124995E+1	-4,3574723E-1	0,0000000E+0	0,0000000E+0
3,3761434E+03	-2,1951274E-1	7,8124995E+1	-2,4423005E-1	-2,7685428E-1	-2,7454460E-1	-3,3223072E-1	7,8124995E+1	-4,3570067E-1	0,0000000E+0	0,0000000E+0
3,3778967E+03	-2,2001566E-1	7,8124995E+1	-2,4451876E-1	-2,7708711E-1	-2,7480537E-1	-3,3248218E-1	7,8124995E+1	-4,3589624E-1	0,0000000E+0	0,0000000E+0
3,3796490E+03	-2,2050926E-1	7,8124995E+1	-2,4502167E-1	-2,7742239E-1	-2,7504751E-1	-3,3274295E-1	7,8124995E+1	-4,3589624E-1	0,0000000E+0	0,0000000E+0
3,3814027E+03	-2,2111462E-1	7,8124995E+1	-2,4541283E-1	-2,7789736E-1	-2,7513133E-1	-3,3271501E-1	7,8124995E+1	-4,3611045E-1	0,0000000E+0	0,0000000E+0
3,3831568E+03	-2,2139402E-1	7,8124995E+1	-2,4589711E-1	-2,7811156E-1	-2,7541073E-1	-3,3295715E-1	7,8124995E+1	-4,3630603E-1	0,0000000E+0	0,0000000E+0
3,3849137E+03	-2,2194350E-1	7,8124995E+1	-2,4621376E-1	-2,7846547E-1	-2,7568081E-1	-3,3311548E-1	7,8124995E+1	-4,3629671E-1	0,0000000E+0	0,0000000E+0
3,3866687E+03	-2,2249298E-1	7,8124995E+1	-2,4667011E-1	-2,7892181E-1	-2,7576463E-1	-3,3311548E-1	7,8124995E+1	-4,3644572E-1	0,0000000E+0	0,0000000E+0
3,3884255E+03	-2,2288413E-1	7,8124995E+1	-2,4694020E-1	-2,7907083E-1	-2,7594158E-1	-3,3323655E-1	7,8124995E+1	-4,3645504E-1	0,0000000E+0	0,0000000E+0
3,3901803E+03	-2,2332185E-1	7,8124995E+1	-2,4747105E-1	-2,7941542E-1	-2,7625823E-1	-3,3350663E-1	7,8124995E+1	-4,3658542E-1	0,0000000E+0	0,0000000E+0
3,3919383E+03	-2,2389927E-1	7,8124995E+1	-2,4773182E-1	-2,7968550E-1	-2,7654694E-1	-3,3359977E-1	7,8124995E+1	-4,3656680E-1	0,0000000E+0	0,0000000E+0
3,3936941E+03	-2,2425318E-1	7,8124995E+1	-2,4826267E-1	-2,7991833E-1	-2,7677977E-1	-3,3380466E-1	7,8124995E+1	-4,3661336E-1	0,0000000E+0	0,0000000E+0
3,3954477E+03	-2,2486785E-1	7,8124995E+1	-2,4878421E-1	-2,8046781E-1	-2,7699398E-1	-3,3395367E-1	7,8124995E+1	-4,3679031E-1	0,0000000E+0	0,0000000E+0
3,3972024E+03	-2,2552909E-1	7,8124995E+1	-2,4905430E-1	-2,8062613E-1	-2,7716161E-1	-3,3387916E-1	7,8124995E+1	-4,3673443E-1	0,0000000E+0	0,0000000E+0
3,3989557E+03	-2,2584574E-1	7,8124995E+1	-2,4931507E-1	-2,8103592E-1	-2,7724543E-1	-3,3408405E-1	7,8124995E+1	-4,3687413E-1	0,0000000E+0	0,0000000E+0
3,4007108E+03	-2,2645110E-1	7,8124995E+1	-2,4975279E-1	-2,8137119E-1	-2,7759934E-1	-3,3447521E-1	7,8124995E+1	-4,3660405E-1	0,0000000E+0	0,0000000E+0
3,4024653E+03	-2,2639522E-1	7,8124995E+1	-2,4973416E-1	-2,8149226E-1	-2,7772041E-1	-3,3427963E-1	7,8124995E+1	-4,3646435E-1	0,0000000E+0	0,0000000E+0
3,4042217E+03	-2,2673049E-1	7,8124995E+1	-2,5033021E-1	-2,8183685E-1	-2,7773903E-1	-3,3432620E-1	7,8124995E+1	-4,3636191E-1	0,0000000E+0	0,0000000E+0
3,4059760E+03	-2,2714959E-1	7,8124995E+1	-2,5055373E-1	-2,8196724E-1	-2,7795324E-1	-3,3423307E-1	7,8124995E+1	-4,3631534E-1	0,0000000E+0	0,0000000E+0
3,4077307E+03	-2,2763388E-1	7,8124995E+1	-2,5086106E-1	-2,8223732E-1	-2,7797187E-1	-3,3436345E-1	7,8124995E+1	-4,3602663E-1	0,0000000E+0	0,0000000E+0
3,4094858E+03	-2,2764319E-1	7,8124995E+1	-2,5131741E-1	-2,8245153E-1	-2,7820470E-1	-3,3442864E-1	7,8124995E+1	-4,3566341E-1	0,0000000E+0	0,0000000E+0
3,4112402E+03	-2,2766182E-1	7,8124995E+1	-2,5160612E-1	-2,8271230E-1	-2,7813019E-1	-3,3408405E-1	7,8124995E+1	-4,3565410E-1	0,0000000E+0	0,0000000E+0
3,4129950E+03	-2,2820198E-1	7,8124995E+1	-2,5170857E-1	-2,8287994E-1	-2,7839096E-1	-3,3402817E-1	7,8124995E+1	-4,3566341E-1	0,0000000E+0	0,0000000E+0
3,4147492E+03	-2,2881666E-1	7,8124995E+1	-2,5198796E-1	-2,8314071E-1	-2,7846547E-1	-3,3404680E-1	7,8124995E+1	-4,3563547E-1	0,0000000E+0	0,0000000E+0
3,4165046E+03	-2,2941270E-1	7,8124995E+1	-2,5236981E-1	-2,8344804E-1	-2,7852135E-1	-3,3438208E-1	7,8124995E+1	-4,3558891E-1	0,0000000E+0	0,0000000E+0
3,4182606E+03	-2,2989699E-1	7,8124995E+1	-2,5284478E-1	-2,8372744E-1	-2,7871692E-1	-3,3430757E-1	7,8124995E+1	-4,3560753E-1	0,0000000E+0	0,0000000E+0
3,4200152E+03	-2,3061411E-1	7,8124995E+1	-2,5306830E-1	-2,8380195E-1	-2,7878212E-1	-3,3432620E-1	7,8124995E+1	-4,3567273E-1	0,0000000E+0	0,0000000E+0
3,4217703E+03	-2,3112634E-1	7,8124995E+1	-2,5348739E-1	-2,8427692E-1	-2,7900563E-1	-3,3445658E-1	7,8124995E+1	-4,3574723E-1	0,0000000E+0	0,0000000E+0
3,4235272E+03	-2,3148024E-1	7,8124995E+1	-2,5391580E-1	-2,8441662E-1	-2,7929434E-1	-3,3446590E-1	7,8124995E+1	-4,3569135E-1	0,0000000E+0	0,0000000E+0
3,4252826E+03	-2,3205766E-1	7,8124995E+1	-2,5430696E-1	-2,8477052E-1	-2,7949923E-1	-3,3458697E-1	7,8124995E+1	-4,3568204E-1	0,0000000E+0	0,0000000E+0
3,4270362E+03	-2,3230912E-1	7,8124995E+1	-2,5459567E-1	-2,8505923E-1	-2,7971344E-1	-3,3459628E-1	7,8124995E+1	-4,3576586E-1	0,0000000E+0	0,0000000E+0
3,4287924E+03	-2,3266302E-1	7,8124995E+1	-2,5494957E-1	-2,8536657E-1	-2,7998352E-1	-3,3480117E-1	7,8124995E+1	-4,3581242E-1	0,0000000E+0	0,0000000E+0
3,4305496E+03	-2,3308211E-1	7,8124995E+1	-2,5531279E-1	-2,8578566E-1	-2,8016047E-1	-3,3520164E-1	7,8124995E+1	-4,3598938E-1	0,0000000E+0	0,0000000E+0
3,4323037E+03	-2,3342670E-1	7,8124995E+1	-2,5569463E-1	-2,8593467E-1	-2,8041193E-1	-3,3530409E-1	7,8124995E+1	-4,3595212E-1	0,0000000E+0	0,0000000E+0
3,4340607E+03	-2,3389237E-1	7,8124995E+1	-2,5595540E-1	-2,8617682E-1	-2,8051438E-1	-3,3548104E-1	7,8124995E+1	-4,3600800E-1	0,0000000E+0	0,0000000E+0
3,4358161E+03	-2,3431146E-1	7,8124995E+1	-2,5633724E-1	-2,8651209E-1	-2,8073789E-1	-3,3539722E-1	7,8124995E+1	-4,3606388E-1	0,0000000E+0	0,0000000E+0
3,4375735E+03	-2,3480506E-1	7,8124995E+1	-2,5670046E-1	-2,8677286E-1	-2,8084965E-1	-3,3551829E-1	7,8124995E+1	-4,3608251E-1	0,0000000E+0	0,0000000E+0
3,4393287E+03	-2,3507515E-1	7,8124995E+1	-2,5708230E-1	-2,8701501E-1	-2,8105454E-1	-3,3563005E-1	7,8124995E+1	-4,3632465E-1	0,0000000E+0	0,0000000E+0
3,4410835E+03	-2,3543836E-1	7,8124995E+1	-2,5731513E-1	-2,8731303E-1	-2,8124081E-1	-3,3587219E-1	7,8124995E+1	-4,3625015E-1	0,0000000E+0	0,0000000E+0
3,4428406E+03	-2,3581089E-1	7,8124995E+1	-2,5767835E-1	-2,8751792E-1	-2,8135257E-1	-3,3583494E-1	7,8124995E+1	-4,3631534E-1	0,0000000E+0	0,0000000E+0
3,4445960E+03	-2,3616479E-1	7,8124995E+1	-2,5792980E-1	-2,8779732E-1	-2,8153883E-1	-3,3590945E-1	7,8124995E+1	-4,3636191E-1	0,0000000E+0	0,0000000E+0
3,4463513E+03	-2,3643488E-1	7,8124995E+1	-2,5833958E-1	-2,8801152E-1	-2,8161334E-1	-3,3601189E-1	7,8124995E+1	-4,3648298E-1	0,0000000E+0	0,0000000E+0
3,4481057E+03	-2,3666771E-1	7,8124995E+1	-2,5864692E-1	-2,8836543E-1	-2,8190205E-1	-3,3603983E-1	7,8124995E+1	-4,3662268E-1	0,0000000E+0	0,0000000E+0
3,4498600E+03	-2,3678878E-1	7,8124995E+1	-2,5893563E-1	-2,8870070E-1	-2,8204175E-1	-3,3602120E-1	7,8124995E+1	-4,3652954E-1	0,0000000E+0	0,0000000E+0
3,4516156E+03	-2,3700298E-1	7,8124995E+1	-2,5930816E-1	-2,8881246E-1	-2,8233977E-1	-3,3601189E-1	7,8124995E+1	-4,3668787E-1	0,0000000E+0	0,0000000E+0
3,4533720E+03	-2,3727307E-1	7,8124995E+1	-2,5962481E-1	-2,8905460E-1	-2,8250741E-1	-3,3590013E-1	7,8124995E+1	-4,3674375E-1	0,0000000E+0	0,0000000E+0
3,4551288E+03	-2,3771079E-1	7,8124995E+1	-2,5996940E-1	-2,8933400E-1	-2,8273092E-1	-3,3629129E-1	7,8124995E+1	-4,3690207E-1	0,0000000E+0	0,0000000E+0
3,4568843E+03	-2,3816714E-1	7,8124995E+1	-2,6020223E-1	-2,8954821E-1	-2,8290788E-1	-3,3651481E-1	7,8124995E+1	-4,3699520E-1	0,0000000E+0	0,0000000E+0
3,4586417E+03	-2,3867936E-1	7,8124995E+1	-2,6058407E-1	-2,8977172E-1	-2,8300101E-1	-3,3668244E-1	7,8124995E+1	-4,3698589E-1	0,0000000E+0	0,0000000E+0
3,4603973E+03	-2,3927541E-1	7,8124995E+1	-2,6086347E-1	-2,9007906E-1	-2,8318727E-1	-3,3671970E-1	7,8124995E+1	-4,3701383E-1	0,0000000E+0	0,0000000E+0
3,4621523E+03	-2,3993665E-1	7,8124995E+1	-2,6115218E-1	-2,9028395E-1	-2,8331766E-1	-3,3684077E-1	7,8124995E+1	-4,3692070E-1	0,0000000E+0	0,0000000E+0
3,4639050E+03	-2,4051407E-1	7,8124995E+1	-2,6142226E-1	-2,9060060E-1	-2,8345736E-1	-3,3697115E-1	7,8124995E+1	-4,3706040E-1	0,0000000E+0	0,0000000E+0
3,4656587E+03	-2,4090522E-1	7,8124995E+1	-2,6168303E-1	-2,9070305E-1	-2,8389508E-1	-3,3724124E-1	7,8124995E+1	-4,3699520E-1	0,0000000E+0	0,0000000E+0
3,4674121E+03	-2,4132432E-1	7,8124995E+1	-2,6210213E-1	-2,9101970E-1	-2,8388576E-1	-3,3730643E-1	7,8124995E+1	-4,3694864E-1	0,0000000E+0	0,0000000E+0
3,4691664E+03	-2,4176204E-1	7,8124995E+1	-2,6242809E-1	-2,9122459E-1	-2,8406272E-1	-3,3766965E-1	7,8124995E+1	-4,3693933E-1	0,0000000E+0	0,0000000E+0
3,4709225E+03	-2,4214388E-1	7,8124995E+1	-2,6267023E-1	-2,9143879E-1	-2,8425829E-1	-3,3765102E-1	7,8124995E+1	-4,3698589E-1	0,0000000E+0	0,0000000E+0
3,4726757E+03	-2,4254435E-1	7,8124995E+1	-2,6288444E-1	-2,9163437E-1	-2,8434211E-1	-3,3793042E-1	7,8124995E+1	-4,3706040E-1	0,0000000E+0	0,0000000E+0
3,4744315E+03	-2,4298207E-1	7,8124995E+1	-2,6323834E-1	-2,9198827E-1	-2,8450975E-1	-3,3789316E-1	7,8124995E+1	-4,3713490E-1	0,0000000E+0	0,0000000E+0
3,4761883E+03	-2,4345705E-1	7,8124995E+1	-2,6345255E-1	-2,9225835E-1	-2,8465876E-1	-3,3801424E-1	7,8124995E+1	-4,3707902E-1	0,0000000E+0	0,0000000E+0
3,4779459E+03	-2,4374576E-1	7,8124995E+1	-2,6400203E-1	-2,9244462E-1	-2,8494747E-1	-3,3832157E-1	7,8124995E+1	-4,3700452E-1	0,0000000E+0	0,0000000E+0
3,4797032E+03	-2,4449082E-1	7,8124995E+1	-2,6414172E-1	-2,9267745E-1	-2,8496610E-1	-3,3840539E-1	7,8124995E+1	-4,3713490E-1	0,0000000E+0	0,0000000E+0
3,4814575E+03	-2,4458395E-1	7,8124995E+1	-2,6450494E-1	-2,9289165E-1	-2,8520824E-1	-3,3872204E-1	7,8124995E+1	-4,3708834E-1	0,0000000E+0	0,0000000E+0
3,4832117E+03	-2,4507755E-1	7,8124995E+1	-2,6463533E-1	-2,9301273E-1	-2,8529206E-1	-3,3874998E-1	7,8124995E+1	-4,3698589E-1	0,0000000E+0	0,0000000E+0
3,4849663E+03	-2,4499373E-1	7,8124995E+1	-2,6484953E-1	-2,9318968E-1	-2,8531069E-1	-3,3875929E-1	7,8124995E+1	-4,3686482E-1	0,0000000E+0	0,0000000E+0
3,4867207E+03	-2,4558978E-1	7,8124995E+1	-2,6515687E-1	-2,9327350E-1	-2,8542245E-1	-3,3862891E-1	7,8124995E+1	-4,3683688E-1	0,0000000E+0	0,0000000E+0
3,4884787E+03	-2,4611132E-1	7,8124995E+1	-2,6528725E-1	-2,9345976E-1	-2,8553421E-1	-3,3881517E-1	7,8124995E+1	-4,3679963E-1	0,0000000E+0	0,0000000E+0
3,4902319E+03	-2,4612994E-1	7,8124995E+1	-2,6555733E-1	-2,9380435E-1	-2,8561802E-1	-3,3893624E-1	7,8124995E+1	-4,3692070E-1	0,0000000E+0	0,0000000E+0
3,4919867E+03	-2,4622308E-1	7,8124995E+1	-2,6574360E-1	-2,9388817E-1	-2,8585085E-1	-3,3888037E-1	7,8124995E+1	-4,3685551E-1	0,0000000E+0	0,0000000E+0
3,4937425E+03	-2,4637209E-1	7,8124995E+1	-2,6592055E-1	-2,9410237E-1	-2,8596261E-1	-3,3906663E-1	7,8124995E+1	-4,3673443E-1	0,0000000E+0	0,0000000E+0
3,4954972E+03	-2,4640934E-1	7,8124995E+1	-2,6628377E-1	-2,9454010E-1	-2,8615819E-1	-3,3909457E-1	7,8124995E+1	-4,3669718E-1	0,0000000E+0	0,0000000E+0
3,4972538E+03	-2,4661423E-1	7,8124995E+1	-2,6642346E-1	-2,9464254E-1	-2,8612094E-1	-3,3901075E-1	7,8124995E+1	-4,3682757E-1	0,0000000E+0	0,0000000E+0
3,4990076E+03	-2,4699607E-1	7,8124995E+1	-2,6682393E-1	-2,9486606E-1	-2,8629789E-1	-3,3906663E-1	7,8124995E+1	-4,3681825E-1	0,0000000E+0	0,0000000E+0
3,5007633E+03	-2,4737792E-1	7,8124995E+1	-2,6702882E-1	-2,9501507E-1	-2,8646553E-1	-3,3910388E-1	7,8124995E+1	-4,3688345E-1	0,0000000E+0	0,0000000E+0
3,5025187E+03	-2,4784358E-1	7,8124995E+1	-2,6724303E-1	-2,9520133E-1	-2,8653072E-1	-3,3925289E-1	7,8124995E+1	-4,3693001E-1	0,0000000E+0	0,0000000E+0
3,5042735E+03	-2,4831855E-1	7,8124995E+1	-2,6756899E-1	-2,9555524E-1	-2,8677286E-1	-3,3923427E-1	7,8124995E+1	-4,3681825E-1	0,0000000E+0	0,0000000E+0
3,5060282E+03	-2,4877490E-1	7,8124995E+1	-2,6787633E-1	-2,9554592E-1	-2,8673561E-1	-3,3941122E-1	7,8124995E+1	-4,3682757E-1	0,0000000E+0	0,0000000E+0
3,5077839E+03	-2,4873765E-1	7,8124995E+1	-2,6796015E-1	-2,9581601E-1	-2,8703363E-1	-3,3924358E-1	7,8124995E+1	-4,3692070E-1	0,0000000E+0	0,0000000E+0
3,5095402E+03	-2,4926850E-1	7,8124995E+1	-2,6801603E-1	-2,9592777E-1	-2,8696844E-1	-3,3834951E-1	7,8124995E+1	-4,3694864E-1	0,0000000E+0	0,0000000E+0
3,5112952E+03	-2,4932438E-1	7,8124995E+1	-2,6811847E-1	-2,9610472E-1	-2,8685668E-1	-3,3814462E-1	7,8124995E+1	-4,3685551E-1	0,0000000E+0	0,0000000E+0
3,5130513E+03	-2,4904498E-1	7,8124995E+1	-2,6829542E-1	-2,9616991E-1	-2,8708020E-1	-3,3791179E-1	7,8124995E+1	-4,3687413E-1	0,0000000E+0	0,0000000E+0
3,5148073E+03	-2,4955721E-1	7,8124995E+1	-2,6854688E-1	-2,9633755E-1	-2,8717333E-1	-3,3819119E-1	7,8124995E+1	-4,3692070E-1	0,0000000E+0	0,0000000E+0
3,5165611E+03	-2,4998562E-1	7,8124995E+1	-2,6880765E-1	-2,9636549E-1	-2,8722921E-1	-3,3856372E-1	7,8124995E+1	-4,3707902E-1	0,0000000E+0	0,0000000E+0
3,5183176E+03	-2,5047922E-1	7,8124995E+1	-2,6893804E-1	-2,9656107E-1	-2,8737822E-1	-3,3885243E-1	7,8124995E+1	-4,3693001E-1	0,0000000E+0	0,0000000E+0
3,5200728E+03	-2,5053510E-1	7,8124995E+1	-2,6926400E-1	-2,9668214E-1	-2,8743410E-1	-3,3905732E-1	7,8124995E+1	-4,3703246E-1	0,0000000E+0	0,0000000E+0
3,5218270E+03	-2,5042334E-1	7,8124995E+1	-2,6959927E-1	-2,9697085E-1	-2,8741548E-1	-3,3922495E-1	7,8124995E+1	-4,3704177E-1	0,0000000E+0	0,0000000E+0
3,5235846E+03	-2,5068411E-1	7,8124995E+1	-2,6975760E-1	-2,9706398E-1	-2,8760174E-1	-3,3939259E-1	7,8124995E+1	-4,3696726E-1	0,0000000E+0	0,0000000E+0
3,5253393E+03	-2,5098214E-1	7,8124995E+1	-2,7001837E-1	-2,9721299E-1	-2,8772281E-1	-3,3946710E-1	7,8124995E+1	-4,3713490E-1	0,0000000E+0	0,0000000E+0
3,5270945E+03	-2,5134535E-1	7,8124995E+1	-2,7020463E-1	-2,9736200E-1	-2,8770419E-1	-3,3950435E-1	7,8124995E+1	-4,3702314E-1	0,0000000E+0	0,0000000E+0
3,5288505E+03	-2,4809504E-1	7,8124995E+1	-2,7011150E-1	-2,9748307E-1	-2,8759243E-1	-3,3763239E-1	7,8124995E+1	-4,3702314E-1	0,0000000E+0	0,0000000E+0
3,5306045E+03	-2,4719165E-1	7,8124995E+1	-2,6976691E-1	-2,9759483E-1	-2,8759243E-1	-3,3564868E-1	7,8124995E+1	-4,3716284E-1	0,0000000E+0	0,0000000E+0
3,5323597E+03	-2,4871902E-1	7,8124995E+1	-2,6960859E-1	-2,9747376E-1	-2,8706157E-1	-3,3498744E-1	7,8124995E+1	-4,3720941E-1	0,0000000E+0	0,0000000E+0
3,5341155E+03	-2,5056304E-1	7,8124995E+1	-2,6999974E-1	-2,9744582E-1	-2,8695913E-1	-3,3591876E-1	7,8124995E+1	-4,3727460E-1	0,0000000E+0	0,0000000E+0
3,5358714E+03	-2,5167131E-1	7,8124995E+1	-2,7025120E-1	-2,9760415E-1	-2,8680080E-1	-3,3678489E-1	7,8124995E+1	-4,3735842E-1	0,0000000E+0	0,0000000E+0
3,5376265E+03	-2,5238843E-1	7,8124995E+1	-2,7058648E-1	-2,9784629E-1	-2,8689394E-1	-3,3719467E-1	7,8124995E+1	-4,3716284E-1	0,0000000E+0	0,0000000E+0
3,5393821E+03	-2,5204384E-1	7,8124995E+1	-2,7073549E-1	-2,9777178E-1	-2,8700569E-1	-3,3771621E-1	7,8124995E+1	-4,3681825E-1	0,0000000E+0	0,0000000E+0
3,5411385E+03	-2,5236981E-1	7,8124995E+1	-2,7080068E-1	-2,9795805E-1	-2,8693119E-1	-3,3812599E-1	7,8124995E+1	-4,3593350E-1	0,0000000E+0	0,0000000E+0
3,5428952E+03	-2,5274234E-1	7,8124995E+1	-2,7108939E-1	-2,9814431E-1	-2,8714539E-1	-3,3835882E-1	7,8124995E+1	-4,3534676E-1	0,0000000E+0	0,0000000E+0
3,5446504E+03	-2,5227667E-1	7,8124995E+1	-2,7130360E-1	-2,9828401E-1	-2,8727578E-1	-3,3861960E-1	7,8124995E+1	-4,3502080E-1	0,0000000E+0	0,0000000E+0
3,5464064E+03	-2,5327319E-1	7,8124995E+1	-2,7154574E-1	-2,9830264E-1	-2,8737822E-1	-3,3869410E-1	7,8124995E+1	-4,3505805E-1	0,0000000E+0	0,0000000E+0
3,5481624E+03	-2,5400893E-1	7,8124995E+1	-2,7163887E-1	-2,9844234E-1	-2,8748067E-1	-3,3864753E-1	7,8124995E+1	-4,3478797E-1	0,0000000E+0	0,0000000E+0
3,5499195E+03	-2,5472605E-1	7,8124995E+1	-2,7183445E-1	-2,9853547E-1	-2,8758311E-1	-3,3835882E-1	7,8124995E+1	-4,3491836E-1	0,0000000E+0	0,0000000E+0
3,5516740E+03	-2,5482850E-1	7,8124995E+1	-2,7211385E-1	-2,9880555E-1	-2,8770419E-1	-3,3865685E-1	7,8124995E+1	-4,3491836E-1	0,0000000E+0	0,0000000E+0
3,5534294E+03	-2,5494026E-1	7,8124995E+1	-2,7230011E-1	-2,9902907E-1	-2,8789045E-1	-3,3862891E-1	7,8124995E+1	-4,3486248E-1	0,0000000E+0	0,0000000E+0
3,5551844E+03	-2,5453979E-1	7,8124995E+1	-2,7242118E-1	-2,9915946E-1	-2,8798358E-1	-3,3885243E-1	7,8124995E+1	-4,3486248E-1	0,0000000E+0	0,0000000E+0
3,5569390E+03	-2,5409275E-1	7,8124995E+1	-2,7269127E-1	-2,9930847E-1	-2,8808603E-1	-3,3801424E-1	7,8124995E+1	-4,3511393E-1	0,0000000E+0	0,0000000E+0
3,5586926E+03	-2,5372954E-1	7,8124995E+1	-2,7279371E-1	-2,9942954E-1	-2,8801152E-1	-3,3741819E-1	7,8124995E+1	-4,3518844E-1	0,0000000E+0	0,0000000E+0
3,5604477E+03	-2,5386924E-1	7,8124995E+1	-2,7301723E-1	-2,9965306E-1	-2,8816985E-1	-3,3763239E-1	7,8124995E+1	-4,3532814E-1	0,0000000E+0	0,0000000E+0
3,5622016E+03	-2,5512652E-1	7,8124995E+1	-2,7328731E-1	-2,9979275E-1	-2,8828161E-1	-3,3798630E-1	7,8124995E+1	-4,3539333E-1	0,0000000E+0	0,0000000E+0
3,5639565E+03	-2,5520103E-1	7,8124995E+1	-2,7323143E-1	-2,9978344E-1	-2,8844925E-1	-3,3781866E-1	7,8124995E+1	-4,3536539E-1	0,0000000E+0	0,0000000E+0
3,5657115E+03	-2,5605784E-1	7,8124995E+1	-2,7352946E-1	-3,0008146E-1	-2,8848650E-1	-3,3795836E-1	7,8124995E+1	-4,3561685E-1	0,0000000E+0	0,0000000E+0
3,5674665E+03	-2,5663526E-1	7,8124995E+1	-2,7371572E-1	-3,0016528E-1	-2,8853306E-1	-3,3844264E-1	7,8124995E+1	-4,3578449E-1	0,0000000E+0	0,0000000E+0
3,5692219E+03	-2,5719406E-1	7,8124995E+1	-2,7400443E-1	-3,0044468E-1	-2,8863551E-1	-3,3888968E-1	7,8124995E+1	-4,3581242E-1	0,0000000E+0	0,0000000E+0
3,5709755E+03	-2,5703573E-1	7,8124995E+1	-2,7386473E-1	-3,0053781E-1	-2,8864482E-1	-3,3865685E-1	7,8124995E+1	-4,3499286E-1	0,0000000E+0	0,0000000E+0
3,5727313E+03	-2,5815332E-1	7,8124995E+1	-2,7396718E-1	-3,0059369E-1	-2,8870070E-1	-3,3785591E-1	7,8124995E+1	-4,3452720E-1	0,0000000E+0	0,0000000E+0
3,5744881E+03	-2,5848860E-1	7,8124995E+1	-2,7421864E-1	-3,0061232E-1	-2,8867276E-1	-3,3812599E-1	7,8124995E+1	-4,3402429E-1	0,0000000E+0	0,0000000E+0
3,5762443E+03	-2,5928022E-1	7,8124995E+1	-2,7435833E-1	-3,0056575E-1	-2,8852375E-1	-3,3713879E-1	7,8124995E+1	-4,3333511E-1	0,0000000E+0	0,0000000E+0
3,5780007E+03	-2,5943855E-1	7,8124995E+1	-2,7439559E-1	-3,0063095E-1	-2,8849581E-1	-3,3775347E-1	7,8124995E+1	-4,3251554E-1	0,0000000E+0	0,0000000E+0
3,5797556E+03	-2,5847928E-1	7,8124995E+1	-2,7456322E-1	-3,0053781E-1	-2,8827229E-1	-3,3803286E-1	7,8124995E+1	-4,3184499E-1	0,0000000E+0	0,0000000E+0
3,5815111E+03	-2,5797637E-1	7,8124995E+1	-2,7470292E-1	-3,0051919E-1	-2,8809534E-1	-3,3811668E-1	7,8124995E+1	-4,3139796E-1	0,0000000E+0	0,0000000E+0
3,5832662E+03	-2,5783667E-1	7,8124995E+1	-2,7487056E-1	-3,0060301E-1	-2,8814191E-1	-3,3804218E-1	7,8124995E+1	-4,3109062E-1	0,0000000E+0	0,0000000E+0
3,5850223E+03	-2,5849791E-1	7,8124995E+1	-2,7502889E-1	-3,0076133E-1	-2,8802084E-1	-3,3819119E-1	7,8124995E+1	-4,3101611E-1	0,0000000E+0	0,0000000E+0
3,5867765E+03	-2,5867486E-1	7,8124995E+1	-2,7517790E-1	-3,0095691E-1	-2,8814191E-1	-3,3830295E-1	7,8124995E+1	-4,3086710E-1	0,0000000E+0	0,0000000E+0
3,5885313E+03	-2,5882387E-1	7,8124995E+1	-2,7538279E-1	-3,0091966E-1	-2,8811397E-1	-3,3847990E-1	7,8124995E+1	-4,3109062E-1	0,0000000E+0	0,0000000E+0
3,5902862E+03	-2,5893563E-1	7,8124995E+1	-2,7554111E-1	-3,0108729E-1	-2,8811397E-1	-3,3865685E-1	7,8124995E+1	-4,3125826E-1	0,0000000E+0	0,0000000E+0
3,5920402E+03	-2,5971794E-1	7,8124995E+1	-2,7577394E-1	-3,0118974E-1	-2,8818847E-1	-3,3876861E-1	7,8124995E+1	-4,3133276E-1	0,0000000E+0	0,0000000E+0
3,5937950E+03	-2,5912190E-1	7,8124995E+1	-2,7586708E-1	-3,0141326E-1	-2,8830023E-1	-3,3860097E-1	7,8124995E+1	-4,3166804E-1	0,0000000E+0	0,0000000E+0
3,5955482E+03	-2,5938267E-1	7,8124995E+1	-2,7598815E-1	-3,0160883E-1	-2,8836543E-1	-3,3864753E-1	7,8124995E+1	-4,3179842E-1	0,0000000E+0	0,0000000E+0
3,5973028E+03	-2,5896357E-1	7,8124995E+1	-2,7632342E-1	-3,0172991E-1	-2,8851444E-1	-3,3846127E-1	7,8124995E+1	-4,3208713E-1	0,0000000E+0	0,0000000E+0
3,5990585E+03	-2,5885181E-1	7,8124995E+1	-2,7640724E-1	-3,0177647E-1	-2,8867276E-1	-3,3847990E-1	7,8124995E+1	-4,3245035E-1	0,0000000E+0	0,0000000E+0
3,6008120E+03	-2,5913121E-1	7,8124995E+1	-2,7664939E-1	-3,0202793E-1	-2,8872864E-1	-3,3854509E-1	7,8124995E+1	-4,3268318E-1	0,0000000E+0	0,0000000E+0
3,6025682E+03	-2,5960618E-1	7,8124995E+1	-2,7677046E-1	-3,0209312E-1	-2,8892422E-1	-3,3869410E-1	7,8124995E+1	-4,3294395E-1	0,0000000E+0	0,0000000E+0
3,6043238E+03	-2,6002528E-1	7,8124995E+1	-2,7696604E-1	-3,0237252E-1	-2,8898010E-1	-3,3865685E-1	7,8124995E+1	-4,3314884E-1	0,0000000E+0	0,0000000E+0
3,6060803E+03	-2,6033261E-1	7,8124995E+1	-2,7724543E-1	-3,0236321E-1	-2,8917568E-1	-3,3846127E-1	7,8124995E+1	-4,3350274E-1	0,0000000E+0	0,0000000E+0
3,6078358E+03	-2,6067720E-1	7,8124995E+1	-2,7737582E-1	-3,0270779E-1	-2,8932469E-1	-3,3853578E-1	7,8124995E+1	-4,3374489E-1	0,0000000E+0	0,0000000E+0
3,6095896E+03	-2,6095660E-1	7,8124995E+1	-2,7763659E-1	-3,0287543E-1	-2,8940851E-1	-3,3860097E-1	7,8124995E+1	-4,3386596E-1	0,0000000E+0	0,0000000E+0
3,6113457E+03	-2,6114287E-1	7,8124995E+1	-2,7786011E-1	-3,0310826E-1	-2,8966928E-1	-3,3877792E-1	7,8124995E+1	-4,3423849E-1	0,0000000E+0	0,0000000E+0
3,6131004E+03	-2,6146883E-1	7,8124995E+1	-2,7805568E-1	-3,0321071E-1	-2,8994867E-1	-3,3885243E-1	7,8124995E+1	-4,3435956E-1	0,0000000E+0	0,0000000E+0
3,6148539E+03	-2,6137570E-1	7,8124995E+1	-2,7825126E-1	-3,0338766E-1	-2,8999524E-1	-3,3899212E-1	7,8124995E+1	-4,3461102E-1	0,0000000E+0	0,0000000E+0
3,6166104E+03	-2,6159921E-1	7,8124995E+1	-2,7843753E-1	-3,0360186E-1	-2,9021876E-1	-3,3942985E-1	7,8124995E+1	-4,3468552E-1	0,0000000E+0	0,0000000E+0
3,6183661E+03	-2,6195312E-1	7,8124995E+1	-2,7863310E-1	-3,0378813E-1	-2,9035846E-1	-3,3966268E-1	7,8124995E+1	-4,3488110E-1	0,0000000E+0	0,0000000E+0
3,6201235E+03	-2,6237221E-1	7,8124995E+1	-2,7894044E-1	-3,0384401E-1	-2,9056335E-1	-3,3997933E-1	7,8124995E+1	-4,3494629E-1	0,0000000E+0	0,0000000E+0
3,6218757E+03	-2,6263298E-1	7,8124995E+1	-2,7900563E-1	-3,0404890E-1	-2,9079618E-1	-3,4030529E-1	7,8124995E+1	-4,3522569E-1	0,0000000E+0	0,0000000E+0
3,6236312E+03	-2,6274474E-1	7,8124995E+1	-2,7922915E-1	-3,0434692E-1	-2,9097313E-1	-3,4054743E-1	7,8124995E+1	-4,3526294E-1	0,0000000E+0	0,0000000E+0
3,6253877E+03	-2,6316384E-1	7,8124995E+1	-2,7947129E-1	-3,0441211E-1	-2,9111283E-1	-3,4038911E-1	7,8124995E+1	-4,3542127E-1	0,0000000E+0	0,0000000E+0
3,6271416E+03	-2,6340598E-1	7,8124995E+1	-2,7976000E-1	-3,0457975E-1	-2,9136428E-1	-3,4054743E-1	7,8124995E+1	-4,3560753E-1	0,0000000E+0	0,0000000E+0
3,6288984E+03	-2,6349911E-1	7,8124995E+1	-2,7983451E-1	-3,0478464E-1	-2,9154124E-1	-3,4037979E-1	7,8124995E+1	-4,3587762E-1	0,0000000E+0	0,0000000E+0
3,6306552E+03	-2,6373194E-1	7,8124995E+1	-2,8017910E-1	-3,0500816E-1	-2,9173681E-1	-3,4031460E-1	7,8124995E+1	-4,3592418E-1	0,0000000E+0	0,0000000E+0
3,6324112E+03	-2,6406722E-1	7,8124995E+1	-2,8028155E-1	-3,0522237E-1	-2,9185789E-1	-3,4039842E-1	7,8124995E+1	-4,3611045E-1	0,0000000E+0	0,0000000E+0
3,6341678E+03	-2,6394615E-1	7,8124995E+1	-2,8058888E-1	-3,0531550E-1	-2,9196964E-1	-3,3993276E-1	7,8124995E+1	-4,3632465E-1	0,0000000E+0	0,0000000E+0
3,6359228E+03	-2,6413241E-1	7,8124995E+1	-2,8087759E-1	-3,0552970E-1	-2,9223973E-1	-3,3997933E-1	7,8124995E+1	-4,3651092E-1	0,0000000E+0	0,0000000E+0
3,6376787E+03	-2,6439318E-1	7,8124995E+1	-2,8106386E-1	-3,0563215E-1	-2,9221179E-1	-3,4040773E-1	7,8124995E+1	-4,3667855E-1	0,0000000E+0	0,0000000E+0
3,6394366E+03	-2,6458876E-1	7,8124995E+1	-2,8120355E-1	-3,0593948E-1	-2,9255638E-1	-3,4055675E-1	7,8124995E+1	-4,3684619E-1	0,0000000E+0	0,0000000E+0
3,6411906E+03	-2,6471914E-1	7,8124995E+1	-2,8140845E-1	-3,0606987E-1	-2,9273333E-1	-3,4086408E-1	7,8124995E+1	-4,3693001E-1	0,0000000E+0	0,0000000E+0
3,6429459E+03	-2,6499854E-1	7,8124995E+1	-2,8157608E-1	-3,0623751E-1	-2,9277990E-1	-3,4119005E-1	7,8124995E+1	-4,3709765E-1	0,0000000E+0	0,0000000E+0
3,6447013E+03	-2,6532450E-1	7,8124995E+1	-2,8185548E-1	-3,0629339E-1	-2,9290097E-1	-3,4125524E-1	7,8124995E+1	-4,3724666E-1	0,0000000E+0	0,0000000E+0
3,6464579E+03	-2,6566909E-1	7,8124995E+1	-2,8204175E-1	-3,0656347E-1	-2,9311517E-1	-3,4126455E-1	7,8124995E+1	-4,3747018E-1	0,0000000E+0	0,0000000E+0
3,6482129E+03	-2,6623720E-1	7,8124995E+1	-2,8228389E-1	-3,0660072E-1	-2,9322693E-1	-3,4144150E-1	7,8124995E+1	-4,3753537E-1	0,0000000E+0	0,0000000E+0
3,6499685E+03	-2,6653522E-1	7,8124995E+1	-2,8236771E-1	-3,0681493E-1	-2,9343182E-1	-3,4171159E-1	7,8124995E+1	-4,3762850E-1	0,0000000E+0	0,0000000E+0
3,6517245E+03	-2,6684256E-1	7,8124995E+1	-2,8250741E-1	-3,0699188E-1	-2,9351564E-1	-3,4190716E-1	7,8124995E+1	-4,3764713E-1	0,0000000E+0	0,0000000E+0
3,6534812E+03	-2,6690775E-1	7,8124995E+1	-2,8269367E-1	-3,0725265E-1	-2,9364603E-1	-3,4197236E-1	7,8124995E+1	-4,3784271E-1	0,0000000E+0	0,0000000E+0
3,6552369E+03	-2,6708470E-1	7,8124995E+1	-2,8302895E-1	-3,0735509E-1	-2,9376710E-1	-3,4191648E-1	7,8124995E+1	-4,3801035E-1	0,0000000E+0	0,0000000E+0
3,6569906E+03	-2,6736410E-1	7,8124995E+1	-2,8316865E-1	-3,0750411E-1	-2,9387886E-1	-3,4177678E-1	7,8124995E+1	-4,3794515E-1	0,0000000E+0	0,0000000E+0
3,6587461E+03	-2,6748517E-1	7,8124995E+1	-2,8332697E-1	-3,0765312E-1	-2,9399061E-1	-3,4177678E-1	7,8124995E+1	-4,3807554E-1	0,0000000E+0	0,0000000E+0
3,6605014E+03	-2,6749449E-1	7,8124995E+1	-2,8353186E-1	-3,0776488E-1	-2,9397199E-1	-3,4184197E-1	7,8124995E+1	-4,3815004E-1	0,0000000E+0	0,0000000E+0
3,6622537E+03	-2,6757830E-1	7,8124995E+1	-2,8371813E-1	-3,0790457E-1	-2,9416757E-1	-3,4201892E-1	7,8124995E+1	-4,3812210E-1	0,0000000E+0	0,0000000E+0
3,6640089E+03	-2,6796946E-1	7,8124995E+1	-2,8388576E-1	-3,0801633E-1	-2,9417688E-1	-3,4195373E-1	7,8124995E+1	-4,3812210E-1	0,0000000E+0	0,0000000E+0
3,6657648E+03	-2,6833268E-1	7,8124995E+1	-2,8415585E-1	-3,0818397E-1	-2,9424207E-1	-3,4200961E-1	7,8124995E+1	-4,3800103E-1	0,0000000E+0	0,0000000E+0
3,6675203E+03	-2,6862139E-1	7,8124995E+1	-2,8420241E-1	-3,0839818E-1	-2,9438177E-1	-3,4213068E-1	7,8124995E+1	-4,3801035E-1	0,0000000E+0	0,0000000E+0
3,6692765E+03	-2,6878902E-1	7,8124995E+1	-2,8437005E-1	-3,0846337E-1	-2,9441902E-1	-3,4222381E-1	7,8124995E+1	-4,3799172E-1	0,0000000E+0	0,0000000E+0
3,6710317E+03	-2,6907773E-1	7,8124995E+1	-2,8444456E-1	-3,0861238E-1	-2,9452147E-1	-3,4241939E-1	7,8124995E+1	-4,3801966E-1	0,0000000E+0	0,0000000E+0
3,6727884E+03	-2,6916155E-1	7,8124995E+1	-2,8466808E-1	-3,0858444E-1	-2,9457735E-1	-3,4246596E-1	7,8124995E+1	-4,3787996E-1	0,0000000E+0	0,0000000E+0
3,6745418E+03	-2,6938507E-1	7,8124995E+1	-2,8481709E-1	-3,0869620E-1	-2,9461460E-1	-3,4267085E-1	7,8124995E+1	-4,3777752E-1	0,0000000E+0	0,0000000E+0
3,6762976E+03	-2,6976691E-1	7,8124995E+1	-2,8499404E-1	-3,0888246E-1	-2,9467979E-1	-3,4268947E-1	7,8124995E+1	-4,3770301E-1	0,0000000E+0	0,0000000E+0
3,6780522E+03	-2,7003700E-1	7,8124995E+1	-2,8531069E-1	-3,0903148E-1	-2,9473567E-1	-3,4266154E-1	7,8124995E+1	-4,3770301E-1	0,0000000E+0	0,0000000E+0
3,6798065E+03	-2,7053991E-1	7,8124995E+1	-2,8545970E-1	-3,0910598E-1	-2,9472636E-1	-3,4268947E-1	7,8124995E+1	-4,3772164E-1	0,0000000E+0	0,0000000E+0
3,6815635E+03	-2,7072618E-1	7,8124995E+1	-2,8556214E-1	-3,0939469E-1	-2,9468911E-1	-3,4267085E-1	7,8124995E+1	-4,3761919E-1	0,0000000E+0	0,0000000E+0
3,6833197E+03	-2,7092175E-1	7,8124995E+1	-2,8570184E-1	-3,0930156E-1	-2,9478224E-1	-3,4274535E-1	7,8124995E+1	-4,3754468E-1	0,0000000E+0	0,0000000E+0
3,6850737E+03	-2,7107076E-1	7,8124995E+1	-2,8574841E-1	-3,0945988E-1	-2,9497782E-1	-3,4277329E-1	7,8124995E+1	-4,3750743E-1	0,0000000E+0	0,0000000E+0
3,6868294E+03	-2,7123840E-1	7,8124995E+1	-2,8595330E-1	-3,0946920E-1	-2,9499644E-1	-3,4275467E-1	7,8124995E+1	-4,3745155E-1	0,0000000E+0	0,0000000E+0
3,6885855E+03	-2,7156437E-1	7,8124995E+1	-2,8614888E-1	-3,0979516E-1	-2,9501507E-1	-3,4269879E-1	7,8124995E+1	-4,3755400E-1	0,0000000E+0	0,0000000E+0
3,6903409E+03	-2,7200209E-1	7,8124995E+1	-2,8633514E-1	-3,0991623E-1	-2,9502438E-1	-3,4264291E-1	7,8124995E+1	-4,3753537E-1	0,0000000E+0	0,0000000E+0
3,6920979E+03	-2,7231874E-1	7,8124995E+1	-2,8653072E-1	-3,0998142E-1	-2,9514545E-1	-3,4233557E-1	7,8124995E+1	-4,3744224E-1	0,0000000E+0	0,0000000E+0
3,6938512E+03	-2,7255157E-1	7,8124995E+1	-2,8667042E-1	-3,1015838E-1	-2,9524790E-1	-3,4242870E-1	7,8124995E+1	-4,3744224E-1	0,0000000E+0	0,0000000E+0
3,6956083E+03	-2,7283096E-1	7,8124995E+1	-2,8692188E-1	-3,1040983E-1	-2,9535035E-1	-3,4259634E-1	7,8124995E+1	-4,3743293E-1	0,0000000E+0	0,0000000E+0
3,6973655E+03	-2,7311967E-1	7,8124995E+1	-2,8712677E-1	-3,1038189E-1	-2,9549936E-1	-3,4273604E-1	7,8124995E+1	-4,3742361E-1	0,0000000E+0	0,0000000E+0
3,6991215E+03	-2,7338976E-1	7,8124995E+1	-2,8727578E-1	-3,1058678E-1	-2,9561112E-1	-3,4295025E-1	7,8124995E+1	-4,3728391E-1	0,0000000E+0	0,0000000E+0
3,7008783E+03	-2,7361328E-1	7,8124995E+1	-2,8744342E-1	-3,1073580E-1	-2,9555524E-1	-3,4300612E-1	7,8124995E+1	-4,3719078E-1	0,0000000E+0	0,0000000E+0
3,7026354E+03	-2,7377160E-1	7,8124995E+1	-2,8758311E-1	-3,1086618E-1	-2,9565768E-1	-3,4328552E-1	7,8124995E+1	-4,3727460E-1	0,0000000E+0	0,0000000E+0
3,7043878E+03	-2,7366915E-1	7,8124995E+1	-2,8780663E-1	-3,1105245E-1	-2,9570425E-1	-3,4347179E-1	7,8124995E+1	-4,3728391E-1	0,0000000E+0	0,0000000E+0
3,7061436E+03	-2,7395786E-1	7,8124995E+1	-2,8796496E-1	-3,1127596E-1	-2,9574150E-1	-3,4357423E-1	7,8124995E+1	-4,3721872E-1	0,0000000E+0	0,0000000E+0
3,7078996E+03	-2,7496369E-1	7,8124995E+1	-2,8793702E-1	-3,1122008E-1	-2,9570425E-1	-3,4108760E-1	7,8124995E+1	-4,3706040E-1	0,0000000E+0	0,0000000E+0
3,7096550E+03	-2,7524309E-1	7,8124995E+1	-2,8807672E-1	-3,1131322E-1	-2,9549936E-1	-3,4062194E-1	7,8124995E+1	-4,3724666E-1	0,0000000E+0	0,0000000E+0
3,7114104E+03	-2,7527103E-1	7,8124995E+1	-2,8819779E-1	-3,1130390E-1	-2,9562974E-1	-3,4104103E-1	7,8124995E+1	-4,3715353E-1	0,0000000E+0	0,0000000E+0
3,7131646E+03	-2,7516858E-1	7,8124995E+1	-2,8816053E-1	-3,1143429E-1	-2,9562043E-1	-3,4105966E-1	7,8124995E+1	-4,3722804E-1	0,0000000E+0	0,0000000E+0
3,7149196E+03	-2,7473086E-1	7,8124995E+1	-2,8838405E-1	-3,1160193E-1	-2,9549936E-1	-3,4130180E-1	7,8124995E+1	-4,3727460E-1	0,0000000E+0	0,0000000E+0
3,7166749E+03	-2,7436765E-1	7,8124995E+1	-2,8859826E-1	-3,1171368E-1	-2,9562974E-1	-3,4159051E-1	7,8124995E+1	-4,3724666E-1	0,0000000E+0	0,0000000E+0
3,7184296E+03	-2,7436765E-1	7,8124995E+1	-2,8884971E-1	-3,1176956E-1	-2,9571356E-1	-3,4182334E-1	7,8124995E+1	-4,3730254E-1	0,0000000E+0	0,0000000E+0
3,7201841E+03	-2,7446078E-1	7,8124995E+1	-2,8892422E-1	-3,1195583E-1	-2,9590914E-1	-3,4196304E-1	7,8124995E+1	-4,3741430E-1	0,0000000E+0	0,0000000E+0
3,7219396E+03	-2,7447941E-1	7,8124995E+1	-2,8907323E-1	-3,1195583E-1	-2,9589051E-1	-3,4206549E-1	7,8124995E+1	-4,3727460E-1	0,0000000E+0	0,0000000E+0
3,7236927E+03	-2,7469361E-1	7,8124995E+1	-2,8928744E-1	-3,1215141E-1	-2,9599296E-1	-3,4209343E-1	7,8124995E+1	-4,3729323E-1	0,0000000E+0	0,0000000E+0
3,7254471E+03	-2,7474949E-1	7,8124995E+1	-2,8938057E-1	-3,1236561E-1	-2,9603952E-1	-3,4198167E-1	7,8124995E+1	-4,3738636E-1	0,0000000E+0	0,0000000E+0
3,7272012E+03	-2,7569012E-1	7,8124995E+1	-2,8963202E-1	-3,1233767E-1	-2,9616060E-1	-3,4261497E-1	7,8124995E+1	-4,3732117E-1	0,0000000E+0	0,0000000E+0
3,7289546E+03	-2,7570875E-1	7,8124995E+1	-2,8937125E-1	-3,1233767E-1	-2,9601158E-1	-3,4086408E-1	7,8124995E+1	-4,3718147E-1	0,0000000E+0	0,0000000E+0
3,7307099E+03	-2,7350152E-1	7,8124995E+1	-2,8915705E-1	-3,1236561E-1	-2,9574150E-1	-3,3999795E-1	7,8124995E+1	-4,3708834E-1	0,0000000E+0	0,0000000E+0
3,7324650E+03	-2,7261676E-1	7,8124995E+1	-2,8927812E-1	-3,1238424E-1	-2,9577875E-1	-3,3951366E-1	7,8124995E+1	-4,3713490E-1	0,0000000E+0	0,0000000E+0
3,7342196E+03	-2,7240256E-1	7,8124995E+1	-2,8938057E-1	-3,1227248E-1	-2,9559249E-1	-3,3976512E-1	7,8124995E+1	-4,3714422E-1	0,0000000E+0	0,0000000E+0
3,7359738E+03	-2,7359465E-1	7,8124995E+1	-2,8963202E-1	-3,1236561E-1	-2,9573219E-1	-3,4028666E-1	7,8124995E+1	-4,3721872E-1	0,0000000E+0	0,0000000E+0
3,7377299E+03	-2,7465636E-1	7,8124995E+1	-2,8990211E-1	-3,1244943E-1	-2,9569494E-1	-3,4094790E-1	7,8124995E+1	-4,3726529E-1	0,0000000E+0	0,0000000E+0
3,7394838E+03	-2,7406031E-1	7,8124995E+1	-2,8989280E-1	-3,1248668E-1	-2,9577875E-1	-3,4135768E-1	7,8124995E+1	-4,3731185E-1	0,0000000E+0	0,0000000E+0
3,7412380E+03	-2,7412550E-1	7,8124995E+1	-2,9002318E-1	-3,1257050E-1	-2,9590914E-1	-3,4098515E-1	7,8124995E+1	-4,3731185E-1	0,0000000E+0	0,0000000E+0
3,7429934E+03	-2,7442353E-1	7,8124995E+1	-2,9006975E-1	-3,1259844E-1	-2,9584395E-1	-3,4062194E-1	7,8124995E+1	-4,3722804E-1	0,0000000E+0	0,0000000E+0
3,7447495E+03	-2,7437696E-1	7,8124995E+1	-2,9016288E-1	-3,1256119E-1	-2,9583463E-1	-3,4061263E-1	7,8124995E+1	-4,3725597E-1	0,0000000E+0	0,0000000E+0
3,7465045E+03	-2,7517790E-1	7,8124995E+1	-2,9026532E-1	-3,1261707E-1	-2,9583463E-1	-3,4095721E-1	7,8124995E+1	-4,3741430E-1	0,0000000E+0	0,0000000E+0
3,7482593E+03	-2,7561562E-1	7,8124995E+1	-2,9035846E-1	-3,1270089E-1	-2,9589051E-1	-3,4137631E-1	7,8124995E+1	-4,3734911E-1	0,0000000E+0	0,0000000E+0
3,7500150E+03	-2,7528966E-1	7,8124995E+1	-2,9045159E-1	-3,1279402E-1	-2,9587189E-1	-3,4127386E-1	7,8124995E+1	-4,3733979E-1	0,0000000E+0	0,0000000E+0
3,7517697E+03	-2,7491713E-1	7,8124995E+1	-2,9057266E-1	-3,1273814E-1	-2,9607678E-1	-3,4143219E-1	7,8124995E+1	-4,3735842E-1	0,0000000E+0	0,0000000E+0
3,7535250E+03	-2,7412550E-1	7,8124995E+1	-2,9055403E-1	-3,1277539E-1	-2,9616991E-1	-3,4163708E-1	7,8124995E+1	-4,3747018E-1	0,0000000E+0	0,0000000E+0
3,7552799E+03	-2,7487056E-1	7,8124995E+1	-2,9072167E-1	-3,1281265E-1	-2,9621648E-1	-3,4182334E-1	7,8124995E+1	-4,3741430E-1	0,0000000E+0	0,0000000E+0
3,7570365E+03	-2,7517790E-1	7,8124995E+1	-2,9069373E-1	-3,1296166E-1	-2,9630029E-1	-3,4179541E-1	7,8124995E+1	-4,3737705E-1	0,0000000E+0	0,0000000E+0
3,7587925E+03	-2,7555043E-1	7,8124995E+1	-2,9087068E-1	-3,1304548E-1	-2,9633755E-1	-3,4193510E-1	7,8124995E+1	-4,3735842E-1	0,0000000E+0	0,0000000E+0
3,7605474E+03	-2,7606265E-1	7,8124995E+1	-2,9104764E-1	-3,1307342E-1	-2,9639343E-1	-3,4208412E-1	7,8124995E+1	-4,3744224E-1	0,0000000E+0	0,0000000E+0
3,7623031E+03	-2,7684497E-1	7,8124995E+1	-2,9121527E-1	-3,1307342E-1	-2,9661694E-1	-3,4194442E-1	7,8124995E+1	-4,3745155E-1	0,0000000E+0	0,0000000E+0
3,7640588E+03	-2,7695672E-1	7,8124995E+1	-2,9126184E-1	-3,1325968E-1	-2,9662626E-1	-3,4164639E-1	7,8124995E+1	-4,3755400E-1	0,0000000E+0	0,0000000E+0
3,7658142E+03	-2,7660282E-1	7,8124995E+1	-2,9145742E-1	-3,1335281E-1	-2,9665420E-1	-3,4169296E-1	7,8124995E+1	-4,3742361E-1	0,0000000E+0	0,0000000E+0
3,7675698E+03	-2,7690084E-1	7,8124995E+1	-2,9151330E-1	-3,1351114E-1	-2,9684978E-1	-3,4179541E-1	7,8124995E+1	-4,3757262E-1	0,0000000E+0	0,0000000E+0
3,7693226E+03	-2,7691947E-1	7,8124995E+1	-2,9165299E-1	-3,1352976E-1	-2,9692428E-1	-3,4184197E-1	7,8124995E+1	-4,3756331E-1	0,0000000E+0	0,0000000E+0
3,7710772E+03	-2,7704986E-1	7,8124995E+1	-2,9182063E-1	-3,1351114E-1	-2,9711055E-1	-3,4152532E-1	7,8124995E+1	-4,3754468E-1	0,0000000E+0	0,0000000E+0
3,7728315E+03	-2,7680771E-1	7,8124995E+1	-2,9188583E-1	-3,1374397E-1	-2,9701741E-1	-3,4129249E-1	7,8124995E+1	-4,3756331E-1	0,0000000E+0	0,0000000E+0
3,7745862E+03	-2,7679840E-1	7,8124995E+1	-2,9191377E-1	-3,1390229E-1	-2,9722230E-1	-3,4080820E-1	7,8124995E+1	-4,3764713E-1	0,0000000E+0	0,0000000E+0
3,7763406E+03	-2,7677046E-1	7,8124995E+1	-2,9212797E-1	-3,1401405E-1	-2,9708261E-1	-3,4096653E-1	7,8124995E+1	-4,3762850E-1	0,0000000E+0	0,0000000E+0
3,7780951E+03	-2,7728269E-1	7,8124995E+1	-2,9208140E-1	-3,1400474E-1	-2,9708261E-1	-3,4103172E-1	7,8124995E+1	-4,3759125E-1	0,0000000E+0	0,0000000E+0
3,7798507E+03	-2,7753414E-1	7,8124995E+1	-2,9223041E-1	-3,1414444E-1	-2,9735269E-1	-3,4134837E-1	7,8124995E+1	-4,3774026E-1	0,0000000E+0	0,0000000E+0
3,7816080E+03	-2,7774835E-1	7,8124995E+1	-2,9236080E-1	-3,1420963E-1	-2,9726887E-1	-3,4139494E-1	7,8124995E+1	-4,3771232E-1	0,0000000E+0	0,0000000E+0
3,7833631E+03	-2,7873555E-1	7,8124995E+1	-2,9247256E-1	-3,1422826E-1	-2,9732475E-1	-3,4184197E-1	7,8124995E+1	-4,3769370E-1	0,0000000E+0	0,0000000E+0
3,7851196E+03	-2,8006734E-1	7,8124995E+1	-2,9264020E-1	-3,1441452E-1	-2,9743651E-1	-3,4199098E-1	7,8124995E+1	-4,3775889E-1	0,0000000E+0	0,0000000E+0
3,7868740E+03	-2,8074721E-1	7,8124995E+1	-2,9267745E-1	-3,1450765E-1	-2,9742720E-1	-3,4240076E-1	7,8124995E+1	-4,3774026E-1	0,0000000E+0	0,0000000E+0
3,7886306E+03	-2,8160402E-1	7,8124995E+1	-2,9283577E-1	-3,1450765E-1	-2,9756689E-1	-3,4263360E-1	7,8124995E+1	-4,3759125E-1	0,0000000E+0	0,0000000E+0
3,7903846E+03	-2,8222801E-1	7,8124995E+1	-2,9291028E-1	-3,1456353E-1	-2,9760415E-1	-3,4242870E-1	7,8124995E+1	-4,3764713E-1	0,0000000E+0	0,0000000E+0
3,7921392E+03	-2,8222801E-1	7,8124995E+1	-2,9305929E-1	-3,1463804E-1	-2,9752033E-1	-3,4231695E-1	7,8124995E+1	-4,3745155E-1	0,0000000E+0	0,0000000E+0
3,7938938E+03	-2,8158540E-1	7,8124995E+1	-2,9304067E-1	-3,1465666E-1	-2,9734338E-1	-3,4174884E-1	7,8124995E+1	-4,3765644E-1	0,0000000E+0	0,0000000E+0
3,7956486E+03	-2,8098004E-1	7,8124995E+1	-2,9310586E-1	-3,1477774E-1	-2,9753895E-1	-3,4199098E-1	7,8124995E+1	-4,3746087E-1	0,0000000E+0	0,0000000E+0
3,7974028E+03	-2,7950855E-1	7,8124995E+1	-2,9256569E-1	-3,1473117E-1	-2,9751101E-1	-3,4214931E-1	7,8124995E+1	-4,3738636E-1	0,0000000E+0	0,0000000E+0
3,7991571E+03	-2,7853997E-1	7,8124995E+1	-2,9184857E-1	-3,1482430E-1	-2,9744582E-1	-3,4179541E-1	7,8124995E+1	-4,3717216E-1	0,0000000E+0	0,0000000E+0
3,8009122E+03	-2,7856791E-1	7,8124995E+1	-2,9174613E-1	-3,1468460E-1	-2,9725024E-1	-3,4183266E-1	7,8124995E+1	-4,3714422E-1	0,0000000E+0	0,0000000E+0
3,8026680E+03	-2,7863310E-1	7,8124995E+1	-2,9180201E-1	-3,1466598E-1	-2,9715711E-1	-3,4207480E-1	7,8124995E+1	-4,3692070E-1	0,0000000E+0	0,0000000E+0
3,8044229E+03	-2,7890319E-1	7,8124995E+1	-2,9194170E-1	-3,1461010E-1	-2,9722230E-1	-3,4227969E-1	7,8124995E+1	-4,3680894E-1	0,0000000E+0	0,0000000E+0
3,8061783E+03	-2,7799981E-1	7,8124995E+1	-2,9202552E-1	-3,1458216E-1	-2,9713849E-1	-3,4190716E-1	7,8124995E+1	-4,3684619E-1	0,0000000E+0	0,0000000E+0
3,8079327E+03	-2,7739445E-1	7,8124995E+1	-2,9208140E-1	-3,1445177E-1	-2,9708261E-1	-3,4148807E-1	7,8124995E+1	-4,3681825E-1	0,0000000E+0	0,0000000E+0
3,8096894E+03	-2,7774835E-1	7,8124995E+1	-2,9232355E-1	-3,1455422E-1	-2,9699879E-1	-3,4146013E-1	7,8124995E+1	-4,3695795E-1	0,0000000E+0	0,0000000E+0
3,8114443E+03	-2,7849341E-1	7,8124995E+1	-2,9240737E-1	-3,1447040E-1	-2,9702673E-1	-3,4146013E-1	7,8124995E+1	-4,3684619E-1	0,0000000E+0	0,0000000E+0
3,8131996E+03	-2,7899632E-1	7,8124995E+1	-2,9251912E-1	-3,1454491E-1	-2,9722230E-1	-3,4180472E-1	7,8124995E+1	-4,3670649E-1	0,0000000E+0	0,0000000E+0
3,8149537E+03	-2,7946198E-1	7,8124995E+1	-2,9269608E-1	-3,1468460E-1	-2,9725024E-1	-3,4211205E-1	7,8124995E+1	-4,3696726E-1	0,0000000E+0	0,0000000E+0
3,8167097E+03	-2,8020704E-1	7,8124995E+1	-2,9283577E-1	-3,1479636E-1	-2,9735269E-1	-3,4223313E-1	7,8124995E+1	-4,3687413E-1	0,0000000E+0	0,0000000E+0
3,8184634E+03	-2,8085897E-1	7,8124995E+1	-2,9297547E-1	-3,1497331E-1	-2,9725024E-1	-3,4289437E-1	7,8124995E+1	-4,3682757E-1	0,0000000E+0	0,0000000E+0
3,8202179E+03	-2,8129669E-1	7,8124995E+1	-2,9310586E-1	-3,1488949E-1	-2,9738994E-1	-3,4227038E-1	7,8124995E+1	-4,3678100E-1	0,0000000E+0	0,0000000E+0
3,8219726E+03	-2,8168784E-1	7,8124995E+1	-2,9306861E-1	-3,1499194E-1	-2,9754827E-1	-3,4260566E-1	7,8124995E+1	-4,3673443E-1	0,0000000E+0	0,0000000E+0
3,8237275E+03	-2,8088691E-1	7,8124995E+1	-2,9293822E-1	-3,1496400E-1	-2,9756689E-1	-3,4209343E-1	7,8124995E+1	-4,3637122E-1	0,0000000E+0	0,0000000E+0
3,8254822E+03	-2,7800912E-1	7,8124995E+1	-2,9233286E-1	-3,1511301E-1	-2,9742720E-1	-3,4051018E-1	7,8124995E+1	-4,3622221E-1	0,0000000E+0	0,0000000E+0
3,8272355E+03	-2,7678909E-1	7,8124995E+1	-2,9238874E-1	-3,1507576E-1	-2,9725024E-1	-3,4098515E-1	7,8124995E+1	-4,3608251E-1	0,0000000E+0	0,0000000E+0
3,8289914E+03	-2,7741307E-1	7,8124995E+1	-2,9268676E-1	-3,1512233E-1	-2,9744582E-1	-3,4158120E-1	7,8124995E+1	-4,3571929E-1	0,0000000E+0	0,0000000E+0
3,8307486E+03	-2,7875418E-1	7,8124995E+1	-2,9304998E-1	-3,1509439E-1	-2,9733406E-1	-3,4203755E-1	7,8124995E+1	-4,3555165E-1	0,0000000E+0	0,0000000E+0
3,8325035E+03	-2,7999284E-1	7,8124995E+1	-2,9318968E-1	-3,1502919E-1	-2,9732475E-1	-3,4189785E-1	7,8124995E+1	-4,3533745E-1	0,0000000E+0	0,0000000E+0
3,8342586E+03	-2,8061682E-1	7,8124995E+1	-2,9336663E-1	-3,1519683E-1	-2,9732475E-1	-3,4174884E-1	7,8124995E+1	-4,3515119E-1	0,0000000E+0	0,0000000E+0
3,8360150E+03	-2,8042124E-1	7,8124995E+1	-2,9346907E-1	-3,1514095E-1	-2,9728750E-1	-3,4097584E-1	7,8124995E+1	-4,3506737E-1	0,0000000E+0	0,0000000E+0
3,8377706E+03	-2,8002078E-1	7,8124995E+1	-2,9361809E-1	-3,1527134E-1	-2,9731544E-1	-3,4099447E-1	7,8124995E+1	-4,3489973E-1	0,0000000E+0	0,0000000E+0
3,8395269E+03	-2,8045850E-1	7,8124995E+1	-2,9365534E-1	-3,1542035E-1	-2,9746445E-1	-3,4112485E-1	7,8124995E+1	-4,3503943E-1	0,0000000E+0	0,0000000E+0
3,8412819E+03	-2,8056094E-1	7,8124995E+1	-2,9389748E-1	-3,1542035E-1	-2,9734338E-1	-3,4120867E-1	7,8124995E+1	-4,3497423E-1	0,0000000E+0	0,0000000E+0
3,8430382E+03	-2,7929434E-1	7,8124995E+1	-2,9404649E-1	-3,1555073E-1	-2,9756689E-1	-3,4175815E-1	7,8124995E+1	-4,3498355E-1	0,0000000E+0	0,0000000E+0
3,8447922E+03	-2,7466567E-1	7,8124995E+1	-2,9338525E-1	-3,1552279E-1	-2,9721299E-1	-3,4000727E-1	7,8124995E+1	-4,3472278E-1	0,0000000E+0	0,0000000E+0
3,8465475E+03	-2,7855860E-1	7,8124995E+1	-2,9366465E-1	-3,1536447E-1	-2,9707329E-1	-3,4097584E-1	7,8124995E+1	-4,3448995E-1	0,0000000E+0	0,0000000E+0
3,8483039E+03	-2,8089622E-1	7,8124995E+1	-2,9367396E-1	-3,1516889E-1	-2,9690565E-1	-3,4115279E-1	7,8124995E+1	-4,3372626E-1	0,0000000E+0	0,0000000E+0
3,8500614E+03	-2,8160402E-1	7,8124995E+1	-2,9380435E-1	-3,1512233E-1	-2,9672870E-1	-3,3964405E-1	7,8124995E+1	-4,3324197E-1	0,0000000E+0	0,0000000E+0
3,8518171E+03	-2,8105454E-1	7,8124995E+1	-2,9372984E-1	-3,1492675E-1	-2,9666351E-1	-3,4004452E-1	7,8124995E+1	-4,3296258E-1	0,0000000E+0	0,0000000E+0
3,8535730E+03	-2,8003009E-1	7,8124995E+1	-2,9378572E-1	-3,1498263E-1	-2,9665420E-1	-3,4039842E-1	7,8124995E+1	-4,3259005E-1	0,0000000E+0	0,0000000E+0
3,8553276E+03	-2,8084965E-1	7,8124995E+1	-2,9379504E-1	-3,1511301E-1	-2,9656107E-1	-3,4085477E-1	7,8124995E+1	-4,3244104E-1	0,0000000E+0	0,0000000E+0
3,8570816E+03	-2,8129669E-1	7,8124995E+1	-2,9407443E-1	-3,1506645E-1	-2,9674733E-1	-3,4135768E-1	7,8124995E+1	-4,3238516E-1	0,0000000E+0	0,0000000E+0
3,8588380E+03	-2,8206968E-1	7,8124995E+1	-2,9412100E-1	-3,1515958E-1	-2,9685909E-1	-3,4164639E-1	7,8124995E+1	-4,3218958E-1	0,0000000E+0	0,0000000E+0
3,8605924E+03	-2,8174372E-1	7,8124995E+1	-2,9413031E-1	-3,1512233E-1	-2,9679390E-1	-3,4168365E-1	7,8124995E+1	-4,3221752E-1	0,0000000E+0	0,0000000E+0
3,8623489E+03	-2,8150158E-1	7,8124995E+1	-2,9389748E-1	-3,1524340E-1	-2,9668214E-1	-3,3900144E-1	7,8124995E+1	-4,3206851E-1	0,0000000E+0	0,0000000E+0
3,8641037E+03	-2,8239565E-1	7,8124995E+1	-2,9409306E-1	-3,1530859E-1	-2,9662626E-1	-3,3929946E-1	7,8124995E+1	-4,3207782E-1	0,0000000E+0	0,0000000E+0
3,8658603E+03	-2,8243290E-1	7,8124995E+1	-2,9399993E-1	-3,1524340E-1	-2,9655175E-1	-3,3957886E-1	7,8124995E+1	-4,3207782E-1	0,0000000E+0	0,0000000E+0
3,8676163E+03	-2,8200449E-1	7,8124995E+1	-2,9387886E-1	-3,1508507E-1	-2,9638411E-1	-3,3915976E-1	7,8124995E+1	-4,3184499E-1	0,0000000E+0	0,0000000E+0
3,8693711E+03	-2,8029086E-1	7,8124995E+1	-2,9371122E-1	-3,1517820E-1	-2,9636549E-1	-3,3915045E-1	7,8124995E+1	-4,3168667E-1	0,0000000E+0	0,0000000E+0
3,8711283E+03	-2,8105454E-1	7,8124995E+1	-2,9367396E-1	-3,1518752E-1	-2,9624442E-1	-3,3926221E-1	7,8124995E+1	-4,3149109E-1	0,0000000E+0	0,0000000E+0
3,8728830E+03	-2,8077515E-1	7,8124995E+1	-2,9384160E-1	-3,1512233E-1	-2,9623510E-1	-3,3976512E-1	7,8124995E+1	-4,3147246E-1	0,0000000E+0	0,0000000E+0
3,8746392E+03	-2,8103592E-1	7,8124995E+1	-2,9386954E-1	-3,1503851E-1	-2,9609540E-1	-3,3991413E-1	7,8124995E+1	-4,3142590E-1	0,0000000E+0	0,0000000E+0
3,8763937E+03	-2,8120355E-1	7,8124995E+1	-2,9393474E-1	-3,1516889E-1	-2,9608609E-1	-3,4001658E-1	7,8124995E+1	-4,3146315E-1	0,0000000E+0	0,0000000E+0
3,8781490E+03	-2,8085897E-1	7,8124995E+1	-2,9414894E-1	-3,1515958E-1	-2,9616060E-1	-3,3994207E-1	7,8124995E+1	-4,3149109E-1	0,0000000E+0	0,0000000E+0
3,8799034E+03	-2,8101729E-1	7,8124995E+1	-2,9420482E-1	-3,1524340E-1	-2,9615128E-1	-3,4011902E-1	7,8124995E+1	-4,3164010E-1	0,0000000E+0	0,0000000E+0
3,8816589E+03	-2,8132463E-1	7,8124995E+1	-2,9438177E-1	-3,1542966E-1	-2,9624442E-1	-3,4022147E-1	7,8124995E+1	-4,3171461E-1	0,0000000E+0	0,0000000E+0
3,8834138E+03	-2,8160402E-1	7,8124995E+1	-2,9442834E-1	-3,1535516E-1	-2,9636549E-1	-3,4020284E-1	7,8124995E+1	-4,3177980E-1	0,0000000E+0	0,0000000E+0
3,8851679E+03	-2,8154814E-1	7,8124995E+1	-2,9440040E-1	-3,1556005E-1	-2,9640274E-1	-3,4032392E-1	7,8124995E+1	-4,3171461E-1	0,0000000E+0	0,0000000E+0
3,8869230E+03	-2,8151089E-1	7,8124995E+1	-2,9446559E-1	-3,1554142E-1	-2,9650519E-1	-3,4037979E-1	7,8124995E+1	-4,3194744E-1	0,0000000E+0	0,0000000E+0
3,8886778E+03	-2,8163196E-1	7,8124995E+1	-2,9459597E-1	-3,1570906E-1	-2,9664488E-1	-3,4064988E-1	7,8124995E+1	-4,3184499E-1	0,0000000E+0	0,0000000E+0
3,8904363E+03	-2,8199518E-1	7,8124995E+1	-2,9467048E-1	-3,1573700E-1	-2,9667282E-1	-3,4071507E-1	7,8124995E+1	-4,3190087E-1	0,0000000E+0	0,0000000E+0
3,8922046E+03	-2,8217213E-1	7,8124995E+1	-2,9481018E-1	-3,1583944E-1	-2,9670076E-1	-3,4091065E-1	7,8124995E+1	-4,3204057E-1	0,0000000E+0	0,0000000E+0
3,8939884E+03	-2,8244221E-1	7,8124995E+1	-2,9481949E-1	-3,1583944E-1	-2,9691497E-1	-3,4104103E-1	7,8124995E+1	-4,3218958E-1	0,0000000E+0	0,0000000E+0
3,8957657E+03	-2,8276818E-1	7,8124995E+1	-2,9484743E-1	-3,1599777E-1	-2,9688703E-1	-3,4111554E-1	7,8124995E+1	-4,3227340E-1	0,0000000E+0	0,0000000E+0
3,8975382E+03	-2,8292650E-1	7,8124995E+1	-2,9505232E-1	-3,1593258E-1	-2,9704535E-1	-3,4124592E-1	7,8124995E+1	-4,3223615E-1	0,0000000E+0	0,0000000E+0
3,8993164E+03	-2,8280543E-1	7,8124995E+1	-2,9514545E-1	-3,1609090E-1	-2,9707329E-1	-3,4136700E-1	7,8124995E+1	-4,3217095E-1	0,0000000E+0	0,0000000E+0
3,9010857E+03	-2,8292650E-1	7,8124995E+1	-2,9520133E-1	-3,1611884E-1	-2,9725956E-1	-3,4143219E-1	7,8124995E+1	-4,3233859E-1	0,0000000E+0	0,0000000E+0
3,9028645E+03	-2,8301963E-1	7,8124995E+1	-2,9531309E-1	-3,1617472E-1	-2,9746445E-1	-3,4163708E-1	7,8124995E+1	-4,3228271E-1	0,0000000E+0	0,0000000E+0
3,9046308E+03	-2,8328972E-1	7,8124995E+1	-2,9529447E-1	-3,1649137E-1	-2,9740857E-1	-3,4175815E-1	7,8124995E+1	-4,3239447E-1	0,0000000E+0	0,0000000E+0
3,9064005E+03	-2,8354117E-1	7,8124995E+1	-2,9543416E-1	-3,1646343E-1	-2,9749239E-1	-3,4184197E-1	7,8124995E+1	-4,3247829E-1	0,0000000E+0	0,0000000E+0
3,9081667E+03	-2,8348530E-1	7,8124995E+1	-2,9553661E-1	-3,1651000E-1	-2,9750170E-1	-3,4206549E-1	7,8124995E+1	-4,3256211E-1	0,0000000E+0	0,0000000E+0
3,9099299E+03	-2,8381126E-1	7,8124995E+1	-2,9562043E-1	-3,1660313E-1	-2,9766934E-1	-3,4211205E-1	7,8124995E+1	-4,3271112E-1	0,0000000E+0	0,0000000E+0
3,9116975E+03	-2,8381126E-1	7,8124995E+1	-2,9570425E-1	-3,1668695E-1	-2,9766003E-1	-3,4216793E-1	7,8124995E+1	-4,3275769E-1	0,0000000E+0	0,0000000E+0
3,9134835E+03	-2,8379263E-1	7,8124995E+1	-2,9581601E-1	-3,1677077E-1	-2,9779041E-1	-3,4228901E-1	7,8124995E+1	-4,3284151E-1	0,0000000E+0	0,0000000E+0
3,9152635E+03	-2,8357843E-1	7,8124995E+1	-2,9589051E-1	-3,1691978E-1	-2,9780904E-1	-3,4244733E-1	7,8124995E+1	-4,3290670E-1	0,0000000E+0	0,0000000E+0
3,9170522E+03	-2,8374607E-1	7,8124995E+1	-2,9592777E-1	-3,1688252E-1	-2,9796736E-1	-3,4242870E-1	7,8124995E+1	-4,3306502E-1	0,0000000E+0	0,0000000E+0
3,9188336E+03	-2,8380195E-1	7,8124995E+1	-2,9605815E-1	-3,1699428E-1	-2,9806049E-1	-3,4233557E-1	7,8124995E+1	-4,3310228E-1	0,0000000E+0	0,0000000E+0
3,9205982E+03	-2,8375538E-1	7,8124995E+1	-2,9617922E-1	-3,1708742E-1	-2,9818157E-1	-3,4243802E-1	7,8124995E+1	-4,3316747E-1	0,0000000E+0	0,0000000E+0
3,9223814E+03	-2,8369950E-1	7,8124995E+1	-2,9621648E-1	-3,1716192E-1	-2,9833989E-1	-3,4250321E-1	7,8124995E+1	-4,3329785E-1	0,0000000E+0	0,0000000E+0
3,9241524E+03	-2,8387645E-1	7,8124995E+1	-2,9649587E-1	-3,1733887E-1	-2,9829333E-1	-3,4247527E-1	7,8124995E+1	-4,3336305E-1	0,0000000E+0	0,0000000E+0
3,9259095E+03	-2,8367156E-1	7,8124995E+1	-2,9655175E-1	-3,1735750E-1	-2,9834920E-1	-3,4266154E-1	7,8124995E+1	-4,3341893E-1	0,0000000E+0	0,0000000E+0
3,9276646E+03	-2,8420241E-1	7,8124995E+1	-2,9668214E-1	-3,1739475E-1	-2,9847959E-1	-3,4278261E-1	7,8124995E+1	-4,3348412E-1	0,0000000E+0	0,0000000E+0
3,9294172E+03	-2,8498472E-1	7,8124995E+1	-2,9659832E-1	-3,1744132E-1	-2,9850753E-1	-3,4283849E-1	7,8124995E+1	-4,3343755E-1	0,0000000E+0	0,0000000E+0
3,9311706E+03	-2,8002078E-1	7,8124995E+1	-2,9589051E-1	-3,1752514E-1	-2,9849822E-1	-3,4176747E-1	7,8124995E+1	-4,3333511E-1	0,0000000E+0	0,0000000E+0
3,9329242E+03	-2,7810225E-1	7,8124995E+1	-2,9508026E-1	-3,1735750E-1	-2,9820951E-1	-3,4120867E-1	7,8124995E+1	-4,3310228E-1	0,0000000E+0	0,0000000E+0
3,9346796E+03	-2,7929434E-1	7,8124995E+1	-2,9559249E-1	-3,1727368E-1	-2,9802324E-1	-3,4134837E-1	7,8124995E+1	-4,3312090E-1	0,0000000E+0	0,0000000E+0
3,9364337E+03	-2,8154814E-1	7,8124995E+1	-2,9585326E-1	-3,1731093E-1	-2,9793942E-1	-3,4140425E-1	7,8124995E+1	-4,3319541E-1	0,0000000E+0	0,0000000E+0
3,9381886E+03	-2,8303826E-1	7,8124995E+1	-2,9617922E-1	-3,1732025E-1	-2,9793011E-1	-3,4166502E-1	7,8124995E+1	-4,3311159E-1	0,0000000E+0	0,0000000E+0
3,9399445E+03	-2,8375538E-1	7,8124995E+1	-2,9639343E-1	-3,1731093E-1	-2,9783698E-1	-3,4183266E-1	7,8124995E+1	-4,3310228E-1	0,0000000E+0	0,0000000E+0
3,9416987E+03	-2,8474258E-1	7,8124995E+1	-2,9641205E-1	-3,1735750E-1	-2,9797668E-1	-3,4189785E-1	7,8124995E+1	-4,3285082E-1	0,0000000E+0	0,0000000E+0
3,9434539E+03	-2,8518030E-1	7,8124995E+1	-2,9657969E-1	-3,1744132E-1	-2,9793011E-1	-3,4192579E-1	7,8124995E+1	-4,3289738E-1	0,0000000E+0	0,0000000E+0
3,9452086E+03	-2,8587879E-1	7,8124995E+1	-2,9672870E-1	-3,1751582E-1	-2,9786492E-1	-3,4213999E-1	7,8124995E+1	-4,3266455E-1	0,0000000E+0	0,0000000E+0
3,9469627E+03	-2,8573910E-1	7,8124995E+1	-2,9678458E-1	-3,1751582E-1	-2,9784629E-1	-3,4227038E-1	7,8124995E+1	-4,3274837E-1	0,0000000E+0	0,0000000E+0
3,9487166E+03	-2,8583223E-1	7,8124995E+1	-2,9688703E-1	-3,1759033E-1	-2,9792080E-1	-3,4234489E-1	7,8124995E+1	-4,3252486E-1	0,0000000E+0	0,0000000E+0
3,9504733E+03	-2,8572978E-1	7,8124995E+1	-2,9692428E-1	-3,1767415E-1	-2,9806049E-1	-3,4239145E-1	7,8124995E+1	-4,3248760E-1	0,0000000E+0	0,0000000E+0
3,9522281E+03	-2,8570184E-1	7,8124995E+1	-2,9687771E-1	-3,1763690E-1	-2,9803255E-1	-3,4232626E-1	7,8124995E+1	-4,3240378E-1	0,0000000E+0	0,0000000E+0
3,9539834E+03	-2,8595330E-1	7,8124995E+1	-2,9699879E-1	-3,1759964E-1	-2,9808843E-1	-3,4231695E-1	7,8124995E+1	-4,3225477E-1	0,0000000E+0	0,0000000E+0
3,9557356E+03	-2,8610231E-1	7,8124995E+1	-2,9720368E-1	-3,1764621E-1	-2,9812569E-1	-3,4241008E-1	7,8124995E+1	-4,3226409E-1	0,0000000E+0	0,0000000E+0
3,9574879E+03	-2,8613956E-1	7,8124995E+1	-2,9724093E-1	-3,1784179E-1	-2,9815363E-1	-3,4270810E-1	7,8124995E+1	-4,3219889E-1	0,0000000E+0	0,0000000E+0
3,9592426E+03	-2,8616750E-1	7,8124995E+1	-2,9738994E-1	-3,1795355E-1	-2,9828401E-1	-3,4263360E-1	7,8124995E+1	-4,3207782E-1	0,0000000E+0	0,0000000E+0
3,9609990E+03	-2,8637240E-1	7,8124995E+1	-2,9748307E-1	-3,1800011E-1	-2,9823745E-1	-3,4248458E-1	7,8124995E+1	-4,3203125E-1	0,0000000E+0	0,0000000E+0
3,9627539E+03	-2,8646553E-1	7,8124995E+1	-2,9766934E-1	-3,1809324E-1	-2,9816294E-1	-3,4254978E-1	7,8124995E+1	-4,3186362E-1	0,0000000E+0	0,0000000E+0
3,9645087E+03	-2,8627926E-1	7,8124995E+1	-2,9756689E-1	-3,1814912E-1	-2,9828401E-1	-3,4264291E-1	7,8124995E+1	-4,3187293E-1	0,0000000E+0	0,0000000E+0
3,9662634E+03	-2,8606506E-1	7,8124995E+1	-2,9759483E-1	-3,1818638E-1	-2,9834920E-1	-3,4260566E-1	7,8124995E+1	-4,3185430E-1	0,0000000E+0	0,0000000E+0
3,9680178E+03	-2,8624201E-1	7,8124995E+1	-2,9779972E-1	-3,1837264E-1	-2,9841440E-1	-3,4275467E-1	7,8124995E+1	-4,3190087E-1	0,0000000E+0	0,0000000E+0
3,9697731E+03	-2,8657729E-1	7,8124995E+1	-2,9781835E-1	-3,1849371E-1	-2,9837714E-1	-3,4281986E-1	7,8124995E+1	-4,3206851E-1	0,0000000E+0	0,0000000E+0
3,9715280E+03	-2,8675424E-1	7,8124995E+1	-2,9806981E-1	-3,1844715E-1	-2,9852616E-1	-3,4279192E-1	7,8124995E+1	-4,3204057E-1	0,0000000E+0	0,0000000E+0
3,9732817E+03	-2,8596261E-1	7,8124995E+1	-2,9820019E-1	-3,1854028E-1	-2,9850753E-1	-3,4289437E-1	7,8124995E+1	-4,3206851E-1	0,0000000E+0	0,0000000E+0
3,9750363E+03	-2,8550627E-1	7,8124995E+1	-2,9808843E-1	-3,1863341E-1	-2,9869379E-1	-3,4284780E-1	7,8124995E+1	-4,3208713E-1	0,0000000E+0	0,0000000E+0
3,9767916E+03	-2,8570184E-1	7,8124995E+1	-2,9823745E-1	-3,1875448E-1	-2,9870311E-1	-3,4254978E-1	7,8124995E+1	-4,3222683E-1	0,0000000E+0	0,0000000E+0
3,9785462E+03	-2,8571116E-1	7,8124995E+1	-2,9828401E-1	-3,1876380E-1	-2,9877761E-1	-3,4241008E-1	7,8124995E+1	-4,3234790E-1	0,0000000E+0	0,0000000E+0
3,9803018E+03	-2,8599987E-1	7,8124995E+1	-2,9835852E-1	-3,1889418E-1	-2,9868448E-1	-3,4259634E-1	7,8124995E+1	-4,3243172E-1	0,0000000E+0	0,0000000E+0
3,9820558E+03	-2,8664248E-1	7,8124995E+1	-2,9848890E-1	-3,1899663E-1	-2,9874967E-1	-3,4273604E-1	7,8124995E+1	-4,3255280E-1	0,0000000E+0	0,0000000E+0
3,9838106E+03	-2,8726647E-1	7,8124995E+1	-2,9858204E-1	-3,1913633E-1	-2,9886143E-1	-3,4260566E-1	7,8124995E+1	-4,3258074E-1	0,0000000E+0	0,0000000E+0
3,9855649E+03	-2,8794633E-1	7,8124995E+1	-2,9878693E-1	-3,1902457E-1	-2,9892662E-1	-3,4271741E-1	7,8124995E+1	-4,3256211E-1	0,0000000E+0	0,0000000E+0
3,9873201E+03	-2,8776007E-1	7,8124995E+1	-2,9865654E-1	-3,1905251E-1	-2,9898250E-1	-3,4301544E-1	7,8124995E+1	-4,3253417E-1	0,0000000E+0	0,0000000E+0
3,9890764E+03	-2,8664248E-1	7,8124995E+1	-2,9867517E-1	-3,1910839E-1	-2,9901976E-1	-3,4295956E-1	7,8124995E+1	-4,3243172E-1	0,0000000E+0	0,0000000E+0
3,9908303E+03	-2,8746204E-1	7,8124995E+1	-2,9862860E-1	-3,1904319E-1	-2,9879624E-1	-3,4215862E-1	7,8124995E+1	-4,3154697E-1	0,0000000E+0	0,0000000E+0
3,9925872E+03	-2,8691256E-1	7,8124995E+1	-2,9823745E-1	-3,1879174E-1	-2,9826539E-1	-3,4051949E-1	7,8124995E+1	-4,3016861E-1	0,0000000E+0	0,0000000E+0
3,9943401E+03	-2,8830955E-1	7,8124995E+1	-2,9822813E-1	-3,1840058E-1	-2,9793011E-1	-3,4094790E-1	7,8124995E+1	-4,2933042E-1	0,0000000E+0	0,0000000E+0
3,9960941E+03	-2,8863551E-1	7,8124995E+1	-2,9813500E-1	-3,1809324E-1	-2,9764140E-1	-3,4063125E-1	7,8124995E+1	-4,2843635E-1	0,0000000E+0	0,0000000E+0
3,9978499E+03	-2,8884971E-1	7,8124995E+1	-2,9785560E-1	-3,1782316E-1	-2,9734338E-1	-3,4051949E-1	7,8124995E+1	-4,2793344E-1	0,0000000E+0	0,0000000E+0
3,9996070E+03	-2,8856100E-1	7,8124995E+1	-2,9792080E-1	-3,1779522E-1	-2,9718505E-1	-3,4059400E-1	7,8124995E+1	-4,2791481E-1	0,0000000E+0	0,0000000E+0
4,0013629E+03	-2,8776007E-1	7,8124995E+1	-2,9792080E-1	-3,1785110E-1	-2,9703604E-1	-3,4051949E-1	7,8124995E+1	-4,2794275E-1	0,0000000E+0	0,0000000E+0
4,0031191E+03	-2,8772281E-1	7,8124995E+1	-2,9784629E-1	-3,1781385E-1	-2,9706398E-1	-3,4051018E-1	7,8124995E+1	-4,2801725E-1	0,0000000E+0	0,0000000E+0
4,0048749E+03	-2,8717333E-1	7,8124995E+1	-2,9795805E-1	-3,1802805E-1	-2,9699879E-1	-3,4051949E-1	7,8124995E+1	-4,2814764E-1	0,0000000E+0	0,0000000E+0
4,0066289E+03	-2,8728509E-1	7,8124995E+1	-2,9780904E-1	-3,1786041E-1	-2,9691497E-1	-3,4057537E-1	7,8124995E+1	-4,2825009E-1	0,0000000E+0	0,0000000E+0
4,0083836E+03	-2,8702432E-1	7,8124995E+1	-2,9788354E-1	-3,1809324E-1	-2,9711055E-1	-3,4058469E-1	7,8124995E+1	-4,2845498E-1	0,0000000E+0	0,0000000E+0
4,0101393E+03	-2,8703363E-1	7,8124995E+1	-2,9794874E-1	-3,1817706E-1	-2,9705467E-1	-3,4063125E-1	7,8124995E+1	-4,2869712E-1	0,0000000E+0	0,0000000E+0
4,0118915E+03	-2,8703363E-1	7,8124995E+1	-2,9798599E-1	-3,1816775E-1	-2,9708261E-1	-3,4069644E-1	7,8124995E+1	-4,2883682E-1	0,0000000E+0	0,0000000E+0
4,0136465E+03	-2,8717333E-1	7,8124995E+1	-2,9797668E-1	-3,1832607E-1	-2,9714780E-1	-3,4080820E-1	7,8124995E+1	-4,2902308E-1	0,0000000E+0	0,0000000E+0
4,0154006E+03	-2,8704295E-1	7,8124995E+1	-2,9803255E-1	-3,1833539E-1	-2,9714780E-1	-3,4080820E-1	7,8124995E+1	-4,2929317E-1	0,0000000E+0	0,0000000E+0
